,Algorithm,Duration,SHD,SID,PR AUC,ROC AUC,F1,Accuracy,BDeu,BIC
0,<cdt.causality.graph.PC.PC object at 0x00000227CE0E8040>,2.6220967769622803,6.0,18.0,0.5989583333333334,0.7988505747126435,0.5714285714285715,0.90625,-53446.19412906836,-53663.04705904729
1,<cdt.causality.graph.GES.GES object at 0x00000227CE0D3F10>,0.8910465240478516,4.0,7.0,0.7369791666666667,0.8908045977011495,0.7142857142857143,0.9375,-55730.82477133229,-56349.47446736728
2,<cdt.causality.graph.CCDr.CCDr object at 0x00000227CE0DBD30>,1.7979702949523926,4.0,6.0,0.6979166666666667,0.6666666666666666,0.5,0.9375,-161121.16576091148,-161179.45845066215
3,<cdt.causality.graph.bnlearn.GS object at 0x00000227CE0DBD60>,0.8333694934844971,4.0,6.0,0.8,0.9655172413793103,0.7499999999999999,0.9375,-55686.576529884696,-58250.94407745423
4,<cdt.causality.graph.bnlearn.MMPC object at 0x00000227E70422E0>,0.7978966236114502,10.0,24.0,0.6875,0.9137931034482758,0.5454545454545454,0.84375,-29517.834095106955,-33123.715405396055
5,<cdt.causality.graph.bnlearn.IAMB object at 0x00000227E4D5C2E0>,0.816002368927002,4.0,6.0,0.8,0.9655172413793103,0.7499999999999999,0.9375,-55686.576529884696,-58250.94407745423
6,<cdt.causality.graph.bnlearn.Fast_IAMB object at 0x00000227E4D5C2B0>,0.8090028762817383,4.0,6.0,0.8,0.9655172413793103,0.7499999999999999,0.9375,-55686.576529884696,-58250.94407745423
7,<cdt.causality.graph.bnlearn.Inter_IAMB object at 0x00000227E71E2A60>,0.8246166706085205,4.0,6.0,0.8,0.9655172413793103,0.7499999999999999,0.9375,-55686.576529884696,-58250.94407745423
