,Algorithm,Duration,SHD,SID,PR AUC,ROC AUC,F1,Accuracy,BDeu,BIC
0,<cdt.causality.graph.PC.PC object at 0x00000227CE0E8040>,2.7895913124084473,6.0,18.0,0.5989583333333334,0.7988505747126435,0.5714285714285715,0.90625,-53668.45926629017,-53885.33396501633
1,<cdt.causality.graph.GES.GES object at 0x00000227CE0D3F10>,0.8967223167419434,10.0,8.0,0.32291666666666663,0.6149425287356322,0.28571428571428575,0.84375,-111159.79389673262,-112066.56564019727
2,<cdt.causality.graph.CCDr.CCDr object at 0x00000227CE0DBD30>,1.7901830673217773,4.0,6.0,0.6979166666666667,0.6666666666666666,0.5,0.9375,-160857.3863167919,-160915.6615795944
3,<cdt.causality.graph.bnlearn.GS object at 0x00000227CE0DBD60>,0.8312962055206299,4.0,6.0,0.8,0.9655172413793103,0.7499999999999999,0.9375,-55688.70934879877,-58253.07806289451
4,<cdt.causality.graph.bnlearn.MMPC object at 0x00000227E70422E0>,0.8770289421081543,10.0,24.0,0.6875,0.9137931034482758,0.5454545454545454,0.84375,-29761.91871606675,-33367.864878398155
5,<cdt.causality.graph.bnlearn.IAMB object at 0x00000227E4D5C2E0>,0.9490032196044922,4.0,6.0,0.8,0.9655172413793103,0.7499999999999999,0.9375,-55688.70934879877,-58253.07806289451
6,<cdt.causality.graph.bnlearn.Fast_IAMB object at 0x00000227E4D5C2B0>,0.8470053672790527,4.0,6.0,0.8,0.9655172413793103,0.7499999999999999,0.9375,-55688.70934879877,-58253.07806289451
7,<cdt.causality.graph.bnlearn.Inter_IAMB object at 0x00000227E71E2A60>,0.9230546951293945,4.0,6.0,0.8,0.9655172413793103,0.7499999999999999,0.9375,-55688.70934879877,-58253.07806289451
