,Algorithm,Duration,SHD,SID,PR AUC,ROC AUC,F1,Accuracy,BDeu,BIC
0,<cdt.causality.graph.PC.PC object at 0x0000025678888040>,2.6691198348999023,6.0,18.0,0.5989583333333334,0.7988505747126435,0.5714285714285715,0.90625,-53702.07448899363,-53918.99884865644
1,<cdt.causality.graph.GES.GES object at 0x0000025678873F10>,0.8738863468170166,6.0,7.0,0.5989583333333334,0.7988505747126435,0.5714285714285715,0.90625,-83445.36923631586,-84208.08002398061
2,<cdt.causality.graph.CCDr.CCDr object at 0x000002567887BD30>,1.8110129833221436,4.0,6.0,0.6979166666666667,0.6666666666666666,0.5,0.9375,-160670.20871287817,-160728.45314444616
3,<cdt.causality.graph.bnlearn.GS object at 0x000002567887BD60>,0.8120160102844238,4.0,6.0,0.8,0.9655172413793103,0.7499999999999999,0.9375,-55686.407817448926,-58250.77541809381
4,<cdt.causality.graph.bnlearn.MMPC object at 0x00000256815A2310>,0.7890393733978271,10.0,24.0,0.6875,0.9137931034482758,0.5454545454545454,0.84375,-29871.11897602021,-33477.129514944114
5,<cdt.causality.graph.bnlearn.IAMB object at 0x000002567F4EC310>,0.8190388679504395,4.0,6.0,0.8,0.9655172413793103,0.7499999999999999,0.9375,-55686.407817448926,-58250.77541809381
6,<cdt.causality.graph.bnlearn.Fast_IAMB object at 0x000002567F4EC2E0>,0.8060038089752197,4.0,6.0,0.8,0.9655172413793103,0.7499999999999999,0.9375,-55686.407817448926,-58250.77541809381
7,<cdt.causality.graph.bnlearn.Inter_IAMB object at 0x0000025681962A90>,0.8195462226867676,4.0,6.0,0.8,0.9655172413793103,0.7499999999999999,0.9375,-55686.407817448926,-58250.77541809381
