,Algorithm,Duration,SHD,SID,PR AUC,ROC AUC,F1,Accuracy,BDeu,BIC
0,<cdt.causality.graph.PC.PC object at 0x00000227CE0E8040>,2.7070014476776123,6.0,18.0,0.5989583333333334,0.7988505747126435,0.5714285714285715,0.90625,-53558.84294856714,-53775.742266640664
1,<cdt.causality.graph.GES.GES object at 0x00000227CE0D3F10>,0.8711075782775879,8.0,6.0,0.5489583333333333,0.7816091954022988,0.5,0.875,-126977.78498409194,-129879.07119786793
2,<cdt.causality.graph.CCDr.CCDr object at 0x00000227CE0DBD30>,2.133222818374634,4.0,6.0,0.6979166666666667,0.6666666666666666,0.5,0.9375,-160866.01677220964,-160924.27937601684
3,<cdt.causality.graph.bnlearn.GS object at 0x00000227CE0DBD60>,0.9269990921020508,4.0,6.0,0.8,0.9655172413793103,0.7499999999999999,0.9375,-55688.73165348316,-58253.099710128095
4,<cdt.causality.graph.bnlearn.MMPC object at 0x00000227E70422E0>,0.8535315990447998,10.0,24.0,0.6875,0.9137931034482758,0.5454545454545454,0.84375,-29703.610174788453,-33309.56496918747
5,<cdt.causality.graph.bnlearn.IAMB object at 0x00000227E4D5C2E0>,0.9049997329711914,4.0,6.0,0.8,0.9655172413793103,0.7499999999999999,0.9375,-55688.73165348316,-58253.099710128095
6,<cdt.causality.graph.bnlearn.Fast_IAMB object at 0x00000227E4D5C2B0>,0.8720972537994385,4.0,6.0,0.8,0.9655172413793103,0.7499999999999999,0.9375,-55688.73165348316,-58253.099710128095
7,<cdt.causality.graph.bnlearn.Inter_IAMB object at 0x00000227E71E2A60>,0.8880176544189453,4.0,6.0,0.8,0.9655172413793103,0.7499999999999999,0.9375,-55688.73165348316,-58253.099710128095
