,Algorithm,Duration,SHD,SID,PR AUC,ROC AUC,F1,Accuracy,BDeu,BIC
0,<cdt.causality.graph.PC.PC object at 0x0000025678888040>,2.663954496383667,6.0,18.0,0.5989583333333334,0.7988505747126435,0.5714285714285715,0.90625,-53640.758593165534,-53857.66473480275
1,<cdt.causality.graph.GES.GES object at 0x0000025678873F10>,0.8743000030517578,8.0,7.0,0.4609375,0.7068965517241379,0.42857142857142855,0.875,-111159.00572251478,-112065.7768091459
2,<cdt.causality.graph.CCDr.CCDr object at 0x000002567887BD30>,1.808257818222046,4.0,6.0,0.6979166666666667,0.6666666666666666,0.5,0.9375,-160835.82003991058,-160894.07170822463
3,<cdt.causality.graph.bnlearn.GS object at 0x000002567887BD60>,0.8300015926361084,4.0,6.0,0.8,0.9655172413793103,0.7499999999999999,0.9375,-55686.559465179336,-58250.927329702914
4,<cdt.causality.graph.bnlearn.MMPC object at 0x00000256815A2310>,0.8012940883636475,10.0,24.0,0.6875,0.9137931034482758,0.5454545454545454,0.84375,-29757.388485907533,-33363.35541685475
5,<cdt.causality.graph.bnlearn.IAMB object at 0x000002567F4EC310>,0.8059995174407959,4.0,6.0,0.8,0.9655172413793103,0.7499999999999999,0.9375,-55686.559465179336,-58250.927329702914
6,<cdt.causality.graph.bnlearn.Fast_IAMB object at 0x000002567F4EC2E0>,0.8090000152587891,4.0,6.0,0.8,0.9655172413793103,0.7499999999999999,0.9375,-55686.559465179336,-58250.927329702914
7,<cdt.causality.graph.bnlearn.Inter_IAMB object at 0x0000025681962A90>,0.8130044937133789,4.0,6.0,0.8,0.9655172413793103,0.7499999999999999,0.9375,-55686.559465179336,-58250.927329702914
