,Algorithm,Duration,SHD,SID,PR AUC,ROC AUC,F1,Accuracy,BDeu,BIC
0,<cdt.causality.graph.PC.PC object at 0x00000227CE0E8040>,2.6632065773010254,6.0,18.0,0.5989583333333334,0.7988505747126435,0.5714285714285715,0.90625,-53499.13434395786,-53716.02185408682
1,<cdt.causality.graph.GES.GES object at 0x00000227CE0D3F10>,0.8770039081573486,4.0,7.0,0.7369791666666667,0.8908045977011495,0.7142857142857143,0.9375,-55732.850110323474,-56351.49951455306
2,<cdt.causality.graph.CCDr.CCDr object at 0x00000227CE0DBD30>,1.8021342754364014,4.0,6.0,0.6979166666666667,0.6666666666666666,0.5,0.9375,-160935.83856724913,-160994.11341035034
3,<cdt.causality.graph.bnlearn.GS object at 0x00000227CE0DBD60>,0.8181393146514893,4.0,6.0,0.8,0.9655172413793103,0.7499999999999999,0.9375,-55688.601616545246,-58252.96912464001
4,<cdt.causality.graph.bnlearn.MMPC object at 0x00000227E70422E0>,0.8322155475616455,10.0,24.0,0.6875,0.9137931034482758,0.5454545454545454,0.84375,-29639.310707058874,-33245.24388348169
5,<cdt.causality.graph.bnlearn.IAMB object at 0x00000227E4D5C2E0>,0.813546895980835,4.0,6.0,0.8,0.9655172413793103,0.7499999999999999,0.9375,-55688.601616545246,-58252.96912464001
6,<cdt.causality.graph.bnlearn.Fast_IAMB object at 0x00000227E4D5C2B0>,0.8060474395751953,4.0,6.0,0.8,0.9655172413793103,0.7499999999999999,0.9375,-55688.601616545246,-58252.96912464001
7,<cdt.causality.graph.bnlearn.Inter_IAMB object at 0x00000227E71E2A60>,0.8080148696899414,4.0,6.0,0.8,0.9655172413793103,0.7499999999999999,0.9375,-55688.601616545246,-58252.96912464001
