,Algorithm,Duration,SHD,SID,PR AUC,ROC AUC,F1,Accuracy,BDeu,BIC
0,<cdt.causality.graph.PC.PC object at 0x00000227CE0E8040>,2.6796088218688965,6.0,18.0,0.5989583333333334,0.7988505747126435,0.5714285714285715,0.90625,-53863.589298174586,-54080.4517657103
1,<cdt.causality.graph.GES.GES object at 0x00000227CE0D3F10>,0.874859094619751,4.0,7.0,0.7369791666666667,0.8908045977011495,0.7142857142857143,0.9375,-55731.380868732216,-56350.03114342979
2,<cdt.causality.graph.CCDr.CCDr object at 0x00000227CE0DBD30>,1.807042121887207,4.0,6.0,0.6979166666666667,0.6666666666666666,0.5,0.9375,-160842.4237242014,-160900.6908229151
3,<cdt.causality.graph.bnlearn.GS object at 0x00000227CE0DBD60>,0.8190410137176514,4.0,6.0,0.8,0.9655172413793103,0.7499999999999999,0.9375,-55687.13259994316,-58251.50075351674
4,<cdt.causality.graph.bnlearn.MMPC object at 0x00000227E70422E0>,0.7912580966949463,10.0,24.0,0.6875,0.9137931034482758,0.5454545454545454,0.84375,-29865.709383893613,-33471.6563698448
5,<cdt.causality.graph.bnlearn.IAMB object at 0x00000227E4D5C2E0>,0.8130760192871094,4.0,6.0,0.8,0.9655172413793103,0.7499999999999999,0.9375,-55687.13259994316,-58251.50075351674
6,<cdt.causality.graph.bnlearn.Fast_IAMB object at 0x00000227E4D5C2B0>,0.8070459365844727,4.0,6.0,0.8,0.9655172413793103,0.7499999999999999,0.9375,-55687.13259994316,-58251.50075351674
7,<cdt.causality.graph.bnlearn.Inter_IAMB object at 0x00000227E71E2A60>,0.8180263042449951,4.0,6.0,0.8,0.9655172413793103,0.7499999999999999,0.9375,-55687.13259994316,-58251.50075351674
