,Algorithm,Duration,SHD,SID,PR AUC,ROC AUC,F1,Accuracy,BDeu,BIC
0,<cdt.causality.graph.PC.PC object at 0x00000227CE0E8040>,2.795064687728882,6.0,18.0,0.5989583333333334,0.7988505747126435,0.5714285714285715,0.90625,-53432.01968751718,-53648.92411556447
1,<cdt.causality.graph.GES.GES object at 0x00000227CE0D3F10>,0.9465289115905762,8.0,9.0,0.5489583333333333,0.7816091954022988,0.5,0.875,-83400.52582909213,-86108.955451709
2,<cdt.causality.graph.CCDr.CCDr object at 0x00000227CE0DBD30>,1.9111747741699219,4.0,6.0,0.6979166666666667,0.6666666666666666,0.5,0.9375,-160945.206314019,-161003.47308050861
3,<cdt.causality.graph.bnlearn.GS object at 0x00000227CE0DBD60>,0.8839986324310303,4.0,6.0,0.8,0.9655172413793103,0.7499999999999999,0.9375,-55685.18444645424,-58249.55202492618
4,<cdt.causality.graph.bnlearn.MMPC object at 0x00000227E70422E0>,0.996999979019165,10.0,24.0,0.6875,0.9137931034482758,0.5454545454545454,0.84375,-29597.623264682246,-33203.56053428976
5,<cdt.causality.graph.bnlearn.IAMB object at 0x00000227E4D5C2E0>,0.9420609474182129,4.0,6.0,0.8,0.9655172413793103,0.7499999999999999,0.9375,-55685.18444645424,-58249.55202492618
6,<cdt.causality.graph.bnlearn.Fast_IAMB object at 0x00000227E4D5C2B0>,0.9151148796081543,4.0,6.0,0.8,0.9655172413793103,0.7499999999999999,0.9375,-55685.18444645424,-58249.55202492618
7,<cdt.causality.graph.bnlearn.Inter_IAMB object at 0x00000227E71E2A60>,1.0830020904541016,4.0,6.0,0.8,0.9655172413793103,0.7499999999999999,0.9375,-55685.18444645424,-58249.55202492618
