,Algorithm,Duration,SHD,SID,PR AUC,ROC AUC,F1,Accuracy,BDeu,BIC
0,<cdt.causality.graph.PC.PC object at 0x00000227CE0E8040>,3.050567388534546,6.0,18.0,0.5989583333333334,0.7988505747126435,0.5714285714285715,0.90625,-53314.10128236971,-53531.004584219874
1,<cdt.causality.graph.GES.GES object at 0x00000227CE0D3F10>,0.9668755531311035,8.0,9.0,0.5489583333333333,0.7816091954022988,0.5,0.875,-83400.32571625203,-86108.75365064737
2,<cdt.causality.graph.CCDr.CCDr object at 0x00000227CE0DBD30>,1.9231843948364258,4.0,6.0,0.6979166666666667,0.6666666666666666,0.5,0.9375,-160975.40470804062,-161033.67948564596
3,<cdt.causality.graph.bnlearn.GS object at 0x00000227CE0DBD60>,0.8390402793884277,4.0,6.0,0.8,0.9655172413793103,0.7499999999999999,0.9375,-55686.659272955454,-58251.02713653042
4,<cdt.causality.graph.bnlearn.MMPC object at 0x00000227E70422E0>,0.7974622249603271,10.0,24.0,0.6875,0.9137931034482758,0.5454545454545454,0.84375,-29524.448509611684,-33130.37837176665
5,<cdt.causality.graph.bnlearn.IAMB object at 0x00000227E4D5C2E0>,0.81600022315979,4.0,6.0,0.8,0.9655172413793103,0.7499999999999999,0.9375,-55686.659272955454,-58251.02713653042
6,<cdt.causality.graph.bnlearn.Fast_IAMB object at 0x00000227E4D5C2B0>,0.8152074813842773,4.0,6.0,0.8,0.9655172413793103,0.7499999999999999,0.9375,-55686.659272955454,-58251.02713653042
7,<cdt.causality.graph.bnlearn.Inter_IAMB object at 0x00000227E71E2A60>,0.8170533180236816,4.0,6.0,0.8,0.9655172413793103,0.7499999999999999,0.9375,-55686.659272955454,-58251.02713653042
