,Algorithm,Duration,SHD,SID,PR AUC,ROC AUC,F1,Accuracy,BDeu,BIC
0,<cdt.causality.graph.PC.PC object at 0x00000227CE0E8040>,2.8324038982391357,6.0,18.0,0.5989583333333334,0.7988505747126435,0.5714285714285715,0.90625,-53476.827106904224,-53693.72900052741
1,<cdt.causality.graph.GES.GES object at 0x00000227CE0D3F10>,0.9420287609100342,2.0,6.0,0.875,0.9827586206896552,0.8571428571428571,0.96875,-55732.41140262362,-56351.06029912214
2,<cdt.causality.graph.CCDr.CCDr object at 0x00000227CE0DBD30>,1.9859793186187744,4.0,6.0,0.6979166666666667,0.6666666666666666,0.5,0.9375,-160905.04892963677,-160963.31653325047
3,<cdt.causality.graph.bnlearn.GS object at 0x00000227CE0DBD60>,0.8529729843139648,4.0,6.0,0.8,0.9655172413793103,0.7499999999999999,0.9375,-55688.16280465765,-58252.529909209086
4,<cdt.causality.graph.bnlearn.MMPC object at 0x00000227E70422E0>,0.8089885711669922,10.0,24.0,0.6875,0.9137931034482758,0.5454545454545454,0.84375,-29643.501672210157,-33249.45815264112
5,<cdt.causality.graph.bnlearn.IAMB object at 0x00000227E4D5C2E0>,0.851001501083374,4.0,6.0,0.8,0.9655172413793103,0.7499999999999999,0.9375,-55688.16280465765,-58252.529909209086
6,<cdt.causality.graph.bnlearn.Fast_IAMB object at 0x00000227E4D5C2B0>,0.8438529968261719,4.0,6.0,0.8,0.9655172413793103,0.7499999999999999,0.9375,-55688.16280465765,-58252.529909209086
7,<cdt.causality.graph.bnlearn.Inter_IAMB object at 0x00000227E71E2A60>,0.8290061950683594,4.0,6.0,0.8,0.9655172413793103,0.7499999999999999,0.9375,-55688.16280465765,-58252.529909209086
