,Algorithm,Duration,SHD,SID,PR AUC,ROC AUC,F1,Accuracy,BDeu,BIC
0,<cdt.causality.graph.PC.PC object at 0x0000017358728040>,1.8319981098175049,6.0,12.0,0.4479166666666667,0.6494252873563219,0.4,0.90625,-2745.511812673277,-2811.8346103292406
1,<cdt.causality.graph.GES.GES object at 0x0000017358713F10>,0.7741260528564453,6.0,2.0,0.5989583333333334,0.7988505747126435,0.5714285714285715,0.90625,-3745.846574330366,-4359.456518239734
2,<cdt.causality.graph.CCDr.CCDr object at 0x000001735871BD30>,1.1889925003051758,4.0,6.0,0.6979166666666667,0.6666666666666666,0.5,0.9375,-4097.920594566982,-4139.382450051707
3,<cdt.causality.graph.bnlearn.GS object at 0x000001735871BD60>,0.31800150871276855,4.0,6.0,0.8,0.9655172413793103,0.7499999999999999,0.9375,-1547.5435135348725,-3141.7511077282006
4,<cdt.causality.graph.bnlearn.MMPC object at 0x00000173714322E0>,0.3251497745513916,10.0,24.0,0.6875,0.9137931034482758,0.5454545454545454,0.84375,-938.57169917533,-3170.656566558534
5,<cdt.causality.graph.bnlearn.IAMB object at 0x000001736F37C2E0>,0.37599778175354004,4.0,6.0,0.8,0.9655172413793103,0.7499999999999999,0.9375,-1547.5435135348725,-3141.7511077282006
6,<cdt.causality.graph.bnlearn.Fast_IAMB object at 0x000001736F37C2B0>,0.32340312004089355,4.0,6.0,0.8,0.9655172413793103,0.7499999999999999,0.9375,-1547.5435135348725,-3141.7511077282006
7,<cdt.causality.graph.bnlearn.Inter_IAMB object at 0x0000017371822A60>,0.3192744255065918,4.0,6.0,0.8,0.9655172413793103,0.7499999999999999,0.9375,-1547.5435135348725,-3141.7511077282006
