,Algorithm,Duration,SHD,SID,PR AUC,ROC AUC,F1,Accuracy,BDeu,BIC
0,<cdt.causality.graph.PC.PC object at 0x000001F5D3058040>,1.7672364711761475,6.0,12.0,0.4479166666666667,0.6494252873563219,0.4,0.90625,-2766.5098571541084,-2832.986518723499
1,<cdt.causality.graph.GES.GES object at 0x000001F5D3043F10>,0.7571001052856445,6.0,6.0,0.5989583333333334,0.7988505747126435,0.5714285714285715,0.90625,-2950.053395939567,-3501.1468471946873
2,<cdt.causality.graph.CCDr.CCDr object at 0x000001F5D304BD30>,1.1280486583709717,4.0,6.0,0.6979166666666667,0.6666666666666666,0.5,0.9375,-4121.2261220649,-4162.873368682528
3,<cdt.causality.graph.bnlearn.GS object at 0x000001F5D304BD60>,0.3164496421813965,4.0,6.0,0.8,0.9655172413793103,0.7499999999999999,0.9375,-1546.5608974688198,-3140.7388605895203
4,<cdt.causality.graph.bnlearn.MMPC object at 0x000001F5EBD82310>,0.30718421936035156,10.0,24.0,0.6875,0.9137931034482758,0.5454545454545454,0.84375,-925.2630631199418,-3157.100892668952
5,<cdt.causality.graph.bnlearn.IAMB object at 0x000001F5E9CCC310>,0.3460378646850586,4.0,6.0,0.8,0.9655172413793103,0.7499999999999999,0.9375,-1546.5608974688198,-3140.7388605895203
6,<cdt.causality.graph.bnlearn.Fast_IAMB object at 0x000001F5E9CCC2E0>,0.3169994354248047,4.0,6.0,0.8,0.9655172413793103,0.7499999999999999,0.9375,-1546.5608974688198,-3140.7388605895203
7,<cdt.causality.graph.bnlearn.Inter_IAMB object at 0x000001F5EC162A90>,0.31912994384765625,4.0,6.0,0.8,0.9655172413793103,0.7499999999999999,0.9375,-1546.5608974688198,-3140.7388605895203
