,Algorithm,Duration,SHD,SID,PR AUC,ROC AUC,F1,Accuracy,BDeu,BIC
0,<cdt.causality.graph.PC.PC object at 0x0000017358728040>,2.0349981784820557,6.0,12.0,0.4479166666666667,0.6494252873563219,0.4,0.90625,-2782.2318158211474,-2848.833640441535
1,<cdt.causality.graph.GES.GES object at 0x0000017358713F10>,0.8219039440155029,3.0,6.0,0.8333333333333333,0.9741379310344828,0.8,0.953125,-1658.0675074252124,-2745.646607810946
2,<cdt.causality.graph.CCDr.CCDr object at 0x000001735871BD30>,1.2291085720062256,4.0,6.0,0.6979166666666667,0.6666666666666666,0.5,0.9375,-4134.560657190703,-4176.300411682089
3,<cdt.causality.graph.bnlearn.GS object at 0x000001735871BD60>,0.3149738311767578,4.0,6.0,0.8,0.9655172413793103,0.7499999999999999,0.9375,-1549.1523626452904,-3143.381526109966
4,<cdt.causality.graph.bnlearn.MMPC object at 0x00000173714322E0>,0.3139958381652832,10.0,24.0,0.6875,0.9137931034482758,0.5454545454545454,0.84375,-919.1850442228979,-3150.935617207352
5,<cdt.causality.graph.bnlearn.IAMB object at 0x000001736F37C2E0>,0.313007116317749,4.0,6.0,0.8,0.9655172413793103,0.7499999999999999,0.9375,-1549.1523626452904,-3143.381526109966
6,<cdt.causality.graph.bnlearn.Fast_IAMB object at 0x000001736F37C2B0>,0.31856393814086914,4.0,6.0,0.8,0.9655172413793103,0.7499999999999999,0.9375,-1549.1523626452904,-3143.381526109966
7,<cdt.causality.graph.bnlearn.Inter_IAMB object at 0x0000017371822A60>,0.3190946578979492,4.0,6.0,0.8,0.9655172413793103,0.7499999999999999,0.9375,-1549.1523626452904,-3143.381526109966
