,Algorithm,Duration,SHD,SID,PR AUC,ROC AUC,F1,Accuracy,BDeu,BIC
0,<cdt.causality.graph.PC.PC object at 0x0000017358728040>,1.781128168106079,6.0,12.0,0.4479166666666667,0.6494252873563219,0.4,0.90625,-2743.018496058827,-2809.342186366146
1,<cdt.causality.graph.GES.GES object at 0x0000017358713F10>,0.774071216583252,8.0,8.0,0.4609375,0.7068965517241379,0.42857142857142855,0.875,-2256.152836867282,-2721.226955876144
2,<cdt.causality.graph.CCDr.CCDr object at 0x000001735871BD30>,1.1551151275634766,4.0,6.0,0.6979166666666667,0.6666666666666666,0.5,0.9375,-4096.862810206717,-4138.3449213778395
3,<cdt.causality.graph.bnlearn.GS object at 0x000001735871BD60>,0.31624579429626465,4.0,6.0,0.8,0.9655172413793103,0.7499999999999999,0.9375,-1544.1524616523827,-3138.3361024956475
4,<cdt.causality.graph.bnlearn.MMPC object at 0x00000173714322E0>,0.3082449436187744,10.0,24.0,0.6875,0.9137931034482758,0.5454545454545454,0.84375,-929.9035467730453,-3162.1459426740803
5,<cdt.causality.graph.bnlearn.IAMB object at 0x000001736F37C2E0>,0.31406235694885254,4.0,6.0,0.8,0.9655172413793103,0.7499999999999999,0.9375,-1544.1524616523827,-3138.3361024956475
6,<cdt.causality.graph.bnlearn.Fast_IAMB object at 0x000001736F37C2B0>,0.32406067848205566,4.0,6.0,0.8,0.9655172413793103,0.7499999999999999,0.9375,-1544.1524616523827,-3138.3361024956475
7,<cdt.causality.graph.bnlearn.Inter_IAMB object at 0x0000017371822A60>,0.31726622581481934,4.0,6.0,0.8,0.9655172413793103,0.7499999999999999,0.9375,-1544.1524616523827,-3138.3361024956475
