,Algorithm,Duration,SHD,SID,PR AUC,ROC AUC,F1,Accuracy,BDeu,BIC
0,<cdt.causality.graph.PC.PC object at 0x0000017358728040>,1.7672135829925537,6.0,12.0,0.4479166666666667,0.6494252873563219,0.4,0.90625,-2748.596960059197,-2814.9521905220918
1,<cdt.causality.graph.GES.GES object at 0x0000017358713F10>,0.7570765018463135,6.0,8.0,0.6744791666666666,0.8735632183908046,0.625,0.90625,-2237.1732354346227,-3917.4080057691626
2,<cdt.causality.graph.CCDr.CCDr object at 0x000001735871BD30>,1.1396615505218506,4.0,6.0,0.6979166666666667,0.6666666666666666,0.5,0.9375,-4102.427752081697,-4143.941012383039
3,<cdt.causality.graph.bnlearn.GS object at 0x000001735871BD60>,0.31952452659606934,8.0,6.0,0.7142857142857143,0.9310344827586207,0.6,0.875,-1601.4607650109267,-3495.34737105751
4,<cdt.causality.graph.bnlearn.MMPC object at 0x00000173714322E0>,0.3120129108428955,10.0,24.0,0.6875,0.9137931034482758,0.5454545454545454,0.84375,-933.6286706471578,-3165.6764714576493
5,<cdt.causality.graph.bnlearn.IAMB object at 0x000001736F37C2E0>,0.3149991035461426,4.0,6.0,0.8,0.9655172413793103,0.7499999999999999,0.9375,-1546.220858671464,-3140.403617331326
6,<cdt.causality.graph.bnlearn.Fast_IAMB object at 0x000001736F37C2B0>,0.31400465965270996,4.0,6.0,0.8,0.9655172413793103,0.7499999999999999,0.9375,-1546.220858671464,-3140.403617331326
7,<cdt.causality.graph.bnlearn.Inter_IAMB object at 0x0000017371822A60>,0.3168187141418457,4.0,6.0,0.8,0.9655172413793103,0.7499999999999999,0.9375,-1546.220858671464,-3140.403617331326
