,Algorithm,Duration,SHD,SID,PR AUC,ROC AUC,F1,Accuracy,BDeu,BIC
0,<cdt.causality.graph.PC.PC object at 0x0000017358728040>,1.779616355895996,6.0,12.0,0.4479166666666667,0.6494252873563219,0.4,0.90625,-2722.324324510736,-2788.5740777980172
1,<cdt.causality.graph.GES.GES object at 0x0000017358713F10>,0.7651190757751465,4.0,4.0,0.7369791666666667,0.8908045977011495,0.7142857142857143,0.9375,-2639.4523379834236,-3135.9252383869884
2,<cdt.causality.graph.CCDr.CCDr object at 0x000001735871BD30>,1.1402208805084229,4.0,6.0,0.6979166666666667,0.6666666666666666,0.5,0.9375,-4073.864957287199,-4115.241005542583
3,<cdt.causality.graph.bnlearn.GS object at 0x000001735871BD60>,0.3149995803833008,4.0,6.0,0.8,0.9655172413793103,0.7499999999999999,0.9375,-1542.7701839175372,-3136.980915025476
4,<cdt.causality.graph.bnlearn.MMPC object at 0x00000173714322E0>,0.307999849319458,10.0,24.0,0.6875,0.9137931034482758,0.5454545454545454,0.84375,-950.3927691646934,-3182.7981836614954
5,<cdt.causality.graph.bnlearn.IAMB object at 0x000001736F37C2E0>,0.31453394889831543,4.0,6.0,0.8,0.9655172413793103,0.7499999999999999,0.9375,-1542.7701839175372,-3136.980915025476
6,<cdt.causality.graph.bnlearn.Fast_IAMB object at 0x000001736F37C2B0>,0.3156096935272217,4.0,6.0,0.8,0.9655172413793103,0.7499999999999999,0.9375,-1542.7701839175372,-3136.980915025476
7,<cdt.causality.graph.bnlearn.Inter_IAMB object at 0x0000017371822A60>,0.314774751663208,4.0,6.0,0.8,0.9655172413793103,0.7499999999999999,0.9375,-1542.7701839175372,-3136.980915025476
