,Algorithm,Duration,SHD,SID,PR AUC,ROC AUC,F1,Accuracy,BDeu,BIC
0,<cdt.causality.graph.PC.PC object at 0x0000017358728040>,1.872626543045044,6.0,12.0,0.4479166666666667,0.6494252873563219,0.4,0.90625,-2742.58399901378,-2809.0044109123205
1,<cdt.causality.graph.GES.GES object at 0x0000017358713F10>,0.8320596218109131,6.0,4.0,0.5989583333333334,0.7988505747126435,0.5714285714285715,0.90625,-3335.5097497530533,-3918.043618929478
2,<cdt.causality.graph.CCDr.CCDr object at 0x000001735871BD30>,1.2642359733581543,4.0,6.0,0.6979166666666667,0.6666666666666666,0.5,0.9375,-4092.939864903582,-4134.470157153641
3,<cdt.causality.graph.bnlearn.GS object at 0x000001735871BD60>,0.32347679138183594,4.0,6.0,0.8,0.9655172413793103,0.7499999999999999,0.9375,-1549.639138667027,-3143.9133242656635
4,<cdt.causality.graph.bnlearn.MMPC object at 0x00000173714322E0>,0.3108229637145996,10.0,24.0,0.6875,0.9137931034482758,0.5454545454545454,0.84375,-950.5637615143942,-3182.8005426762184
5,<cdt.causality.graph.bnlearn.IAMB object at 0x000001736F37C2E0>,0.32701969146728516,4.0,6.0,0.8,0.9655172413793103,0.7499999999999999,0.9375,-1549.639138667027,-3143.9133242656635
6,<cdt.causality.graph.bnlearn.Fast_IAMB object at 0x000001736F37C2B0>,0.3269979953765869,4.0,6.0,0.8,0.9655172413793103,0.7499999999999999,0.9375,-1549.639138667027,-3143.9133242656635
7,<cdt.causality.graph.bnlearn.Inter_IAMB object at 0x0000017371822A60>,0.3202075958251953,4.0,6.0,0.8,0.9655172413793103,0.7499999999999999,0.9375,-1549.639138667027,-3143.9133242656635
