,Algorithm,Duration,SHD,SID,PR AUC,ROC AUC,F1,Accuracy,BDeu,BIC
0,<cdt.causality.graph.PC.PC object at 0x000001F5D3058040>,1.7560770511627197,6.0,12.0,0.4479166666666667,0.6494252873563219,0.4,0.90625,-2775.9665069274524,-2842.4669354314856
1,<cdt.causality.graph.GES.GES object at 0x000001F5D3043F10>,0.757244348526001,6.0,4.0,0.5989583333333334,0.7988505747126435,0.5714285714285715,0.90625,-3333.2086337955216,-3915.7208362222627
2,<cdt.causality.graph.CCDr.CCDr object at 0x000001F5D304BD30>,1.1313467025756836,4.0,6.0,0.6979166666666667,0.6666666666666666,0.5,0.9375,-4128.787375085971,-4170.4325113047125
3,<cdt.causality.graph.bnlearn.GS object at 0x000001F5D304BD60>,0.3144800662994385,4.0,6.0,0.8,0.9655172413793103,0.7499999999999999,0.9375,-1545.5936921798532,-3139.8015705113203
4,<cdt.causality.graph.bnlearn.MMPC object at 0x000001F5EBD82310>,0.3051140308380127,10.0,24.0,0.6875,0.9137931034482758,0.5454545454545454,0.84375,-900.049636557809,-3131.862587565939
5,<cdt.causality.graph.bnlearn.IAMB object at 0x000001F5E9CCC310>,0.3150162696838379,4.0,6.0,0.8,0.9655172413793103,0.7499999999999999,0.9375,-1545.5936921798532,-3139.8015705113203
6,<cdt.causality.graph.bnlearn.Fast_IAMB object at 0x000001F5E9CCC2E0>,0.3210432529449463,4.0,6.0,0.8,0.9655172413793103,0.7499999999999999,0.9375,-1545.5936921798532,-3139.8015705113203
7,<cdt.causality.graph.bnlearn.Inter_IAMB object at 0x000001F5EC162A90>,0.31755948066711426,4.0,6.0,0.8,0.9655172413793103,0.7499999999999999,0.9375,-1545.5936921798532,-3139.8015705113203
