,Algorithm,Duration,SHD,SID,PR AUC,ROC AUC,F1,Accuracy,BDeu,BIC
0,<cdt.causality.graph.PC.PC object at 0x0000017358728040>,1.8764312267303467,6.0,12.0,0.4479166666666667,0.6494252873563219,0.4,0.90625,-2772.765959126787,-2839.2293785643965
1,<cdt.causality.graph.GES.GES object at 0x0000017358713F10>,0.8087489604949951,8.0,5.0,0.4609375,0.7068965517241379,0.42857142857142855,0.875,-3342.5220426716787,-3924.889984876104
2,<cdt.causality.graph.CCDr.CCDr object at 0x000001735871BD30>,1.231919527053833,4.0,6.0,0.6979166666666667,0.6666666666666666,0.5,0.9375,-4126.446341090139,-4168.065735398612
3,<cdt.causality.graph.bnlearn.GS object at 0x000001735871BD60>,0.32234787940979004,4.0,6.0,0.8,0.9655172413793103,0.7499999999999999,0.9375,-1548.656849332075,-3142.8518370338106
4,<cdt.causality.graph.bnlearn.MMPC object at 0x00000173714322E0>,0.3124725818634033,10.0,24.0,0.6875,0.9137931034482758,0.5454545454545454,0.84375,-915.9669903049758,-3147.8553767690046
5,<cdt.causality.graph.bnlearn.IAMB object at 0x000001736F37C2E0>,0.326000452041626,4.0,6.0,0.8,0.9655172413793103,0.7499999999999999,0.9375,-1548.656849332075,-3142.8518370338106
6,<cdt.causality.graph.bnlearn.Fast_IAMB object at 0x000001736F37C2B0>,0.3330824375152588,4.0,6.0,0.8,0.9655172413793103,0.7499999999999999,0.9375,-1548.656849332075,-3142.8518370338106
7,<cdt.causality.graph.bnlearn.Inter_IAMB object at 0x0000017371822A60>,0.3289930820465088,4.0,6.0,0.8,0.9655172413793103,0.7499999999999999,0.9375,-1548.656849332075,-3142.8518370338106
