,Algorithm,Duration,SHD,SID,PR AUC,ROC AUC,F1,Accuracy,BDeu,BIC
0,<cdt.causality.graph.PC.PC object at 0x0000017358728040>,1.830582857131958,6.0,12.0,0.4479166666666667,0.6494252873563219,0.4,0.90625,-2777.0190130081096,-2843.6361024164376
1,<cdt.causality.graph.GES.GES object at 0x0000017358713F10>,0.8026690483093262,5.0,4.0,0.7022569444444444,0.8821839080459771,0.6666666666666667,0.921875,-2724.5017550833304,-3745.6444092781276
2,<cdt.causality.graph.CCDr.CCDr object at 0x000001735871BD30>,1.1650416851043701,4.0,6.0,0.6979166666666667,0.6666666666666666,0.5,0.9375,-4126.733119520314,-4168.452798232717
3,<cdt.causality.graph.bnlearn.GS object at 0x000001735871BD60>,0.3459963798522949,4.0,6.0,0.8,0.9655172413793103,0.7499999999999999,0.9375,-1548.4938101814496,-3142.76050335929
4,<cdt.causality.graph.bnlearn.MMPC object at 0x00000173714322E0>,0.3087904453277588,10.0,24.0,0.6875,0.9137931034482758,0.5454545454545454,0.84375,-907.0839346121488,-3138.921527375149
5,<cdt.causality.graph.bnlearn.IAMB object at 0x000001736F37C2E0>,0.34299755096435547,4.0,6.0,0.8,0.9655172413793103,0.7499999999999999,0.9375,-1548.4938101814496,-3142.76050335929
6,<cdt.causality.graph.bnlearn.Fast_IAMB object at 0x000001736F37C2B0>,0.3280022144317627,4.0,6.0,0.8,0.9655172413793103,0.7499999999999999,0.9375,-1548.4938101814496,-3142.76050335929
7,<cdt.causality.graph.bnlearn.Inter_IAMB object at 0x0000017371822A60>,0.32615017890930176,4.0,6.0,0.8,0.9655172413793103,0.7499999999999999,0.9375,-1548.4938101814496,-3142.76050335929
