,Algorithm,Duration,SHD,SID,PR AUC,ROC AUC,F1,Accuracy,BDeu,BIC
0,<cdt.causality.graph.PC.PC object at 0x0000022682B68040>,3.8526387214660645,6.0,18.0,0.5989583333333334,0.7988505747126435,0.5714285714285715,0.90625,-133396.26213700557,-133632.396226431
1,<cdt.causality.graph.GES.GES object at 0x0000022682B53F10>,0.9240531921386719,6.0,8.0,0.6744791666666666,0.8735632183908046,0.625,0.90625,-208183.0923713767,-211146.93561021268
2,<cdt.causality.graph.CCDr.CCDr object at 0x0000022682B5BD30>,2.9473018646240234,4.0,6.0,0.6979166666666667,0.6666666666666666,0.5,0.9375,-401992.75317170896,-402055.149087948
3,<cdt.causality.graph.bnlearn.GS object at 0x0000022682B5BD60>,1.0630319118499756,4.0,6.0,0.8,0.9655172413793103,0.7499999999999999,0.9375,-138881.20907411078,-141686.56094447226
4,<cdt.causality.graph.bnlearn.MMPC object at 0x000002269BA822E0>,0.9770591259002686,10.0,24.0,0.6875,0.9137931034482758,0.5454545454545454,0.84375,-73831.56146920845,-77778.82406213242
5,<cdt.causality.graph.bnlearn.IAMB object at 0x00000226995BC2E0>,1.016653299331665,4.0,6.0,0.8,0.9655172413793103,0.7499999999999999,0.9375,-138881.20907411078,-141686.56094447226
6,<cdt.causality.graph.bnlearn.Fast_IAMB object at 0x00000226995BC2B0>,1.017998456954956,4.0,6.0,0.8,0.9655172413793103,0.7499999999999999,0.9375,-138881.20907411078,-141686.56094447226
7,<cdt.causality.graph.bnlearn.Inter_IAMB object at 0x000002269BC32A60>,1.021003246307373,4.0,6.0,0.8,0.9655172413793103,0.7499999999999999,0.9375,-138881.20907411078,-141686.56094447226
