,Algorithm,Duration,SHD,SID,PR AUC,ROC AUC,F1,Accuracy,BDeu,BIC
0,<cdt.causality.graph.PC.PC object at 0x000001995BA68040>,4.10728120803833,6.0,18.0,0.5989583333333334,0.7988505747126435,0.5714285714285715,0.90625,-133556.9541040985,-133793.09016537972
1,<cdt.causality.graph.GES.GES object at 0x000001995BA53F10>,1.0553526878356934,4.0,4.0,0.7369791666666667,0.8908045977011495,0.7142857142857143,0.9375,-247877.35974490776,-248767.2053828325
2,<cdt.causality.graph.CCDr.CCDr object at 0x000001995BA5BD30>,2.8842954635620117,4.0,6.0,0.6979166666666667,0.6666666666666666,0.5,0.9375,-401897.6727273906,-401960.0656449875
3,<cdt.causality.graph.bnlearn.GS object at 0x000001995BA5BD60>,1.0300543308258057,4.0,6.0,0.8,0.9655172413793103,0.7499999999999999,0.9375,-138882.98390073207,-141688.33567438423
4,<cdt.causality.graph.bnlearn.MMPC object at 0x0000019974792310>,1.0129714012145996,10.0,24.0,0.6875,0.9137931034482758,0.5454545454545454,0.84375,-73961.94930271711,-77909.23104649008
5,<cdt.causality.graph.bnlearn.IAMB object at 0x00000199726DC310>,1.0110437870025635,4.0,6.0,0.8,0.9655172413793103,0.7499999999999999,0.9375,-138882.98390073207,-141688.33567438423
6,<cdt.causality.graph.bnlearn.Fast_IAMB object at 0x00000199726DC2E0>,1.0100469589233398,4.0,6.0,0.8,0.9655172413793103,0.7499999999999999,0.9375,-138882.98390073207,-141688.33567438423
7,<cdt.causality.graph.bnlearn.Inter_IAMB object at 0x0000019974B62A90>,1.0230810642242432,4.0,6.0,0.8,0.9655172413793103,0.7499999999999999,0.9375,-138882.98390073207,-141688.33567438423
