,Algorithm,Duration,SHD,SID,PR AUC,ROC AUC,F1,Accuracy,BDeu,BIC
0,<cdt.causality.graph.PC.PC object at 0x0000022682B68040>,4.023688554763794,6.0,18.0,0.5989583333333334,0.7988505747126435,0.5714285714285715,0.90625,-133700.57646665705,-133936.71597578868
1,<cdt.causality.graph.GES.GES object at 0x0000022682B53F10>,1.0879364013671875,4.0,6.0,0.7369791666666667,0.8908045977011495,0.7142857142857143,0.9375,-208235.7212603637,-209072.41930360126
2,<cdt.causality.graph.CCDr.CCDr object at 0x0000022682B5BD30>,2.896834135055542,4.0,6.0,0.6979166666666667,0.6666666666666666,0.5,0.9375,-401819.4632249311,-401881.8480198554
3,<cdt.causality.graph.bnlearn.GS object at 0x0000022682B5BD60>,1.105043649673462,4.0,6.0,0.8,0.9655172413793103,0.7499999999999999,0.9375,-138884.23518087936,-141689.58707420103
4,<cdt.causality.graph.bnlearn.MMPC object at 0x000002269BA822E0>,0.973052978515625,10.0,24.0,0.6875,0.9137931034482758,0.5454545454545454,0.84375,-74073.8309950481,-78021.10973528176
5,<cdt.causality.graph.bnlearn.IAMB object at 0x00000226995BC2E0>,1.0779798030853271,4.0,6.0,0.8,0.9655172413793103,0.7499999999999999,0.9375,-138884.23518087936,-141689.58707420103
6,<cdt.causality.graph.bnlearn.Fast_IAMB object at 0x00000226995BC2B0>,1.056053876876831,4.0,6.0,0.8,0.9655172413793103,0.7499999999999999,0.9375,-138884.23518087936,-141689.58707420103
7,<cdt.causality.graph.bnlearn.Inter_IAMB object at 0x000002269BC32A60>,1.1238951683044434,4.0,6.0,0.8,0.9655172413793103,0.7499999999999999,0.9375,-138884.23518087936,-141689.58707420103
