,Algorithm,Duration,SHD,SID,PR AUC,ROC AUC,F1,Accuracy,BDeu,BIC
0,<cdt.causality.graph.PC.PC object at 0x000001995BA68040>,4.007873773574829,6.0,18.0,0.5989583333333334,0.7988505747126435,0.5714285714285715,0.90625,-133536.2304344743,-133772.351689409
1,<cdt.causality.graph.GES.GES object at 0x000001995BA53F10>,1.063779354095459,4.0,4.0,0.7369791666666667,0.8908045977011495,0.7142857142857143,0.9375,-247878.16920214746,-248768.0155161332
2,<cdt.causality.graph.CCDr.CCDr object at 0x000001995BA5BD30>,2.870377779006958,4.0,6.0,0.6979166666666667,0.6666666666666666,0.5,0.9375,-402050.11652388534,-402112.51572210516
3,<cdt.causality.graph.bnlearn.GS object at 0x000001995BA5BD60>,1.0459983348846436,4.0,6.0,0.8,0.9655172413793103,0.7499999999999999,0.9375,-138885.1289739476,-141690.4811949911
4,<cdt.causality.graph.bnlearn.MMPC object at 0x0000019974792310>,1.0810024738311768,10.0,24.0,0.6875,0.9137931034482758,0.5454545454545454,0.84375,-73876.14287798683,-77823.39918664476
5,<cdt.causality.graph.bnlearn.IAMB object at 0x00000199726DC310>,1.0585312843322754,4.0,6.0,0.8,0.9655172413793103,0.7499999999999999,0.9375,-138885.1289739476,-141690.4811949911
6,<cdt.causality.graph.bnlearn.Fast_IAMB object at 0x00000199726DC2E0>,1.0382893085479736,4.0,6.0,0.8,0.9655172413793103,0.7499999999999999,0.9375,-138885.1289739476,-141690.4811949911
7,<cdt.causality.graph.bnlearn.Inter_IAMB object at 0x0000019974B62A90>,1.076200008392334,4.0,6.0,0.8,0.9655172413793103,0.7499999999999999,0.9375,-138885.1289739476,-141690.4811949911
