,Algorithm,Duration,SHD,SID,PR AUC,ROC AUC,F1,Accuracy,BDeu,BIC
0,<cdt.causality.graph.PC.PC object at 0x0000022682B68040>,4.2661051750183105,6.0,18.0,0.5989583333333334,0.7988505747126435,0.5714285714285715,0.90625,-133366.99006542593,-133603.15913127322
1,<cdt.causality.graph.GES.GES object at 0x0000022682B53F10>,1.0950462818145752,4.0,6.0,0.7369791666666667,0.8908045977011495,0.7142857142857143,0.9375,-208235.3083439566,-209072.00640881917
2,<cdt.causality.graph.CCDr.CCDr object at 0x0000022682B5BD30>,3.002330780029297,4.0,6.0,0.6979166666666667,0.6666666666666666,0.5,0.9375,-401735.2954422149,-401797.67040497833
3,<cdt.causality.graph.bnlearn.GS object at 0x0000022682B5BD60>,1.0650105476379395,4.0,6.0,0.8,0.9655172413793103,0.7499999999999999,0.9375,-138884.2114260454,-141689.5634672916
4,<cdt.causality.graph.bnlearn.MMPC object at 0x000002269BA822E0>,1.022040843963623,10.0,24.0,0.6875,0.9137931034482758,0.5454545454545454,0.84375,-73948.5128375559,-77895.81272561444
5,<cdt.causality.graph.bnlearn.IAMB object at 0x00000226995BC2E0>,1.0915424823760986,4.0,6.0,0.8,0.9655172413793103,0.7499999999999999,0.9375,-138884.2114260454,-141689.5634672916
6,<cdt.causality.graph.bnlearn.Fast_IAMB object at 0x00000226995BC2B0>,1.0469048023223877,4.0,6.0,0.8,0.9655172413793103,0.7499999999999999,0.9375,-138884.2114260454,-141689.5634672916
7,<cdt.causality.graph.bnlearn.Inter_IAMB object at 0x000002269BC32A60>,1.047100305557251,4.0,6.0,0.8,0.9655172413793103,0.7499999999999999,0.9375,-138884.2114260454,-141689.5634672916
