,Algorithm,Duration,SHD,SID,PR AUC,ROC AUC,F1,Accuracy,BDeu,BIC
0,<cdt.causality.graph.PC.PC object at 0x0000022682B68040>,4.187265396118164,6.0,18.0,0.5989583333333334,0.7988505747126435,0.5714285714285715,0.90625,-133579.71090424305,-133815.86191142446
1,<cdt.causality.graph.GES.GES object at 0x0000022682B53F10>,1.0964598655700684,6.0,8.0,0.5989583333333334,0.7988505747126435,0.5714285714285715,0.90625,-138934.53116156394,-139612.7383822368
2,<cdt.causality.graph.CCDr.CCDr object at 0x0000022682B5BD30>,3.007023572921753,4.0,6.0,0.6979166666666667,0.6666666666666666,0.5,0.9375,-401777.49684004346,-401839.8777041249
3,<cdt.causality.graph.bnlearn.GS object at 0x0000022682B5BD60>,1.0775818824768066,4.0,6.0,0.8,0.9655172413793103,0.7499999999999999,0.9375,-138884.78375765722,-141690.13581284357
4,<cdt.causality.graph.bnlearn.MMPC object at 0x000002269BA822E0>,1.021087646484375,10.0,24.0,0.6875,0.9137931034482758,0.5454545454545454,0.84375,-74034.97142003966,-77982.25954760659
5,<cdt.causality.graph.bnlearn.IAMB object at 0x00000226995BC2E0>,1.062546968460083,4.0,6.0,0.8,0.9655172413793103,0.7499999999999999,0.9375,-138884.78375765722,-141690.13581284357
6,<cdt.causality.graph.bnlearn.Fast_IAMB object at 0x00000226995BC2B0>,1.009002923965454,4.0,6.0,0.8,0.9655172413793103,0.7499999999999999,0.9375,-138884.78375765722,-141690.13581284357
7,<cdt.causality.graph.bnlearn.Inter_IAMB object at 0x000002269BC32A60>,1.0810589790344238,4.0,6.0,0.8,0.9655172413793103,0.7499999999999999,0.9375,-138884.78375765722,-141690.13581284357
