,Algorithm,Duration,SHD,SID,PR AUC,ROC AUC,F1,Accuracy,BDeu,BIC
0,<cdt.causality.graph.PC.PC object at 0x0000022682B68040>,3.877166271209717,6.0,18.0,0.5989583333333334,0.7988505747126435,0.5714285714285715,0.90625,-133308.8826656656,-133544.97470573598
1,<cdt.causality.graph.GES.GES object at 0x0000022682B53F10>,0.9100122451782227,8.0,5.0,0.4609375,0.7068965517241379,0.42857142857142855,0.875,-317040.6123542284,-318088.9579162988
2,<cdt.causality.graph.CCDr.CCDr object at 0x0000022682B5BD30>,2.8892581462860107,4.0,6.0,0.6979166666666667,0.6666666666666666,0.5,0.9375,-402396.93885201693,-402459.35953628155
3,<cdt.causality.graph.bnlearn.GS object at 0x0000022682B5BD60>,1.0290091037750244,4.0,6.0,0.8,0.9655172413793103,0.7499999999999999,0.9375,-138884.60320439318,-141689.9557530472
4,<cdt.causality.graph.bnlearn.MMPC object at 0x000002269BA822E0>,0.9674375057220459,10.0,24.0,0.6875,0.9137931034482758,0.5454545454545454,0.84375,-73588.03492428531,-77535.24531071166
5,<cdt.causality.graph.bnlearn.IAMB object at 0x00000226995BC2E0>,1.0106761455535889,4.0,6.0,0.8,0.9655172413793103,0.7499999999999999,0.9375,-138884.60320439318,-141689.9557530472
6,<cdt.causality.graph.bnlearn.Fast_IAMB object at 0x00000226995BC2B0>,0.9980614185333252,4.0,6.0,0.8,0.9655172413793103,0.7499999999999999,0.9375,-138884.60320439318,-141689.9557530472
7,<cdt.causality.graph.bnlearn.Inter_IAMB object at 0x000002269BC32A60>,1.0140986442565918,4.0,6.0,0.8,0.9655172413793103,0.7499999999999999,0.9375,-138884.60320439318,-141689.9557530472
