,Algorithm,Duration,SHD,SID,PR AUC,ROC AUC,F1,Accuracy,BDeu,BIC
0,<cdt.causality.graph.PC.PC object at 0x0000022682B68040>,4.036291599273682,6.0,18.0,0.5989583333333334,0.7988505747126435,0.5714285714285715,0.90625,-133175.09801044787,-133411.24317490694
1,<cdt.causality.graph.GES.GES object at 0x0000022682B53F10>,0.9161510467529297,6.0,6.0,0.5989583333333334,0.7988505747126435,0.5714285714285715,0.90625,-277533.43453748204,-278528.6240316845
2,<cdt.causality.graph.CCDr.CCDr object at 0x0000022682B5BD30>,2.8625268936157227,4.0,6.0,0.6979166666666667,0.6666666666666666,0.5,0.9375,-402017.5496950964,-402079.94498366636
3,<cdt.causality.graph.bnlearn.GS object at 0x0000022682B5BD60>,1.0585858821868896,11.0,15.0,0.6764705882352942,0.9051724137931034,0.5217391304347826,0.828125,-101609.64510851548,-108141.60315997027
4,<cdt.causality.graph.bnlearn.MMPC object at 0x000002269BA822E0>,0.9901008605957031,14.0,24.0,0.65,0.8793103448275862,0.4615384615384615,0.78125,-68841.49218304084,-75944.37414822452
5,<cdt.causality.graph.bnlearn.IAMB object at 0x00000226995BC2E0>,1.003983974456787,11.0,15.0,0.6764705882352942,0.9051724137931034,0.5217391304347826,0.828125,-101609.64510851548,-108141.60315997027
6,<cdt.causality.graph.bnlearn.Fast_IAMB object at 0x00000226995BC2B0>,1.00408935546875,11.0,15.0,0.6764705882352942,0.9051724137931034,0.5217391304347826,0.828125,-101609.64510851548,-108141.60315997027
7,<cdt.causality.graph.bnlearn.Inter_IAMB object at 0x000002269BC32A60>,1.0219836235046387,11.0,15.0,0.6764705882352942,0.9051724137931034,0.5217391304347826,0.828125,-101609.64510851548,-108141.60315997027
