,Algorithm,Duration,SHD,SID,PR AUC,ROC AUC,F1,Accuracy,BDeu,BIC
0,<cdt.causality.graph.PC.PC object at 0x0000022682B68040>,4.2640204429626465,6.0,18.0,0.5989583333333334,0.7988505747126435,0.5714285714285715,0.90625,-133974.28595002502,-134210.4352450265
1,<cdt.causality.graph.GES.GES object at 0x0000022682B53F10>,1.1081476211547852,6.0,5.0,0.5989583333333334,0.7988505747126435,0.5714285714285715,0.90625,-247800.4459301518,-248690.2953595996
2,<cdt.causality.graph.CCDr.CCDr object at 0x0000022682B5BD30>,2.9080591201782227,4.0,6.0,0.6979166666666667,0.6666666666666666,0.5,0.9375,-401613.8574657634,-401676.2315849043
3,<cdt.causality.graph.bnlearn.GS object at 0x0000022682B5BD60>,1.0264005661010742,4.0,6.0,0.8,0.9655172413793103,0.7499999999999999,0.9375,-138882.87407780037,-141688.22586088808
4,<cdt.causality.graph.bnlearn.MMPC object at 0x000002269BA822E0>,0.9919707775115967,10.0,24.0,0.6875,0.9137931034482758,0.5454545454545454,0.84375,-74312.34201786981,-78259.64296840999
5,<cdt.causality.graph.bnlearn.IAMB object at 0x00000226995BC2E0>,1.0430407524108887,4.0,6.0,0.8,0.9655172413793103,0.7499999999999999,0.9375,-138882.87407780037,-141688.22586088808
6,<cdt.causality.graph.bnlearn.Fast_IAMB object at 0x00000226995BC2B0>,1.0136797428131104,4.0,6.0,0.8,0.9655172413793103,0.7499999999999999,0.9375,-138882.87407780037,-141688.22586088808
7,<cdt.causality.graph.bnlearn.Inter_IAMB object at 0x000002269BC32A60>,1.0414090156555176,4.0,6.0,0.8,0.9655172413793103,0.7499999999999999,0.9375,-138882.87407780037,-141688.22586088808
