,Algorithm,Duration,SHD,SID,PR AUC,ROC AUC,F1,Accuracy,BDeu,BIC
0,<cdt.causality.graph.PC.PC object at 0x0000022682B68040>,3.934417247772217,6.0,18.0,0.5989583333333334,0.7988505747126435,0.5714285714285715,0.90625,-133776.7239653833,-134012.89170321185
1,<cdt.causality.graph.GES.GES object at 0x0000022682B53F10>,1.0480155944824219,4.0,6.0,0.7369791666666667,0.8908045977011495,0.7142857142857143,0.9375,-208232.12056712108,-209068.8184216831
2,<cdt.causality.graph.CCDr.CCDr object at 0x0000022682B5BD30>,2.8821964263916016,4.0,6.0,0.6979166666666667,0.6666666666666666,0.5,0.9375,-401521.62036947155,-401583.9902037264
3,<cdt.causality.graph.bnlearn.GS object at 0x0000022682B5BD60>,1.0530977249145508,4.0,6.0,0.8,0.9655172413793103,0.7499999999999999,0.9375,-138882.4940480183,-141687.84604959525
4,<cdt.causality.graph.bnlearn.MMPC object at 0x000002269BA822E0>,0.9705028533935547,10.0,24.0,0.6875,0.9137931034482758,0.5454545454545454,0.84375,-74258.42836091924,-78205.75156399322
5,<cdt.causality.graph.bnlearn.IAMB object at 0x00000226995BC2E0>,1.023998737335205,4.0,6.0,0.8,0.9655172413793103,0.7499999999999999,0.9375,-138882.4940480183,-141687.84604959525
6,<cdt.causality.graph.bnlearn.Fast_IAMB object at 0x00000226995BC2B0>,1.010099172592163,4.0,6.0,0.8,0.9655172413793103,0.7499999999999999,0.9375,-138882.4940480183,-141687.84604959525
7,<cdt.causality.graph.bnlearn.Inter_IAMB object at 0x000002269BC32A60>,1.0189144611358643,4.0,6.0,0.8,0.9655172413793103,0.7499999999999999,0.9375,-138882.4940480183,-141687.84604959525
