,Algorithm,Score,No. of calls,SHD,SID,PR AUC,ROC AUC,F1,Accuracy,BDeu,BIC
0,hc,bde,360.0,4.0,0.0,0.875,0.9918032786885246,0.8571428571428571,0.984375,-111162.9541171202,-115936.32624624505
1,hc,bic,300.0,0.0,0.0,1.0,1.0,1.0,1.0,-111179.60746275385,-112399.55554340621
2,tabu,bde,631.0,4.0,0.0,0.875,0.9918032786885246,0.8571428571428571,0.984375,-111162.9541171202,-115936.32624624505
3,tabu,bic,571.0,0.0,0.0,1.0,1.0,1.0,1.0,-111179.60746275385,-112399.55554340621
