,Algorithm,Duration,SHD,SID,PR AUC,ROC AUC,F1,Accuracy,BDeu,BIC
0,<cdt.causality.graph.PC.PC object at 0x00000218D3178040>,1.7391064167022705,6.0,12.0,0.4479166666666667,0.6494252873563219,0.4,0.90625,-613.1327016272708,-664.4275348600626
1,<cdt.causality.graph.GES.GES object at 0x00000218D3163F10>,0.7598457336425781,4.0,6.0,0.7369791666666667,0.8908045977011495,0.7142857142857143,0.9375,-553.8886468493492,-889.983061433531
2,<cdt.causality.graph.CCDr.CCDr object at 0x00000218D316BD30>,1.1398746967315674,4.0,6.0,0.6979166666666667,0.6666666666666666,0.5,0.9375,-864.7161807230327,-898.2645755269575
3,<cdt.causality.graph.bnlearn.GS object at 0x00000218D316BD60>,0.29708123207092285,4.0,6.0,0.8,0.9655172413793103,0.7499999999999999,0.9375,-404.24285502191503,-1575.2301033252343
4,<cdt.causality.graph.bnlearn.MMPC object at 0x00000218EBEA22E0>,0.2980484962463379,10.0,24.0,0.6875,0.9137931034482758,0.5454545454545454,0.84375,-294.56240658885787,-1928.5870729357232
5,<cdt.causality.graph.bnlearn.IAMB object at 0x00000218E9E0C2E0>,0.30199742317199707,4.0,6.0,0.8,0.9655172413793103,0.7499999999999999,0.9375,-404.24285502191503,-1575.2301033252343
6,<cdt.causality.graph.bnlearn.Fast_IAMB object at 0x00000218E9E0C2B0>,0.29749536514282227,4.0,6.0,0.8,0.9655172413793103,0.7499999999999999,0.9375,-404.24285502191503,-1575.2301033252343
7,<cdt.causality.graph.bnlearn.Inter_IAMB object at 0x00000218EC262A60>,0.298140287399292,4.0,6.0,0.8,0.9655172413793103,0.7499999999999999,0.9375,-404.24285502191503,-1575.2301033252343
