,Algorithm,Duration,SHD,SID,PR AUC,ROC AUC,F1,Accuracy,BDeu,BIC
0,<cdt.causality.graph.PC.PC object at 0x00000218D3178040>,1.7426483631134033,6.0,12.0,0.4479166666666667,0.6494252873563219,0.4,0.90625,-610.2850494568855,-661.7635264394098
1,<cdt.causality.graph.GES.GES object at 0x00000218D3163F10>,0.7580282688140869,6.0,8.0,0.6744791666666666,0.8735632183908046,0.625,0.90625,-545.2310115432485,-1777.3215016261063
2,<cdt.causality.graph.CCDr.CCDr object at 0x00000218D316BD30>,1.1435909271240234,4.0,6.0,0.6979166666666667,0.6666666666666666,0.5,0.9375,-861.515939187098,-895.2282134500248
3,<cdt.causality.graph.bnlearn.GS object at 0x00000218D316BD60>,0.2966897487640381,4.0,6.0,0.8,0.9655172413793103,0.7499999999999999,0.9375,-406.0184754919881,-1577.0167430945885
4,<cdt.causality.graph.bnlearn.MMPC object at 0x00000218EBEA22E0>,0.29604554176330566,10.0,24.0,0.6875,0.9137931034482758,0.5454545454545454,0.84375,-316.3881391342055,-1949.9156790674201
5,<cdt.causality.graph.bnlearn.IAMB object at 0x00000218E9E0C2E0>,0.29399824142456055,4.0,6.0,0.8,0.9655172413793103,0.7499999999999999,0.9375,-406.0184754919881,-1577.0167430945885
6,<cdt.causality.graph.bnlearn.Fast_IAMB object at 0x00000218E9E0C2B0>,0.302579402923584,4.0,6.0,0.8,0.9655172413793103,0.7499999999999999,0.9375,-406.0184754919881,-1577.0167430945885
7,<cdt.causality.graph.bnlearn.Inter_IAMB object at 0x00000218EC262A60>,0.2956860065460205,4.0,6.0,0.8,0.9655172413793103,0.7499999999999999,0.9375,-406.0184754919881,-1577.0167430945885
