,Algorithm,Duration,SHD,SID,PR AUC,ROC AUC,F1,Accuracy,BDeu,BIC
0,<cdt.causality.graph.PC.PC object at 0x000001DD2E728040>,1.7901690006256104,6.0,12.0,0.4479166666666667,0.6494252873563219,0.4,0.90625,-590.5081853866877,-641.3626513518549
1,<cdt.causality.graph.GES.GES object at 0x000001DD2E713F10>,0.8576438426971436,10.0,8.0,0.515625,0.7643678160919538,0.4444444444444444,0.84375,-719.4367817374721,-2045.9081514642792
2,<cdt.causality.graph.CCDr.CCDr object at 0x000001DD2E71BD30>,1.1671669483184814,4.0,6.0,0.6979166666666667,0.6666666666666666,0.5,0.9375,-842.3586088290955,-875.4832673829782
3,<cdt.causality.graph.bnlearn.GS object at 0x000001DD2E71BD60>,0.2996954917907715,4.0,6.0,0.8,0.9655172413793103,0.7499999999999999,0.9375,-405.81602905111953,-1576.8994217471732
4,<cdt.causality.graph.bnlearn.MMPC object at 0x000001DD47642310>,0.2986156940460205,10.0,24.0,0.6875,0.9137931034482758,0.5454545454545454,0.84375,-319.64838806556793,-1955.4919054399281
5,<cdt.causality.graph.bnlearn.IAMB object at 0x000001DD4538C310>,0.30199766159057617,4.0,6.0,0.8,0.9655172413793103,0.7499999999999999,0.9375,-405.81602905111953,-1576.8994217471732
6,<cdt.causality.graph.bnlearn.Fast_IAMB object at 0x000001DD4538C2E0>,0.3229982852935791,4.0,6.0,0.8,0.9655172413793103,0.7499999999999999,0.9375,-405.81602905111953,-1576.8994217471732
7,<cdt.causality.graph.bnlearn.Inter_IAMB object at 0x000001DD47802A90>,0.32399749755859375,4.0,6.0,0.8,0.9655172413793103,0.7499999999999999,0.9375,-405.81602905111953,-1576.8994217471732
