,Algorithm,Duration,SHD,SID,PR AUC,ROC AUC,F1,Accuracy,BDeu,BIC
0,<cdt.causality.graph.PC.PC object at 0x00000218D3178040>,1.7404732704162598,6.0,12.0,0.4479166666666667,0.6494252873563219,0.4,0.90625,-608.8143624197799,-660.5495189742235
1,<cdt.causality.graph.GES.GES object at 0x00000218D3163F10>,0.7565226554870605,8.0,5.0,0.4609375,0.7068965517241379,0.42857142857142855,0.875,-768.0236662115341,-1189.4401846526102
2,<cdt.causality.graph.CCDr.CCDr object at 0x00000218D316BD30>,1.1357555389404297,4.0,6.0,0.6979166666666667,0.6666666666666666,0.5,0.9375,-858.0429403773662,-891.877034860221
3,<cdt.causality.graph.bnlearn.GS object at 0x00000218D316BD60>,0.3020002841949463,4.0,6.0,0.8,0.9655172413793103,0.7499999999999999,0.9375,-406.1689191590689,-1577.3919409607167
4,<cdt.causality.graph.bnlearn.MMPC object at 0x00000218EBEA22E0>,0.29212045669555664,10.0,24.0,0.6875,0.9137931034482758,0.5454545454545454,0.84375,-314.91791860915623,-1948.9849562611714
5,<cdt.causality.graph.bnlearn.IAMB object at 0x00000218E9E0C2E0>,0.2928783893585205,4.0,6.0,0.8,0.9655172413793103,0.7499999999999999,0.9375,-406.1689191590689,-1577.3919409607167
6,<cdt.causality.graph.bnlearn.Fast_IAMB object at 0x00000218E9E0C2B0>,0.301952600479126,4.0,6.0,0.8,0.9655172413793103,0.7499999999999999,0.9375,-406.1689191590689,-1577.3919409607167
7,<cdt.causality.graph.bnlearn.Inter_IAMB object at 0x00000218EC262A60>,0.2993025779724121,4.0,6.0,0.8,0.9655172413793103,0.7499999999999999,0.9375,-406.1689191590689,-1577.3919409607167
