,Algorithm,Duration,SHD,SID,PR AUC,ROC AUC,F1,Accuracy,BDeu,BIC
0,<cdt.causality.graph.PC.PC object at 0x00000218D3178040>,1.7505474090576172,6.0,12.0,0.4479166666666667,0.6494252873563219,0.4,0.90625,-610.0613033375662,-661.5481486039546
1,<cdt.causality.graph.GES.GES object at 0x00000218D3163F10>,0.7603342533111572,6.0,6.0,0.5989583333333334,0.7988505747126435,0.5714285714285715,0.90625,-695.4914512034768,-1093.24835801995
2,<cdt.causality.graph.CCDr.CCDr object at 0x00000218D316BD30>,1.1358532905578613,4.0,6.0,0.6979166666666667,0.6666666666666666,0.5,0.9375,-861.6194269088517,-895.3599463664744
3,<cdt.causality.graph.bnlearn.GS object at 0x00000218D316BD60>,0.297457218170166,4.0,6.0,0.8,0.9655172413793103,0.7499999999999999,0.9375,-406.7896886836086,-1577.8431092715723
4,<cdt.causality.graph.bnlearn.MMPC object at 0x00000218EBEA22E0>,0.29538798332214355,10.0,24.0,0.6875,0.9137931034482758,0.5454545454545454,0.84375,-312.7676366377576,-1946.6964017870855
5,<cdt.causality.graph.bnlearn.IAMB object at 0x00000218E9E0C2E0>,0.29924440383911133,4.0,6.0,0.8,0.9655172413793103,0.7499999999999999,0.9375,-406.7896886836086,-1577.8431092715723
6,<cdt.causality.graph.bnlearn.Fast_IAMB object at 0x00000218E9E0C2B0>,0.3020505905151367,4.0,6.0,0.8,0.9655172413793103,0.7499999999999999,0.9375,-406.7896886836086,-1577.8431092715723
7,<cdt.causality.graph.bnlearn.Inter_IAMB object at 0x00000218EC262A60>,0.3029615879058838,4.0,6.0,0.8,0.9655172413793103,0.7499999999999999,0.9375,-406.7896886836086,-1577.8431092715723
