,Algorithm,Duration,SHD,SID,PR AUC,ROC AUC,F1,Accuracy,BDeu,BIC
0,<cdt.causality.graph.PC.PC object at 0x00000218D3178040>,1.746246576309204,6.0,12.0,0.4479166666666667,0.6494252873563219,0.4,0.90625,-611.4096331759952,-663.009477648307
1,<cdt.causality.graph.GES.GES object at 0x00000218D3163F10>,0.7643864154815674,6.0,2.0,0.5989583333333334,0.7988505747126435,0.5714285714285715,0.90625,-850.1365407927387,-1294.308130856074
2,<cdt.causality.graph.CCDr.CCDr object at 0x00000218D316BD30>,1.148188829421997,4.0,6.0,0.6979166666666667,0.6666666666666666,0.5,0.9375,-862.5303693033659,-896.3500313492032
3,<cdt.causality.graph.bnlearn.GS object at 0x00000218D316BD60>,0.29700469970703125,4.0,6.0,0.8,0.9655172413793103,0.7499999999999999,0.9375,-406.9293721311086,-1577.9121545438793
4,<cdt.causality.graph.bnlearn.MMPC object at 0x00000218EBEA22E0>,0.3004488945007324,10.0,24.0,0.6875,0.9137931034482758,0.5454545454545454,0.84375,-321.54970450388606,-1954.7705862759908
5,<cdt.causality.graph.bnlearn.IAMB object at 0x00000218E9E0C2E0>,0.2991976737976074,4.0,6.0,0.8,0.9655172413793103,0.7499999999999999,0.9375,-406.9293721311086,-1577.9121545438793
6,<cdt.causality.graph.bnlearn.Fast_IAMB object at 0x00000218E9E0C2B0>,0.29801011085510254,4.0,6.0,0.8,0.9655172413793103,0.7499999999999999,0.9375,-406.9293721311086,-1577.9121545438793
7,<cdt.causality.graph.bnlearn.Inter_IAMB object at 0x00000218EC262A60>,0.3032872676849365,4.0,6.0,0.8,0.9655172413793103,0.7499999999999999,0.9375,-406.9293721311086,-1577.9121545438793
