,Algorithm,Duration,SHD,SID,PR AUC,ROC AUC,F1,Accuracy,BDeu,BIC
0,<cdt.causality.graph.PC.PC object at 0x000001DD2E728040>,1.7826108932495117,6.0,12.0,0.4479166666666667,0.6494252873563219,0.4,0.90625,-607.8886759833127,-659.2863854479917
1,<cdt.causality.graph.GES.GES object at 0x000001DD2E713F10>,0.8072142601013184,4.0,4.0,0.7369791666666667,0.8908045977011495,0.7142857142857143,0.9375,-639.4874232744287,-999.1194831065645
2,<cdt.causality.graph.CCDr.CCDr object at 0x000001DD2E71BD30>,1.3780019283294678,4.0,6.0,0.6979166666666667,0.6666666666666666,0.5,0.9375,-860.4333096634083,-894.1590086944975
3,<cdt.causality.graph.bnlearn.GS object at 0x000001DD2E71BD60>,0.3343780040740967,4.0,6.0,0.8,0.9655172413793103,0.7499999999999999,0.9375,-406.5719880753103,-1577.4768334191735
4,<cdt.causality.graph.bnlearn.MMPC object at 0x000001DD47642310>,0.2989208698272705,10.0,24.0,0.6875,0.9137931034482758,0.5454545454545454,0.84375,-313.2149258270646,-1947.0497030289696
5,<cdt.causality.graph.bnlearn.IAMB object at 0x000001DD4538C310>,0.3023056983947754,4.0,6.0,0.8,0.9655172413793103,0.7499999999999999,0.9375,-406.5719880753103,-1577.4768334191735
6,<cdt.causality.graph.bnlearn.Fast_IAMB object at 0x000001DD4538C2E0>,0.3066728115081787,4.0,6.0,0.8,0.9655172413793103,0.7499999999999999,0.9375,-406.5719880753103,-1577.4768334191735
7,<cdt.causality.graph.bnlearn.Inter_IAMB object at 0x000001DD47802A90>,0.3122401237487793,4.0,6.0,0.8,0.9655172413793103,0.7499999999999999,0.9375,-406.5719880753103,-1577.4768334191735
