,Algorithm,Duration,SHD,SID,PR AUC,ROC AUC,F1,Accuracy,BDeu,BIC
0,<cdt.causality.graph.PC.PC object at 0x00000218D3178040>,1.748000144958496,6.0,12.0,0.4479166666666667,0.6494252873563219,0.4,0.90625,-598.0864232681924,-649.3366449046287
1,<cdt.causality.graph.GES.GES object at 0x00000218D3163F10>,0.7510809898376465,6.0,2.0,0.5989583333333334,0.7988505747126435,0.5714285714285715,0.90625,-852.3619072636365,-1297.496251306505
2,<cdt.causality.graph.CCDr.CCDr object at 0x00000218D316BD30>,1.1353702545166016,4.0,6.0,0.6979166666666667,0.6666666666666666,0.5,0.9375,-847.7019319485121,-881.0526057305835
3,<cdt.causality.graph.bnlearn.GS object at 0x00000218D316BD60>,0.2982907295227051,4.0,6.0,0.8,0.9655172413793103,0.7499999999999999,0.9375,-405.62588053246577,-1576.8484985227174
4,<cdt.causality.graph.bnlearn.MMPC object at 0x00000218EBEA22E0>,0.2920656204223633,10.0,24.0,0.6875,0.9137931034482758,0.5454545454545454,0.84375,-319.1913899179023,-1954.2119320514519
5,<cdt.causality.graph.bnlearn.IAMB object at 0x00000218E9E0C2E0>,0.30101990699768066,4.0,6.0,0.8,0.9655172413793103,0.7499999999999999,0.9375,-405.62588053246577,-1576.8484985227174
6,<cdt.causality.graph.bnlearn.Fast_IAMB object at 0x00000218E9E0C2B0>,0.2980008125305176,4.0,6.0,0.8,0.9655172413793103,0.7499999999999999,0.9375,-405.62588053246577,-1576.8484985227174
7,<cdt.causality.graph.bnlearn.Inter_IAMB object at 0x00000218EC262A60>,0.30301737785339355,4.0,6.0,0.8,0.9655172413793103,0.7499999999999999,0.9375,-405.62588053246577,-1576.8484985227174
