,Algorithm,Duration,SHD,SID,PR AUC,ROC AUC,F1,Accuracy,BDeu,BIC
0,<cdt.causality.graph.PC.PC object at 0x00000218D3178040>,1.773432970046997,6.0,12.0,0.4479166666666667,0.6494252873563219,0.4,0.90625,-606.9570322045181,-658.3465515059822
1,<cdt.causality.graph.GES.GES object at 0x00000218D3163F10>,0.7510294914245605,8.0,5.0,0.4609375,0.7068965517241379,0.42857142857142855,0.875,-779.4170478431564,-1200.2264201997527
2,<cdt.causality.graph.CCDr.CCDr object at 0x00000218D316BD30>,1.1384522914886475,4.0,6.0,0.6979166666666667,0.6666666666666666,0.5,0.9375,-858.6694200410634,-892.3238254320465
3,<cdt.causality.graph.bnlearn.GS object at 0x00000218D316BD60>,0.2979593276977539,4.0,6.0,0.8,0.9655172413793103,0.7499999999999999,0.9375,-407.4642700976498,-1578.5068313648612
4,<cdt.causality.graph.bnlearn.MMPC object at 0x00000218EBEA22E0>,0.29523277282714844,10.0,24.0,0.6875,0.9137931034482758,0.5454545454545454,0.84375,-310.2614575318044,-1944.39548317294
5,<cdt.causality.graph.bnlearn.IAMB object at 0x00000218E9E0C2E0>,0.2999989986419678,4.0,6.0,0.8,0.9655172413793103,0.7499999999999999,0.9375,-407.4642700976498,-1578.5068313648612
6,<cdt.causality.graph.bnlearn.Fast_IAMB object at 0x00000218E9E0C2B0>,0.30295228958129883,4.0,6.0,0.8,0.9655172413793103,0.7499999999999999,0.9375,-407.4642700976498,-1578.5068313648612
7,<cdt.causality.graph.bnlearn.Inter_IAMB object at 0x00000218EC262A60>,0.29758572578430176,4.0,6.0,0.8,0.9655172413793103,0.7499999999999999,0.9375,-407.4642700976498,-1578.5068313648612
