,Algorithm,Duration,SHD,SID,PR AUC,ROC AUC,F1,Accuracy,BDeu,BIC
0,<cdt.causality.graph.PC.PC object at 0x000001F878EC8040>,2.861755609512329,20.0,68.0,0.42734374999999997,0.6372881355932203,0.37499999999999994,0.921875,-19015.859379442056,-19288.629855980773
1,<cdt.causality.graph.GES.GES object at 0x000001F881E022E0>,0.8147866725921631,17.0,14.0,0.6836745689655173,0.872457627118644,0.6530612244897959,0.93359375,-23833.333294789474,-246885.14601726888
2,<cdt.causality.graph.CCDr.CCDr object at 0x000001F878EBBD60>,1.4689364433288574,18.0,36.0,0.58515625,0.55,0.18181818181818182,0.9296875,-32450.771900133084,-32503.848458747987
3,<cdt.causality.graph.bnlearn.GS object at 0x000001F878EBBD30>,0.6312665939331055,12.0,13.0,0.7936197916666666,0.9516949152542372,0.7599999999999999,0.953125,-17904.23264242701,-139706.3693934485
4,<cdt.causality.graph.bnlearn.MMPC object at 0x000001F878EB3FA0>,0.47321033477783203,40.0,109.0,0.6407462284482758,0.8923728813559322,0.4871794871794871,0.84375,-13079.358843227537,-221599.65241916847
5,<cdt.causality.graph.bnlearn.IAMB object at 0x000001F87FB3C2B0>,0.6470506191253662,12.0,13.0,0.7936197916666666,0.9516949152542372,0.7599999999999999,0.953125,-17904.23264242701,-139706.3693934485
6,<cdt.causality.graph.bnlearn.Fast_IAMB object at 0x000001F87FB3C2E0>,0.6055307388305664,12.0,13.0,0.7936197916666666,0.9516949152542372,0.7599999999999999,0.953125,-17904.23264242701,-139706.3693934485
7,<cdt.causality.graph.bnlearn.Inter_IAMB object at 0x000001F881FB1A60>,0.6042580604553223,12.0,13.0,0.7936197916666666,0.9516949152542372,0.7599999999999999,0.953125,-17904.23264242701,-139706.3693934485
