,Algorithm,Duration,SHD,SID,PR AUC,ROC AUC,F1,Accuracy,BDeu,BIC
0,<cdt.causality.graph.PC.PC object at 0x000001F878EC8040>,2.791029930114746,20.0,68.0,0.42734374999999997,0.6372881355932203,0.37499999999999994,0.921875,-19227.38449372242,-19500.23332009357
1,<cdt.causality.graph.GES.GES object at 0x000001F881E022E0>,0.7900910377502441,17.0,7.0,0.7266335227272727,0.9182203389830508,0.679245283018868,0.93359375,-22625.695870399824,-243719.85540182376
2,<cdt.causality.graph.CCDr.CCDr object at 0x000001F878EBBD60>,1.4244368076324463,18.0,36.0,0.58515625,0.55,0.18181818181818182,0.9296875,-32530.17568789715,-32583.142092198068
3,<cdt.causality.graph.bnlearn.GS object at 0x000001F878EBBD30>,0.6215689182281494,19.0,16.0,0.7110491071428571,0.9139830508474576,0.6545454545454545,0.92578125,-17695.82164410577,-123950.54358037353
4,<cdt.causality.graph.bnlearn.MMPC object at 0x000001F878EB3FA0>,0.4990532398223877,42.0,108.0,0.6090786637931034,0.8652542372881356,0.4615384615384615,0.8359375,-13058.480826460702,-163089.3629603528
5,<cdt.causality.graph.bnlearn.IAMB object at 0x000001F87FB3C2B0>,0.6356775760650635,19.0,16.0,0.7110491071428571,0.9139830508474576,0.6545454545454545,0.92578125,-17695.82164410577,-123950.54358037353
6,<cdt.causality.graph.bnlearn.Fast_IAMB object at 0x000001F87FB3C2E0>,0.6400558948516846,19.0,16.0,0.7110491071428571,0.9139830508474576,0.6545454545454545,0.92578125,-17695.82164410577,-123950.54358037353
7,<cdt.causality.graph.bnlearn.Inter_IAMB object at 0x000001F881FB1A60>,0.6642699241638184,19.0,16.0,0.7110491071428571,0.9139830508474576,0.6545454545454545,0.92578125,-17695.82164410577,-123950.54358037353
