,Algorithm,Duration,SHD,SID,PR AUC,ROC AUC,F1,Accuracy,BDeu,BIC
0,<cdt.causality.graph.PC.PC object at 0x000001F878EC8040>,2.883240222930908,20.0,68.0,0.42734374999999997,0.6372881355932203,0.37499999999999994,0.921875,-19063.760163503288,-19337.350015893007
1,<cdt.causality.graph.GES.GES object at 0x000001F881E022E0>,0.7886018753051758,17.0,14.0,0.6836745689655173,0.872457627118644,0.6530612244897959,0.93359375,-23541.066576712903,-228396.3368510197
2,<cdt.causality.graph.CCDr.CCDr object at 0x000001F878EBBD60>,1.4377562999725342,18.0,36.0,0.58515625,0.55,0.18181818181818182,0.9296875,-32566.252886050574,-32620.11822125058
3,<cdt.causality.graph.bnlearn.GS object at 0x000001F878EBBD30>,0.6602334976196289,15.0,10.0,0.7857142857142857,0.9682203389830508,0.7272727272727273,0.94140625,-17953.46023954166,-240645.86344155762
4,<cdt.causality.graph.bnlearn.MMPC object at 0x000001F878EB3FA0>,0.46920251846313477,40.0,110.0,0.6666666666666666,0.9152542372881356,0.5,0.84375,-13176.720460110639,-281020.9421987266
5,<cdt.causality.graph.bnlearn.IAMB object at 0x000001F87FB3C2B0>,0.725334882736206,15.0,10.0,0.7857142857142857,0.9682203389830508,0.7272727272727273,0.94140625,-17953.46023954166,-240645.86344155762
6,<cdt.causality.graph.bnlearn.Fast_IAMB object at 0x000001F87FB3C2E0>,0.6836082935333252,15.0,10.0,0.7857142857142857,0.9682203389830508,0.7272727272727273,0.94140625,-17953.46023954166,-240645.86344155762
7,<cdt.causality.graph.bnlearn.Inter_IAMB object at 0x000001F881FB1A60>,0.7085404396057129,15.0,10.0,0.7857142857142857,0.9682203389830508,0.7272727272727273,0.94140625,-17953.46023954166,-240645.86344155762
