,Algorithm,Duration,SHD,SID,PR AUC,ROC AUC,F1,Accuracy,BDeu,BIC
0,<cdt.causality.graph.PC.PC object at 0x000001F878EC8040>,2.963491439819336,20.0,68.0,0.42734374999999997,0.6372881355932203,0.37499999999999994,0.921875,-19201.77630833093,-19474.846304969335
1,<cdt.causality.graph.GES.GES object at 0x000001F881E022E0>,0.835850715637207,17.0,17.0,0.6836745689655173,0.872457627118644,0.6530612244897959,0.93359375,-18231.778302709958,-236273.6702750204
2,<cdt.causality.graph.CCDr.CCDr object at 0x000001F878EBBD60>,1.4195959568023682,18.0,36.0,0.58515625,0.55,0.18181818181818182,0.9296875,-32678.758538290826,-32732.49616793804
3,<cdt.causality.graph.bnlearn.GS object at 0x000001F878EBBD30>,0.6330685615539551,15.0,13.0,0.7648319128787878,0.9453389830508474,0.7169811320754716,0.94140625,-17778.034558009196,-162818.54890600574
4,<cdt.causality.graph.bnlearn.MMPC object at 0x000001F878EB3FA0>,0.4694492816925049,40.0,109.0,0.6407462284482758,0.8923728813559322,0.4871794871794871,0.84375,-12969.40093077634,-221493.69900273537
5,<cdt.causality.graph.bnlearn.IAMB object at 0x000001F87FB3C2B0>,0.6361808776855469,15.0,13.0,0.7648319128787878,0.9453389830508474,0.7169811320754716,0.94140625,-17778.034558009196,-162818.54890600574
6,<cdt.causality.graph.bnlearn.Fast_IAMB object at 0x000001F87FB3C2E0>,0.6402459144592285,15.0,13.0,0.7648319128787878,0.9453389830508474,0.7169811320754716,0.94140625,-17778.034558009196,-162818.54890600574
7,<cdt.causality.graph.bnlearn.Inter_IAMB object at 0x000001F881FB1A60>,0.6262142658233643,15.0,13.0,0.7648319128787878,0.9453389830508474,0.7169811320754716,0.94140625,-17778.034558009196,-162818.54890600574
