,Algorithm,Duration,SHD,SID,PR AUC,ROC AUC,F1,Accuracy,BDeu,BIC
0,<cdt.causality.graph.PC.PC object at 0x000002AEA4BB8040>,2.782543182373047,20.0,68.0,0.42734374999999997,0.6372881355932203,0.37499999999999994,0.921875,-19223.86500966118,-19496.59539972457
1,<cdt.causality.graph.GES.GES object at 0x000002AEBD8C2310>,0.797029972076416,19.0,9.0,0.6884351325757576,0.8911016949152543,0.6415094339622641,0.92578125,-23007.351390989734,-337362.1005463183
2,<cdt.causality.graph.CCDr.CCDr object at 0x000002AEA4BABD60>,1.3775317668914795,18.0,36.0,0.58515625,0.55,0.18181818181818182,0.9296875,-32623.105112211688,-32676.39315688125
3,<cdt.causality.graph.bnlearn.GS object at 0x000002AEA4BABD30>,0.6294567584991455,18.0,23.0,0.7186121323529412,0.9161016949152542,0.6666666666666667,0.9296875,-17538.349472550617,-123808.77384808887
4,<cdt.causality.graph.bnlearn.MMPC object at 0x000002AEA4BA3FA0>,0.4614601135253906,40.0,109.0,0.6407462284482758,0.8923728813559322,0.4871794871794871,0.84375,-12981.61681194331,-221498.64707453502
5,<cdt.causality.graph.bnlearn.IAMB object at 0x000002AEBB80C2E0>,0.5960462093353271,18.0,23.0,0.7186121323529412,0.9161016949152542,0.6666666666666667,0.9296875,-17538.349472550617,-123808.77384808887
6,<cdt.causality.graph.bnlearn.Fast_IAMB object at 0x000002AEBB80C310>,0.5910391807556152,18.0,23.0,0.7186121323529412,0.9161016949152542,0.6666666666666667,0.9296875,-17538.349472550617,-123808.77384808887
7,<cdt.causality.graph.bnlearn.Inter_IAMB object at 0x000002AEBDCA2A90>,0.6097891330718994,18.0,23.0,0.7186121323529412,0.9161016949152542,0.6666666666666667,0.9296875,-17538.349472550617,-123808.77384808887
