,Algorithm,Duration,SHD,SID,PR AUC,ROC AUC,F1,Accuracy,BDeu,BIC
0,<cdt.causality.graph.PC.PC object at 0x000001F878EC8040>,2.7813735008239746,20.0,68.0,0.42734374999999997,0.6372881355932203,0.37499999999999994,0.921875,-19295.26990487195,-19568.533840194115
1,<cdt.causality.graph.GES.GES object at 0x000001F881E022E0>,0.8217346668243408,12.0,10.0,0.7753348214285715,0.9288135593220338,0.75,0.953125,-23451.773756357456,-227420.13519771834
2,<cdt.causality.graph.CCDr.CCDr object at 0x000001F878EBBD60>,1.3798928260803223,18.0,36.0,0.58515625,0.55,0.18181818181818182,0.9296875,-32651.175589530056,-32705.36524274873
3,<cdt.causality.graph.bnlearn.GS object at 0x000001F878EBBD30>,0.6882040500640869,16.0,10.0,0.7777777777777778,0.9661016949152542,0.7142857142857143,0.9375,-17984.982794182222,-260103.09978385858
4,<cdt.causality.graph.bnlearn.MMPC object at 0x000001F878EB3FA0>,0.5186433792114258,40.0,110.0,0.6666666666666666,0.9152542372881356,0.5,0.84375,-13206.054122095578,-281042.48751590325
5,<cdt.causality.graph.bnlearn.IAMB object at 0x000001F87FB3C2B0>,0.6706457138061523,16.0,10.0,0.7777777777777778,0.9661016949152542,0.7142857142857143,0.9375,-17984.982794182222,-260103.09978385858
6,<cdt.causality.graph.bnlearn.Fast_IAMB object at 0x000001F87FB3C2E0>,0.7146425247192383,16.0,10.0,0.7777777777777778,0.9661016949152542,0.7142857142857143,0.9375,-17984.982794182222,-260103.09978385858
7,<cdt.causality.graph.bnlearn.Inter_IAMB object at 0x000001F881FB1A60>,0.6679627895355225,16.0,10.0,0.7777777777777778,0.9661016949152542,0.7142857142857143,0.9375,-17984.982794182222,-260103.09978385858
