,Algorithm,Duration,SHD,SID,PR AUC,ROC AUC,F1,Accuracy,BDeu,BIC
0,<cdt.causality.graph.PC.PC object at 0x000001F878EC8040>,2.996762990951538,20.0,62.0,0.404296875,0.614406779661017,0.3333333333333333,0.921875,-20540.253760125623,-20763.358778170546
1,<cdt.causality.graph.GES.GES object at 0x000001F881E022E0>,0.8145418167114258,21.0,22.0,0.5794126157407407,0.7953389830508474,0.553191489361702,0.91796875,-20534.60253399753,-151581.86303089792
2,<cdt.causality.graph.CCDr.CCDr object at 0x000001F878EBBD60>,1.4780690670013428,18.0,36.0,0.58515625,0.55,0.18181818181818182,0.9296875,-32483.5876797291,-32536.683644131117
3,<cdt.causality.graph.bnlearn.GS object at 0x000001F878EBBD30>,0.6605010032653809,14.0,12.0,0.773828125,0.947457627118644,0.7307692307692308,0.9453125,-17752.393096646425,-158923.338478462
4,<cdt.causality.graph.bnlearn.MMPC object at 0x000001F878EB3FA0>,0.4980001449584961,40.0,109.0,0.6407462284482758,0.8923728813559322,0.4871794871794871,0.84375,-13082.638721058665,-221602.4523616641
5,<cdt.causality.graph.bnlearn.IAMB object at 0x000001F87FB3C2B0>,0.5775341987609863,14.0,12.0,0.773828125,0.947457627118644,0.7307692307692308,0.9453125,-17752.393096646425,-158923.338478462
6,<cdt.causality.graph.bnlearn.Fast_IAMB object at 0x000001F87FB3C2E0>,0.5669353008270264,14.0,12.0,0.773828125,0.947457627118644,0.7307692307692308,0.9453125,-17752.393096646425,-158923.338478462
7,<cdt.causality.graph.bnlearn.Inter_IAMB object at 0x000001F881FB1A60>,0.5862071514129639,14.0,12.0,0.773828125,0.947457627118644,0.7307692307692308,0.9453125,-17752.393096646425,-158923.338478462
