,Algorithm,Duration,SHD,SID,PR AUC,ROC AUC,F1,Accuracy,BDeu,BIC
0,<cdt.causality.graph.PC.PC object at 0x000002AEA4BB8040>,2.819809675216675,20.0,68.0,0.42734374999999997,0.6372881355932203,0.37499999999999994,0.921875,-19368.82632124638,-19641.576590088625
1,<cdt.causality.graph.GES.GES object at 0x000002AEBD8C2310>,0.7860159873962402,21.0,21.0,0.6030980603448276,0.8182203389830508,0.5714285714285714,0.91796875,-23267.731805885625,-155912.58216941904
2,<cdt.causality.graph.CCDr.CCDr object at 0x000002AEA4BABD60>,1.432082176208496,18.0,36.0,0.58515625,0.55,0.18181818181818182,0.9296875,-32582.018613968852,-32635.961500201905
3,<cdt.causality.graph.bnlearn.GS object at 0x000002AEA4BABD30>,0.6150445938110352,17.0,16.0,0.7266335227272727,0.9182203389830508,0.679245283018868,0.93359375,-17651.02427333525,-123897.52520181767
4,<cdt.causality.graph.bnlearn.MMPC object at 0x000002AEA4BA3FA0>,0.4519999027252197,40.0,108.0,0.6146205357142858,0.8694915254237288,0.4736842105263158,0.84375,-12921.42169677944,-162117.97622209688
5,<cdt.causality.graph.bnlearn.IAMB object at 0x000002AEBB80C2E0>,0.5971493721008301,17.0,16.0,0.7266335227272727,0.9182203389830508,0.679245283018868,0.93359375,-17651.02427333525,-123897.52520181767
6,<cdt.causality.graph.bnlearn.Fast_IAMB object at 0x000002AEBB80C310>,0.5858590602874756,17.0,16.0,0.7266335227272727,0.9182203389830508,0.679245283018868,0.93359375,-17651.02427333525,-123897.52520181767
7,<cdt.causality.graph.bnlearn.Inter_IAMB object at 0x000002AEBDCA2A90>,0.6073286533355713,17.0,16.0,0.7266335227272727,0.9182203389830508,0.679245283018868,0.93359375,-17651.02427333525,-123897.52520181767
