,Algorithm,Duration,SHD,SID,PR AUC,ROC AUC,F1,Accuracy,BDeu,BIC
0,<cdt.causality.graph.PC.PC object at 0x000001F878EC8040>,3.2654333114624023,20.0,62.0,0.404296875,0.614406779661017,0.3333333333333333,0.921875,-20499.743789408425,-20723.31549890086
1,<cdt.causality.graph.GES.GES object at 0x000001F881E022E0>,0.9324970245361328,18.0,6.0,0.7408420138888888,0.9389830508474576,0.6785714285714285,0.9296875,-22874.371740377028,-321342.59050704073
2,<cdt.causality.graph.CCDr.CCDr object at 0x000001F878EBBD60>,1.5651793479919434,18.0,36.0,0.58515625,0.55,0.18181818181818182,0.9296875,-32686.149103622472,-32740.10239788597
3,<cdt.causality.graph.bnlearn.GS object at 0x000001F878EBBD30>,0.678231954574585,20.0,13.0,0.726953125,0.9347457627118644,0.6551724137931034,0.921875,-17858.809858252363,-182700.7975510441
4,<cdt.causality.graph.bnlearn.MMPC object at 0x000001F878EB3FA0>,0.4697604179382324,44.0,109.0,0.6301789314516129,0.8838983050847458,0.4634146341463415,0.828125,-13273.048875663944,-256504.01279826037
5,<cdt.causality.graph.bnlearn.IAMB object at 0x000001F87FB3C2B0>,0.5938858985900879,20.0,13.0,0.726953125,0.9347457627118644,0.6551724137931034,0.921875,-17858.809858252363,-182700.7975510441
6,<cdt.causality.graph.bnlearn.Fast_IAMB object at 0x000001F87FB3C2E0>,0.5975310802459717,20.0,13.0,0.726953125,0.9347457627118644,0.6551724137931034,0.921875,-17858.809858252363,-182700.7975510441
7,<cdt.causality.graph.bnlearn.Inter_IAMB object at 0x000001F881FB1A60>,0.6647689342498779,20.0,13.0,0.726953125,0.9347457627118644,0.6551724137931034,0.921875,-17858.809858252363,-182700.7975510441
