,Algorithm,Duration,SHD,SID,PR AUC,ROC AUC,F1,Accuracy,BDeu,BIC
0,<cdt.causality.graph.PC.PC object at 0x000001F878EC8040>,2.9582982063293457,20.0,68.0,0.42734374999999997,0.6372881355932203,0.37499999999999994,0.921875,-19038.632056549006,-19311.63955718097
1,<cdt.causality.graph.GES.GES object at 0x000001F881E022E0>,0.8230135440826416,14.0,13.0,0.7344308035714286,0.9016949152542373,0.7083333333333333,0.9453125,-23451.298390325377,-227419.66325747536
2,<cdt.causality.graph.CCDr.CCDr object at 0x000001F878EBBD60>,1.5322139263153076,18.0,36.0,0.58515625,0.55,0.18181818181818182,0.9296875,-32448.487112496656,-32501.43157358951
3,<cdt.causality.graph.bnlearn.GS object at 0x000001F878EBBD30>,0.6799845695495605,18.0,20.0,0.7408420138888888,0.9389830508474576,0.6785714285714285,0.9296875,-17723.54341487804,-162794.8122450371
4,<cdt.causality.graph.bnlearn.MMPC object at 0x000001F878EB3FA0>,0.4721519947052002,42.0,110.0,0.6612903225806451,0.9110169491525424,0.4878048780487805,0.8359375,-13262.931578748772,-281337.7710095075
5,<cdt.causality.graph.bnlearn.IAMB object at 0x000001F87FB3C2B0>,0.6254377365112305,18.0,20.0,0.7408420138888888,0.9389830508474576,0.6785714285714285,0.9296875,-17723.54341487804,-162794.8122450371
6,<cdt.causality.graph.bnlearn.Fast_IAMB object at 0x000001F87FB3C2E0>,0.6101298332214355,18.0,20.0,0.7408420138888888,0.9389830508474576,0.6785714285714285,0.9296875,-17723.54341487804,-162794.8122450371
7,<cdt.causality.graph.bnlearn.Inter_IAMB object at 0x000001F881FB1A60>,0.6467452049255371,18.0,20.0,0.7408420138888888,0.9389830508474576,0.6785714285714285,0.9296875,-17723.54341487804,-162794.8122450371
