,Algorithm,Duration,SHD,SID,PR AUC,ROC AUC,F1,Accuracy,BDeu,BIC
0,<cdt.causality.graph.PC.PC object at 0x000001CE53C38040>,1.9108822345733643,12.0,20.0,0.5234375,0.5,0.0,0.953125,-4386.161548881776,-4418.576140179899
1,<cdt.causality.graph.GES.GES object at 0x000001CE6C9622E0>,0.761530876159668,14.0,14.0,0.5633680555555556,0.8128415300546448,0.5333333333333333,0.9453125,-2314.381390168905,-4127.859584979816
2,<cdt.causality.graph.CCDr.CCDr object at 0x000001CE53C2BD60>,1.2524681091308594,8.0,12.0,0.6822916666666667,0.6666666666666666,0.5,0.96875,-3334.917858075385,-3408.8906564053477
3,<cdt.causality.graph.bnlearn.GS object at 0x000001CE53C2BD30>,0.3235743045806885,15.0,21.0,0.7222222222222222,0.9692622950819672,0.6153846153846153,0.94140625,-1290.7680171029622,-5788.215323378467
4,<cdt.causality.graph.bnlearn.MMPC object at 0x000001CE53C23FA0>,0.30908656120300293,24.0,48.0,0.6666666666666666,0.9508196721311475,0.5,0.90625,-956.8224239347982,-6261.618776507167
5,<cdt.causality.graph.bnlearn.IAMB object at 0x000001CE6A8CC2B0>,0.3189690113067627,15.0,21.0,0.7222222222222222,0.9692622950819672,0.6153846153846153,0.94140625,-1290.7680171029622,-5788.215323378467
6,<cdt.causality.graph.bnlearn.Fast_IAMB object at 0x000001CE6A8CC2E0>,0.31999778747558594,15.0,21.0,0.7222222222222222,0.9692622950819672,0.6153846153846153,0.94140625,-1290.7680171029622,-5788.215323378467
7,<cdt.causality.graph.bnlearn.Inter_IAMB object at 0x000001CE6CD22A60>,0.3220059871673584,15.0,21.0,0.7222222222222222,0.9692622950819672,0.6153846153846153,0.94140625,-1290.7680171029622,-5788.215323378467
