,Algorithm,Duration,SHD,SID,PR AUC,ROC AUC,F1,Accuracy,BDeu,BIC
0,<cdt.causality.graph.PC.PC object at 0x000001CE53C38040>,1.9232020378112793,12.0,20.0,0.5234375,0.5,0.0,0.953125,-4428.195895098262,-4461.30353530878
1,<cdt.causality.graph.GES.GES object at 0x000001CE6C9622E0>,0.7690279483795166,12.0,13.0,0.630859375,0.8565573770491803,0.6,0.953125,-2000.8858686283093,-2870.5202780788277
2,<cdt.causality.graph.CCDr.CCDr object at 0x000001CE53C2BD60>,1.2690670490264893,8.0,12.0,0.6822916666666667,0.6666666666666666,0.5,0.96875,-3382.2281542654773,-3457.073595387279
3,<cdt.causality.graph.bnlearn.GS object at 0x000001CE53C2BD30>,0.3320167064666748,8.0,12.0,0.8,0.9836065573770492,0.7499999999999999,0.96875,-1394.461644572991,-4101.143501525759
4,<cdt.causality.graph.bnlearn.MMPC object at 0x000001CE53C23FA0>,0.3099508285522461,20.0,48.0,0.6875,0.959016393442623,0.5454545454545454,0.921875,-938.6154110005723,-4720.081931411232
5,<cdt.causality.graph.bnlearn.IAMB object at 0x000001CE6A8CC2B0>,0.3200349807739258,8.0,12.0,0.8,0.9836065573770492,0.7499999999999999,0.96875,-1394.461644572991,-4101.143501525759
6,<cdt.causality.graph.bnlearn.Fast_IAMB object at 0x000001CE6A8CC2E0>,0.324970006942749,8.0,12.0,0.8,0.9836065573770492,0.7499999999999999,0.96875,-1394.461644572991,-4101.143501525759
7,<cdt.causality.graph.bnlearn.Inter_IAMB object at 0x000001CE6CD22A60>,0.3247189521789551,8.0,12.0,0.8,0.9836065573770492,0.7499999999999999,0.96875,-1394.461644572991,-4101.143501525759
