,Algorithm,Duration,SHD,SID,PR AUC,ROC AUC,F1,Accuracy,BDeu,BIC
0,<cdt.causality.graph.PC.PC object at 0x000001CE53C38040>,1.905263900756836,12.0,20.0,0.5234375,0.5,0.0,0.953125,-4406.54349955583,-4439.387859791862
1,<cdt.causality.graph.GES.GES object at 0x000001CE6C9622E0>,0.7616062164306641,12.0,8.0,0.6705729166666666,0.8961748633879782,0.625,0.953125,-2470.1863729012352,-4302.463112753407
2,<cdt.causality.graph.CCDr.CCDr object at 0x000001CE53C2BD60>,1.2661004066467285,8.0,12.0,0.6822916666666667,0.6666666666666666,0.5,0.96875,-3356.9853279767385,-3431.4506029785553
3,<cdt.causality.graph.bnlearn.GS object at 0x000001CE53C2BD30>,0.324202299118042,8.0,12.0,0.8,0.9836065573770492,0.7499999999999999,0.96875,-1391.2715382931103,-4097.766179224112
4,<cdt.causality.graph.bnlearn.MMPC object at 0x000001CE53C23FA0>,0.3245840072631836,20.0,48.0,0.6875,0.959016393442623,0.5454545454545454,0.921875,-931.6169455349939,-4714.115585688041
5,<cdt.causality.graph.bnlearn.IAMB object at 0x000001CE6A8CC2B0>,0.3149726390838623,8.0,12.0,0.8,0.9836065573770492,0.7499999999999999,0.96875,-1391.2715382931103,-4097.766179224112
6,<cdt.causality.graph.bnlearn.Fast_IAMB object at 0x000001CE6A8CC2E0>,0.3269999027252197,8.0,12.0,0.8,0.9836065573770492,0.7499999999999999,0.96875,-1391.2715382931103,-4097.766179224112
7,<cdt.causality.graph.bnlearn.Inter_IAMB object at 0x000001CE6CD22A60>,0.32602882385253906,8.0,12.0,0.8,0.9836065573770492,0.7499999999999999,0.96875,-1391.2715382931103,-4097.766179224112
