,Algorithm,Duration,SHD,SID,PR AUC,ROC AUC,F1,Accuracy,BDeu,BIC
0,<cdt.causality.graph.PC.PC object at 0x000001CE53C38040>,1.9203946590423584,12.0,20.0,0.5234375,0.5,0.0,0.953125,-4390.26508719785,-4422.93577252675
1,<cdt.causality.graph.GES.GES object at 0x000001CE6C9622E0>,0.7603611946105957,13.0,10.0,0.6177014802631579,0.8545081967213115,0.5806451612903226,0.94921875,-2467.4591935408325,-4748.301395930279
2,<cdt.causality.graph.CCDr.CCDr object at 0x000001CE53C2BD60>,1.2920937538146973,8.0,12.0,0.6822916666666667,0.6666666666666666,0.5,0.96875,-3338.458318994927,-3412.6669018870457
3,<cdt.causality.graph.bnlearn.GS object at 0x000001CE53C2BD30>,0.3267040252685547,8.0,12.0,0.8,0.9836065573770492,0.7499999999999999,0.96875,-1397.68199001329,-4104.174319339696
4,<cdt.causality.graph.bnlearn.MMPC object at 0x000001CE53C23FA0>,0.32393407821655273,20.0,48.0,0.6875,0.959016393442623,0.5454545454545454,0.921875,-977.1653158131769,-4759.932722332466
5,<cdt.causality.graph.bnlearn.IAMB object at 0x000001CE6A8CC2B0>,0.3209855556488037,8.0,12.0,0.8,0.9836065573770492,0.7499999999999999,0.96875,-1397.68199001329,-4104.174319339696
6,<cdt.causality.graph.bnlearn.Fast_IAMB object at 0x000001CE6A8CC2E0>,0.32311105728149414,8.0,12.0,0.8,0.9836065573770492,0.7499999999999999,0.96875,-1397.68199001329,-4104.174319339696
7,<cdt.causality.graph.bnlearn.Inter_IAMB object at 0x000001CE6CD22A60>,0.323000431060791,8.0,12.0,0.8,0.9836065573770492,0.7499999999999999,0.96875,-1397.68199001329,-4104.174319339696
