,Algorithm,Duration,SHD,SID,PR AUC,ROC AUC,F1,Accuracy,BDeu,BIC
0,<cdt.causality.graph.PC.PC object at 0x000001B02C6C8040>,1.9360027313232422,12.0,20.0,0.5234375,0.5,0.0,0.953125,-4423.58140101182,-4456.6758991414945
1,<cdt.causality.graph.GES.GES object at 0x000001B045602310>,0.7600018978118896,4.0,12.0,0.875,0.9918032786885246,0.8571428571428571,0.984375,-1430.2971208774372,-2069.6195705705595
2,<cdt.causality.graph.CCDr.CCDr object at 0x000001B02C6BBD60>,1.2641351222991943,8.0,12.0,0.6822916666666667,0.6666666666666666,0.5,0.96875,-3370.584093745591,-3445.176286920098
3,<cdt.causality.graph.bnlearn.GS object at 0x000001B02C6BBD30>,0.3249824047088623,8.0,12.0,0.8,0.9836065573770492,0.7499999999999999,0.96875,-1397.7318566225101,-4104.173439325006
4,<cdt.causality.graph.bnlearn.MMPC object at 0x000001B02C6B3FA0>,0.30851221084594727,20.0,48.0,0.6875,0.959016393442623,0.5454545454545454,0.921875,-945.5042033111833,-4727.378849308603
5,<cdt.causality.graph.bnlearn.IAMB object at 0x000001B04332C2E0>,0.3209969997406006,8.0,12.0,0.8,0.9836065573770492,0.7499999999999999,0.96875,-1397.7318566225101,-4104.173439325006
6,<cdt.causality.graph.bnlearn.Fast_IAMB object at 0x000001B04332C310>,0.34200000762939453,8.0,12.0,0.8,0.9836065573770492,0.7499999999999999,0.96875,-1397.7318566225101,-4104.173439325006
7,<cdt.causality.graph.bnlearn.Inter_IAMB object at 0x000001B0457A2A90>,0.3219740390777588,8.0,12.0,0.8,0.9836065573770492,0.7499999999999999,0.96875,-1397.7318566225101,-4104.173439325006
