,Algorithm,Duration,SHD,SID,PR AUC,ROC AUC,F1,Accuracy,BDeu,BIC
0,<cdt.causality.graph.PC.PC object at 0x000001CE53C38040>,2.1080985069274902,12.0,20.0,0.5234375,0.5,0.0,0.953125,-4362.991499884674,-4395.023336785103
1,<cdt.causality.graph.GES.GES object at 0x000001CE6C9622E0>,0.760958194732666,10.0,10.0,0.6983506944444444,0.9002732240437159,0.6666666666666667,0.9609375,-2108.3931823961666,-3696.088213644725
2,<cdt.causality.graph.CCDr.CCDr object at 0x000001CE53C2BD60>,1.2849972248077393,8.0,12.0,0.6822916666666667,0.6666666666666666,0.5,0.96875,-3312.697418899256,-3386.3199009026375
3,<cdt.causality.graph.bnlearn.GS object at 0x000001CE53C2BD30>,0.3320004940032959,8.0,12.0,0.8,0.9836065573770492,0.7499999999999999,0.96875,-1391.7645037383684,-4098.2571671978585
4,<cdt.causality.graph.bnlearn.MMPC object at 0x000001CE53C23FA0>,0.30800485610961914,20.0,48.0,0.6875,0.959016393442623,0.5454545454545454,0.921875,-958.4354566461502,-4742.360511300531
5,<cdt.causality.graph.bnlearn.IAMB object at 0x000001CE6A8CC2B0>,0.3240518569946289,8.0,12.0,0.8,0.9836065573770492,0.7499999999999999,0.96875,-1391.7645037383684,-4098.2571671978585
6,<cdt.causality.graph.bnlearn.Fast_IAMB object at 0x000001CE6A8CC2E0>,0.3205294609069824,8.0,12.0,0.8,0.9836065573770492,0.7499999999999999,0.96875,-1391.7645037383684,-4098.2571671978585
7,<cdt.causality.graph.bnlearn.Inter_IAMB object at 0x000001CE6CD22A60>,0.32619738578796387,8.0,12.0,0.8,0.9836065573770492,0.7499999999999999,0.96875,-1391.7645037383684,-4098.2571671978585
