,Algorithm,Duration,SHD,SID,PR AUC,ROC AUC,F1,Accuracy,BDeu,BIC
0,<cdt.causality.graph.PC.PC object at 0x000001CE53C38040>,1.956160068511963,12.0,20.0,0.5234375,0.5,0.0,0.953125,-4408.183599764285,-4440.98729648659
1,<cdt.causality.graph.GES.GES object at 0x000001CE6C9622E0>,0.7620007991790771,10.0,14.0,0.662109375,0.8606557377049181,0.6428571428571429,0.9609375,-1701.6218341578544,-2412.7773416994996
2,<cdt.causality.graph.CCDr.CCDr object at 0x000001CE53C2BD60>,1.292428970336914,8.0,12.0,0.6822916666666667,0.6666666666666666,0.5,0.96875,-3358.657152610252,-3433.0773586214004
3,<cdt.causality.graph.bnlearn.GS object at 0x000001CE53C2BD30>,0.32055068016052246,8.0,12.0,0.8,0.9836065573770492,0.7499999999999999,0.96875,-1394.3543524181162,-4100.880547221676
4,<cdt.causality.graph.bnlearn.MMPC object at 0x000001CE53C23FA0>,0.3142664432525635,20.0,48.0,0.6875,0.959016393442623,0.5454545454545454,0.921875,-924.3650840747296,-4706.679391240047
5,<cdt.causality.graph.bnlearn.IAMB object at 0x000001CE6A8CC2B0>,0.3190000057220459,8.0,12.0,0.8,0.9836065573770492,0.7499999999999999,0.96875,-1394.3543524181162,-4100.880547221676
6,<cdt.causality.graph.bnlearn.Fast_IAMB object at 0x000001CE6A8CC2E0>,0.3210408687591553,8.0,12.0,0.8,0.9836065573770492,0.7499999999999999,0.96875,-1394.3543524181162,-4100.880547221676
7,<cdt.causality.graph.bnlearn.Inter_IAMB object at 0x000001CE6CD22A60>,0.320995569229126,8.0,12.0,0.8,0.9836065573770492,0.7499999999999999,0.96875,-1394.3543524181162,-4100.880547221676
