,Algorithm,Duration,SHD,SID,PR AUC,ROC AUC,F1,Accuracy,BDeu,BIC
0,<cdt.causality.graph.PC.PC object at 0x000001B02C6C8040>,1.9166698455810547,12.0,20.0,0.5234375,0.5,0.0,0.953125,-4412.124314956639,-4444.904727393207
1,<cdt.causality.graph.GES.GES object at 0x000001B045602310>,0.7581019401550293,8.0,10.0,0.7330729166666667,0.9043715846994536,0.7142857142857143,0.96875,-1980.1616306665426,-2688.815684426613
2,<cdt.causality.graph.CCDr.CCDr object at 0x000001B02C6BBD60>,1.2604176998138428,8.0,12.0,0.6822916666666667,0.6666666666666666,0.5,0.96875,-3358.715462096163,-3432.976185911701
3,<cdt.causality.graph.bnlearn.GS object at 0x000001B02C6BBD30>,0.32287096977233887,8.0,12.0,0.8,0.9836065573770492,0.7499999999999999,0.96875,-1394.090966599017,-4100.448940464867
4,<cdt.causality.graph.bnlearn.MMPC object at 0x000001B02C6B3FA0>,0.31500697135925293,20.0,48.0,0.6875,0.959016393442623,0.5454545454545454,0.921875,-948.869280785065,-4731.225278155995
5,<cdt.causality.graph.bnlearn.IAMB object at 0x000001B04332C2E0>,0.3268470764160156,8.0,12.0,0.8,0.9836065573770492,0.7499999999999999,0.96875,-1394.090966599017,-4100.448940464867
6,<cdt.causality.graph.bnlearn.Fast_IAMB object at 0x000001B04332C310>,0.3201427459716797,8.0,12.0,0.8,0.9836065573770492,0.7499999999999999,0.96875,-1394.090966599017,-4100.448940464867
7,<cdt.causality.graph.bnlearn.Inter_IAMB object at 0x000001B0457A2A90>,0.32601380348205566,8.0,12.0,0.8,0.9836065573770492,0.7499999999999999,0.96875,-1394.090966599017,-4100.448940464867
