,Algorithm,Duration,SHD,SID,PR AUC,ROC AUC,F1,Accuracy,BDeu,BIC
0,<cdt.causality.graph.PC.PC object at 0x000001CE53C38040>,1.9145514965057373,12.0,20.0,0.5234375,0.5,0.0,0.953125,-4408.081957712813,-4440.948255342212
1,<cdt.causality.graph.GES.GES object at 0x000001CE6C9622E0>,0.7569983005523682,12.0,11.0,0.630859375,0.8565573770491803,0.6,0.953125,-2311.6988813737685,-3930.8246015138516
2,<cdt.causality.graph.CCDr.CCDr object at 0x000001CE53C2BD60>,1.3063452243804932,8.0,12.0,0.6822916666666667,0.6666666666666666,0.5,0.96875,-3357.1195075329338,-3431.5530448639634
3,<cdt.causality.graph.bnlearn.GS object at 0x000001CE53C2BD30>,0.33427906036376953,8.0,12.0,0.8,0.9836065573770492,0.7499999999999999,0.96875,-1398.9897485016763,-4105.553146489529
4,<cdt.causality.graph.bnlearn.MMPC object at 0x000001CE53C23FA0>,0.3119971752166748,20.0,48.0,0.6875,0.959016393442623,0.5454545454545454,0.921875,-939.2807049799628,-4721.886387633422
5,<cdt.causality.graph.bnlearn.IAMB object at 0x000001CE6A8CC2B0>,0.3220021724700928,8.0,12.0,0.8,0.9836065573770492,0.7499999999999999,0.96875,-1398.9897485016763,-4105.553146489529
6,<cdt.causality.graph.bnlearn.Fast_IAMB object at 0x000001CE6A8CC2E0>,0.32100582122802734,8.0,12.0,0.8,0.9836065573770492,0.7499999999999999,0.96875,-1398.9897485016763,-4105.553146489529
7,<cdt.causality.graph.bnlearn.Inter_IAMB object at 0x000001CE6CD22A60>,0.3258936405181885,8.0,12.0,0.8,0.9836065573770492,0.7499999999999999,0.96875,-1398.9897485016763,-4105.553146489529
