,Algorithm,Duration,SHD,SID,PR AUC,ROC AUC,F1,Accuracy,BDeu,BIC
0,<cdt.causality.graph.PC.PC object at 0x000001CE53C38040>,1.9330880641937256,12.0,20.0,0.5234375,0.5,0.0,0.953125,-4386.3419773919795,-4418.808638364447
1,<cdt.causality.graph.GES.GES object at 0x000001CE6C9622E0>,0.7626297473907471,7.0,13.0,0.7838158700980392,0.9460382513661201,0.7586206896551724,0.97265625,-1495.8601242595037,-2577.482897999267
2,<cdt.causality.graph.CCDr.CCDr object at 0x000001CE53C2BD60>,1.274733543395996,8.0,12.0,0.6822916666666667,0.6666666666666666,0.5,0.96875,-3335.3867266995926,-3409.4233086567465
3,<cdt.causality.graph.bnlearn.GS object at 0x000001CE53C2BD30>,0.3290534019470215,8.0,12.0,0.8,0.9836065573770492,0.7499999999999999,0.96875,-1396.8796308671544,-4103.398299565102
4,<cdt.causality.graph.bnlearn.MMPC object at 0x000001CE53C23FA0>,0.3095743656158447,20.0,48.0,0.6875,0.959016393442623,0.5454545454545454,0.921875,-962.582912856589,-4745.457773710713
5,<cdt.causality.graph.bnlearn.IAMB object at 0x000001CE6A8CC2B0>,0.32000017166137695,8.0,12.0,0.8,0.9836065573770492,0.7499999999999999,0.96875,-1396.8796308671544,-4103.398299565102
6,<cdt.causality.graph.bnlearn.Fast_IAMB object at 0x000001CE6A8CC2E0>,0.3224921226501465,8.0,12.0,0.8,0.9836065573770492,0.7499999999999999,0.96875,-1396.8796308671544,-4103.398299565102
7,<cdt.causality.graph.bnlearn.Inter_IAMB object at 0x000001CE6CD22A60>,0.32529616355895996,8.0,12.0,0.8,0.9836065573770492,0.7499999999999999,0.96875,-1396.8796308671544,-4103.398299565102
