,Algorithm,Duration,SHD,SID,PR AUC,ROC AUC,F1,Accuracy,BDeu,BIC
0,<cdt.causality.graph.PC.PC object at 0x000001A72D4C8040>,2.219200849533081,12.0,36.0,0.5911458333333334,0.8169398907103824,0.5714285714285715,0.953125,-5775.772286862922,-6084.102054517674
1,<cdt.causality.graph.GES.GES object at 0x000001A7464022E0>,0.7770559787750244,12.0,11.0,0.630859375,0.8565573770491803,0.6,0.953125,-10400.228244036844,-12109.769744970337
2,<cdt.causality.graph.CCDr.CCDr object at 0x000001A72D4BBD60>,1.36030912399292,8.0,12.0,0.6822916666666667,0.6666666666666666,0.5,0.96875,-16218.64551331917,-16307.916059449099
3,<cdt.causality.graph.bnlearn.GS object at 0x000001A72D4BBD30>,0.43984055519104004,8.0,12.0,0.8,0.9836065573770492,0.7499999999999999,0.96875,-5896.787489317718,-9449.8002868039
4,<cdt.causality.graph.bnlearn.MMPC object at 0x000001A72D4B3FA0>,0.3660109043121338,20.0,48.0,0.6875,0.959016393442623,0.5454545454545454,0.921875,-3390.5849984304027,-8371.263597048164
5,<cdt.causality.graph.bnlearn.IAMB object at 0x000001A74412C2B0>,0.3810718059539795,8.0,12.0,0.8,0.9836065573770492,0.7499999999999999,0.96875,-5896.787489317718,-9449.8002868039
6,<cdt.causality.graph.bnlearn.Fast_IAMB object at 0x000001A74412C2E0>,0.39701390266418457,8.0,12.0,0.8,0.9836065573770492,0.7499999999999999,0.96875,-5896.787489317718,-9449.8002868039
7,<cdt.causality.graph.bnlearn.Inter_IAMB object at 0x000001A7465A2A60>,0.37952089309692383,8.0,12.0,0.8,0.9836065573770492,0.7499999999999999,0.96875,-5896.787489317718,-9449.8002868039
