,Algorithm,Duration,SHD,SID,PR AUC,ROC AUC,F1,Accuracy,BDeu,BIC
0,<cdt.causality.graph.PC.PC object at 0x000001A72D4C8040>,2.25943660736084,12.0,36.0,0.5911458333333334,0.8169398907103824,0.5714285714285715,0.953125,-5829.61796135049,-6137.437148572326
1,<cdt.causality.graph.GES.GES object at 0x000001A7464022E0>,0.7810120582580566,16.0,11.0,0.49587673611111116,0.7691256830601093,0.4666666666666666,0.9375,-13077.743375693753,-14397.772764408997
2,<cdt.causality.graph.CCDr.CCDr object at 0x000001A72D4BBD60>,1.3460471630096436,8.0,12.0,0.6822916666666667,0.6666666666666666,0.5,0.96875,-16288.977187433353,-16378.45441914055
3,<cdt.causality.graph.bnlearn.GS object at 0x000001A72D4BBD30>,0.38300037384033203,22.0,30.0,0.6764705882352942,0.9549180327868853,0.5217391304347826,0.9140625,-4474.876936901566,-12737.923294322183
4,<cdt.causality.graph.bnlearn.MMPC object at 0x000001A72D4B3FA0>,0.3730463981628418,30.0,48.0,0.6428571428571428,0.9385245901639344,0.4444444444444445,0.8828125,-3331.9726723383933,-15028.464531158203
5,<cdt.causality.graph.bnlearn.IAMB object at 0x000001A74412C2B0>,0.37103962898254395,24.0,30.0,0.6666666666666666,0.9508196721311475,0.5,0.90625,-4574.624036916611,-15422.10585530898
6,<cdt.causality.graph.bnlearn.Fast_IAMB object at 0x000001A74412C2E0>,0.3755824565887451,24.0,30.0,0.6666666666666666,0.9508196721311475,0.5,0.90625,-4574.624036916611,-15422.10585530898
7,<cdt.causality.graph.bnlearn.Inter_IAMB object at 0x000001A7465A2A60>,0.3774285316467285,24.0,30.0,0.6666666666666666,0.9508196721311475,0.5,0.90625,-4574.624036916611,-15422.10585530898
