,Algorithm,Duration,SHD,SID,PR AUC,ROC AUC,F1,Accuracy,BDeu,BIC
0,<cdt.causality.graph.PC.PC object at 0x00000270DF5C8040>,2.2535321712493896,12.0,36.0,0.5911458333333334,0.8169398907103824,0.5714285714285715,0.953125,-5688.108649710575,-5995.896296904991
1,<cdt.causality.graph.GES.GES object at 0x00000270F82F3310>,0.7714312076568604,22.0,16.0,0.39808238636363635,0.7172131147540984,0.3529411764705882,0.9140625,-11620.489336984165,-19063.153593697854
2,<cdt.causality.graph.CCDr.CCDr object at 0x00000270DF5BBD60>,1.3501503467559814,8.0,12.0,0.6822916666666667,0.6666666666666666,0.5,0.96875,-16354.152184380519,-16443.83751408811
3,<cdt.causality.graph.bnlearn.GS object at 0x00000270DF5BBD30>,0.4029998779296875,10.0,12.0,0.7727272727272727,0.9795081967213114,0.7058823529411764,0.9609375,-5930.759373466946,-9781.64045469566
4,<cdt.causality.graph.bnlearn.MMPC object at 0x00000270DF5B3FA0>,0.36925387382507324,28.0,48.0,0.65,0.9426229508196721,0.4615384615384615,0.890625,-3587.434752803124,-25195.200586190756
5,<cdt.causality.graph.bnlearn.IAMB object at 0x00000270F624C2E0>,0.37711644172668457,10.0,12.0,0.7727272727272727,0.9795081967213114,0.7058823529411764,0.9609375,-5930.759373466946,-9781.64045469566
6,<cdt.causality.graph.bnlearn.Fast_IAMB object at 0x00000270F624C310>,0.37757277488708496,10.0,12.0,0.7727272727272727,0.9795081967213114,0.7058823529411764,0.9609375,-5930.759373466946,-9781.64045469566
7,<cdt.causality.graph.bnlearn.Inter_IAMB object at 0x00000270F86E2A90>,0.3729820251464844,10.0,12.0,0.7727272727272727,0.9795081967213114,0.7058823529411764,0.9609375,-5930.759373466946,-9781.64045469566
