,Algorithm,Duration,SHD,SID,PR AUC,ROC AUC,F1,Accuracy,BDeu,BIC
0,<cdt.causality.graph.PC.PC object at 0x000001A72D4C8040>,2.3031184673309326,12.0,36.0,0.5911458333333334,0.8169398907103824,0.5714285714285715,0.953125,-5848.294460418223,-6156.414147896585
1,<cdt.causality.graph.GES.GES object at 0x000001A7464022E0>,0.7719850540161133,12.0,13.0,0.630859375,0.8565573770491803,0.6,0.953125,-9469.379369333741,-11898.345018916607
2,<cdt.causality.graph.CCDr.CCDr object at 0x000001A72D4BBD60>,1.3392870426177979,8.0,12.0,0.6822916666666667,0.6666666666666666,0.5,0.96875,-16206.424749775058,-16295.738368482751
3,<cdt.causality.graph.bnlearn.GS object at 0x000001A72D4BBD30>,0.38308238983154297,8.0,12.0,0.8,0.9836065573770492,0.7499999999999999,0.96875,-5891.915622759293,-9444.940225394414
4,<cdt.causality.graph.bnlearn.MMPC object at 0x000001A72D4B3FA0>,0.3680250644683838,20.0,48.0,0.6875,0.959016393442623,0.5454545454545454,0.921875,-3427.285284187688,-8407.885516010025
5,<cdt.causality.graph.bnlearn.IAMB object at 0x000001A74412C2B0>,0.3799407482147217,8.0,12.0,0.8,0.9836065573770492,0.7499999999999999,0.96875,-5891.915622759293,-9444.940225394414
6,<cdt.causality.graph.bnlearn.Fast_IAMB object at 0x000001A74412C2E0>,0.3774552345275879,8.0,12.0,0.8,0.9836065573770492,0.7499999999999999,0.96875,-5891.915622759293,-9444.940225394414
7,<cdt.causality.graph.bnlearn.Inter_IAMB object at 0x000001A7465A2A60>,0.378800630569458,8.0,12.0,0.8,0.9836065573770492,0.7499999999999999,0.96875,-5891.915622759293,-9444.940225394414
