,Algorithm,Duration,SHD,SID,PR AUC,ROC AUC,F1,Accuracy,BDeu,BIC
0,<cdt.causality.graph.PC.PC object at 0x000001A72D4C8040>,2.2251884937286377,12.0,36.0,0.5911458333333334,0.8169398907103824,0.5714285714285715,0.953125,-5796.566993429855,-6104.951480424015
1,<cdt.causality.graph.GES.GES object at 0x000001A7464022E0>,0.7680404186248779,12.0,9.0,0.5911458333333334,0.8169398907103824,0.5714285714285715,0.953125,-11683.660637118037,-12891.580298854056
2,<cdt.causality.graph.CCDr.CCDr object at 0x000001A72D4BBD60>,1.3600740432739258,8.0,12.0,0.6822916666666667,0.6666666666666666,0.5,0.96875,-16201.654888635569,-16290.840384639841
3,<cdt.causality.graph.bnlearn.GS object at 0x000001A72D4BBD30>,0.38411831855773926,8.0,12.0,0.8,0.9836065573770492,0.7499999999999999,0.96875,-5894.811554169997,-9447.819216220778
4,<cdt.causality.graph.bnlearn.MMPC object at 0x000001A72D4B3FA0>,0.3677828311920166,20.0,48.0,0.6875,0.959016393442623,0.5454545454545454,0.921875,-3407.7507343074176,-8388.471543514432
5,<cdt.causality.graph.bnlearn.IAMB object at 0x000001A74412C2B0>,0.3823847770690918,8.0,12.0,0.8,0.9836065573770492,0.7499999999999999,0.96875,-5894.811554169997,-9447.819216220778
6,<cdt.causality.graph.bnlearn.Fast_IAMB object at 0x000001A74412C2E0>,0.37698888778686523,8.0,12.0,0.8,0.9836065573770492,0.7499999999999999,0.96875,-5894.811554169997,-9447.819216220778
7,<cdt.causality.graph.bnlearn.Inter_IAMB object at 0x000001A7465A2A60>,0.3798375129699707,8.0,12.0,0.8,0.9836065573770492,0.7499999999999999,0.96875,-5894.811554169997,-9447.819216220778
