,Algorithm,Duration,SHD,SID,PR AUC,ROC AUC,F1,Accuracy,BDeu,BIC
0,<cdt.causality.graph.PC.PC object at 0x000001A72D4C8040>,2.3174407482147217,12.0,36.0,0.5911458333333334,0.8169398907103824,0.5714285714285715,0.953125,-5829.960891193021,-6138.298221853988
1,<cdt.causality.graph.GES.GES object at 0x000001A7464022E0>,0.7800736427307129,15.0,13.0,0.5951450892857143,0.8504098360655737,0.5454545454545454,0.94140625,-9531.1650739705,-11976.48311183631
2,<cdt.causality.graph.CCDr.CCDr object at 0x000001A72D4BBD60>,1.3381927013397217,8.0,12.0,0.6822916666666667,0.6666666666666666,0.5,0.96875,-16181.849501994953,-16271.04200517636
3,<cdt.causality.graph.bnlearn.GS object at 0x000001A72D4BBD30>,0.3960394859313965,8.0,12.0,0.8,0.9836065573770492,0.7499999999999999,0.96875,-5890.665280483468,-9443.641241808971
4,<cdt.causality.graph.bnlearn.MMPC object at 0x000001A72D4B3FA0>,0.3700594902038574,26.0,48.0,0.6578947368421053,0.9467213114754098,0.4799999999999999,0.8984375,-3695.1305605848665,-13280.4196996341
5,<cdt.causality.graph.bnlearn.IAMB object at 0x000001A74412C2B0>,0.37898826599121094,8.0,12.0,0.8,0.9836065573770492,0.7499999999999999,0.96875,-5890.665280483468,-9443.641241808971
6,<cdt.causality.graph.bnlearn.Fast_IAMB object at 0x000001A74412C2E0>,0.3944356441497803,8.0,12.0,0.8,0.9836065573770492,0.7499999999999999,0.96875,-5890.665280483468,-9443.641241808971
7,<cdt.causality.graph.bnlearn.Inter_IAMB object at 0x000001A7465A2A60>,0.3771514892578125,8.0,12.0,0.8,0.9836065573770492,0.7499999999999999,0.96875,-5890.665280483468,-9443.641241808971
