,Algorithm,Duration,SHD,SID,PR AUC,ROC AUC,F1,Accuracy,BDeu,BIC
0,<cdt.causality.graph.PC.PC object at 0x000001A72D4C8040>,2.2450287342071533,12.0,36.0,0.5911458333333334,0.8169398907103824,0.5714285714285715,0.953125,-5792.240531806727,-6100.363801007099
1,<cdt.causality.graph.GES.GES object at 0x000001A7464022E0>,0.7792801856994629,17.0,14.0,0.4856428179824561,0.7670765027322405,0.4516129032258065,0.93359375,-9671.122645275831,-14326.74390965536
2,<cdt.causality.graph.CCDr.CCDr object at 0x000001A72D4BBD60>,1.3437058925628662,8.0,12.0,0.6822916666666667,0.6666666666666666,0.5,0.96875,-16260.529447928257,-16349.852489655568
3,<cdt.causality.graph.bnlearn.GS object at 0x000001A72D4BBD30>,0.39281153678894043,16.0,12.0,0.7142857142857143,0.9672131147540984,0.6,0.9375,-5903.20295224535,-11938.185077753184
4,<cdt.causality.graph.bnlearn.MMPC object at 0x000001A72D4B3FA0>,0.38022565841674805,28.0,48.0,0.65,0.9426229508196721,0.4615384615384615,0.890625,-3518.0879754658936,-20795.368188601304
5,<cdt.causality.graph.bnlearn.IAMB object at 0x000001A74412C2B0>,0.38088011741638184,16.0,12.0,0.7142857142857143,0.9672131147540984,0.6,0.9375,-5903.20295224535,-11938.185077753184
6,<cdt.causality.graph.bnlearn.Fast_IAMB object at 0x000001A74412C2E0>,0.38399219512939453,16.0,12.0,0.7142857142857143,0.9672131147540984,0.6,0.9375,-5903.20295224535,-11938.185077753184
7,<cdt.causality.graph.bnlearn.Inter_IAMB object at 0x000001A7465A2A60>,0.3809981346130371,16.0,12.0,0.7142857142857143,0.9672131147540984,0.6,0.9375,-5903.20295224535,-11938.185077753184
