,Algorithm,Duration,SHD,SID,PR AUC,ROC AUC,F1,Accuracy,BDeu,BIC
0,<cdt.causality.graph.PC.PC object at 0x00000270DF5C8040>,2.2291951179504395,12.0,36.0,0.5911458333333334,0.8169398907103824,0.5714285714285715,0.953125,-5700.704223897763,-6008.607657914254
1,<cdt.causality.graph.GES.GES object at 0x00000270F82F3310>,0.7771785259246826,18.0,20.0,0.5229640151515152,0.8046448087431693,0.4705882352941177,0.9296875,-8271.920332560268,-13763.487256557306
2,<cdt.causality.graph.CCDr.CCDr object at 0x00000270DF5BBD60>,1.3473782539367676,8.0,12.0,0.6822916666666667,0.6666666666666666,0.5,0.96875,-16330.337454760847,-16419.926169916536
3,<cdt.causality.graph.bnlearn.GS object at 0x00000270DF5BBD30>,0.4162940979003906,15.0,21.0,0.7222222222222222,0.9692622950819672,0.6153846153846153,0.94140625,-5177.18044997011,-11085.310422093102
4,<cdt.causality.graph.bnlearn.MMPC object at 0x00000270DF5B3FA0>,0.3662736415863037,24.0,48.0,0.6666666666666666,0.9508196721311475,0.5,0.90625,-3242.1164319619024,-10220.408160195346
5,<cdt.causality.graph.bnlearn.IAMB object at 0x00000270F624C2E0>,0.37699389457702637,15.0,21.0,0.7222222222222222,0.9692622950819672,0.6153846153846153,0.94140625,-5177.18044997011,-11085.310422093102
6,<cdt.causality.graph.bnlearn.Fast_IAMB object at 0x00000270F624C310>,0.3855874538421631,15.0,21.0,0.7222222222222222,0.9692622950819672,0.6153846153846153,0.94140625,-5177.18044997011,-11085.310422093102
7,<cdt.causality.graph.bnlearn.Inter_IAMB object at 0x00000270F86E2A90>,0.38753676414489746,15.0,21.0,0.7222222222222222,0.9692622950819672,0.6153846153846153,0.94140625,-5177.18044997011,-11085.310422093102
