,Algorithm,Duration,SHD,SID,PR AUC,ROC AUC,F1,Accuracy,BDeu,BIC
0,<cdt.causality.graph.PC.PC object at 0x000001A72D4C8040>,2.2436509132385254,12.0,36.0,0.5911458333333334,0.8169398907103824,0.5714285714285715,0.953125,-5636.821217323923,-5945.036858309141
1,<cdt.causality.graph.GES.GES object at 0x000001A7464022E0>,0.7691466808319092,6.0,10.0,0.8040364583333334,0.948087431693989,0.7857142857142857,0.9765625,-8126.8573315021595,-9106.361242943745
2,<cdt.causality.graph.CCDr.CCDr object at 0x000001A72D4BBD60>,1.3630685806274414,8.0,12.0,0.6822916666666667,0.6666666666666666,0.5,0.96875,-16309.36244062752,-16398.80589616743
3,<cdt.causality.graph.bnlearn.GS object at 0x000001A72D4BBD30>,0.38079357147216797,8.0,12.0,0.8,0.9836065573770492,0.7499999999999999,0.96875,-5897.128150961696,-9450.114465768911
4,<cdt.causality.graph.bnlearn.MMPC object at 0x000001A72D4B3FA0>,0.37305212020874023,20.0,48.0,0.6875,0.959016393442623,0.5454545454545454,0.921875,-3278.3303910364434,-8258.5800541176
5,<cdt.causality.graph.bnlearn.IAMB object at 0x000001A74412C2B0>,0.376056432723999,8.0,12.0,0.8,0.9836065573770492,0.7499999999999999,0.96875,-5897.128150961696,-9450.114465768911
6,<cdt.causality.graph.bnlearn.Fast_IAMB object at 0x000001A74412C2E0>,0.3761765956878662,8.0,12.0,0.8,0.9836065573770492,0.7499999999999999,0.96875,-5897.128150961696,-9450.114465768911
7,<cdt.causality.graph.bnlearn.Inter_IAMB object at 0x000001A7465A2A60>,0.3750452995300293,8.0,12.0,0.8,0.9836065573770492,0.7499999999999999,0.96875,-5897.128150961696,-9450.114465768911
