,Algorithm,Duration,SHD,SID,PR AUC,ROC AUC,F1,Accuracy,BDeu,BIC
0,<cdt.causality.graph.PC.PC object at 0x000001A72D4C8040>,2.240614175796509,12.0,36.0,0.5911458333333334,0.8169398907103824,0.5714285714285715,0.953125,-5777.554036443207,-6085.014007231729
1,<cdt.causality.graph.GES.GES object at 0x000001A7464022E0>,0.7720179557800293,6.0,13.0,0.8040364583333334,0.948087431693989,0.7857142857142857,0.9765625,-5946.617143022374,-6794.652705190597
2,<cdt.causality.graph.CCDr.CCDr object at 0x000001A72D4BBD60>,1.3530092239379883,8.0,12.0,0.6822916666666667,0.6666666666666666,0.5,0.96875,-16359.378488362665,-16449.146715122988
3,<cdt.causality.graph.bnlearn.GS object at 0x000001A72D4BBD30>,0.37845563888549805,22.0,30.0,0.6764705882352942,0.9549180327868853,0.5217391304347826,0.9140625,-4425.4398107729,-12688.724721077126
4,<cdt.causality.graph.bnlearn.MMPC object at 0x000001A72D4B3FA0>,0.36499714851379395,28.0,48.0,0.65,0.9426229508196721,0.4615384615384615,0.890625,-3150.1020132490153,-12126.902330976336
5,<cdt.causality.graph.bnlearn.IAMB object at 0x000001A74412C2B0>,0.37182188034057617,22.0,30.0,0.6764705882352942,0.9549180327868853,0.5217391304347826,0.9140625,-4425.4398107729,-12688.724721077126
6,<cdt.causality.graph.bnlearn.Fast_IAMB object at 0x000001A74412C2E0>,0.37508106231689453,22.0,30.0,0.6764705882352942,0.9549180327868853,0.5217391304347826,0.9140625,-4425.4398107729,-12688.724721077126
7,<cdt.causality.graph.bnlearn.Inter_IAMB object at 0x000001A7465A2A60>,0.4140036106109619,22.0,30.0,0.6764705882352942,0.9549180327868853,0.5217391304347826,0.9140625,-4425.4398107729,-12688.724721077126
