,Algorithm,Duration,SHD,SID,PR AUC,ROC AUC,F1,Accuracy,BDeu,BIC
0,<cdt.causality.graph.PC.PC object at 0x000002B4686490D0>,2.1157453060150146,18.0,39.0,0.3564814814814815,0.5784313725490197,0.25,0.9444444444444444,-7454.512107838981,-7561.099981822516
1,<cdt.causality.graph.GES.GES object at 0x000002B481367B50>,0.7650072574615479,15.0,10.0,0.7233929331630481,0.923202614379085,0.6808510638297872,0.9537037037037037,-6059.341061313369,-22467.209016486686
2,<cdt.causality.graph.CCDr.CCDr object at 0x000002B46863BDF0>,1.4074907302856445,15.0,27.0,0.6064814814814815,0.5833333333333334,0.2857142857142857,0.9537037037037037,-9484.132805890682,-9553.443098296713
