,Algorithm,Duration,SHD,SID,PR AUC,ROC AUC,F1,Accuracy,BDeu,BIC
0,<cdt.causality.graph.PC.PC object at 0x000001FB12839100>,2.1555869579315186,18.0,39.0,0.3564814814814815,0.5784313725490197,0.25,0.9444444444444444,-7386.879195489713,-7493.04231133251
1,<cdt.causality.graph.GES.GES object at 0x000001FB2BF70F70>,0.7627902030944824,15.0,18.0,0.6750617283950617,0.8709150326797386,0.6511627906976745,0.9537037037037037,-4862.506800274268,-12215.915696862685
2,<cdt.causality.graph.CCDr.CCDr object at 0x000001FB12839040>,1.3754856586456299,15.0,27.0,0.6064814814814815,0.5833333333333334,0.2857142857142857,0.9537037037037037,-9415.473515109401,-9484.345652414297
