,Algorithm,Duration,SHD,SID,PR AUC,ROC AUC,F1,Accuracy,BDeu,BIC
0,<cdt.causality.graph.PC.PC object at 0x000001FB12839100>,2.163696527481079,18.0,39.0,0.3564814814814815,0.5784313725490197,0.25,0.9444444444444444,-7399.089372335777,-7505.472080503906
1,<cdt.causality.graph.GES.GES object at 0x000001FB2BF70F70>,0.7658233642578125,27.0,10.0,0.5244107744107744,0.7990196078431372,0.4705882352941177,0.9166666666666666,-8605.151005311203,-48034.31767054043
2,<cdt.causality.graph.CCDr.CCDr object at 0x000001FB12839040>,1.3716261386871338,15.0,27.0,0.6064814814814815,0.5833333333333334,0.2857142857142857,0.9537037037037037,-9424.612084191956,-9493.662039881205
