,Algorithm,Duration,SHD,SID,PR AUC,ROC AUC,F1,Accuracy,BDeu,BIC
0,<cdt.causality.graph.PC.PC object at 0x000002B4686490D0>,2.137469530105591,18.0,39.0,0.3564814814814815,0.5784313725490197,0.25,0.9444444444444444,-7398.0235675839185,-7503.826101482789
1,<cdt.causality.graph.GES.GES object at 0x000002B481367B50>,0.7674987316131592,14.0,15.0,0.6642817059483727,0.8464052287581699,0.65,0.9567901234567902,-6075.216646601266,-12543.475921792422
2,<cdt.causality.graph.CCDr.CCDr object at 0x000002B46863BDF0>,1.386758804321289,15.0,27.0,0.6064814814814815,0.5833333333333334,0.2857142857142857,0.9537037037037037,-9426.849356128014,-9495.363390948245
