,Algorithm,Duration,SHD,SID,PR AUC,ROC AUC,F1,Accuracy,BDeu,BIC
0,<cdt.causality.graph.PC.PC object at 0x000002B4686490D0>,2.163944959640503,18.0,39.0,0.3564814814814815,0.5784313725490197,0.25,0.9444444444444444,-7405.078863539193,-7511.763751887455
1,<cdt.causality.graph.GES.GES object at 0x000002B481367B50>,0.7735819816589355,18.0,17.0,0.6188271604938271,0.8398692810457516,0.5909090909090908,0.9444444444444444,-6775.958951981733,-14553.649458216256
2,<cdt.causality.graph.CCDr.CCDr object at 0x000002B46863BDF0>,1.3567655086517334,15.0,27.0,0.6064814814814815,0.5833333333333334,0.2857142857142857,0.9537037037037037,-9434.951907278251,-9504.363071259544
