,Algorithm,Duration,SHD,SID,PR AUC,ROC AUC,F1,Accuracy,BDeu,BIC
0,<cdt.causality.graph.PC.PC object at 0x000002B4686490D0>,2.1714982986450195,18.0,39.0,0.3564814814814815,0.5784313725490197,0.25,0.9444444444444444,-7458.904700524031,-7565.27105006462
1,<cdt.causality.graph.GES.GES object at 0x000002B481367B50>,0.7956712245941162,14.0,17.0,0.7097578347578347,0.8986928104575165,0.6818181818181818,0.9567901234567902,-5414.590106818832,-15964.182318355779
2,<cdt.causality.graph.CCDr.CCDr object at 0x000002B46863BDF0>,1.336301565170288,15.0,27.0,0.6064814814814815,0.5833333333333334,0.2857142857142857,0.9537037037037037,-9486.23982106955,-9555.298334191295
