,Algorithm,Duration,SHD,SID,PR AUC,ROC AUC,F1,Accuracy,BDeu,BIC
0,<cdt.causality.graph.PC.PC object at 0x000002B4686490D0>,2.193844795227051,18.0,39.0,0.3564814814814815,0.5784313725490197,0.25,0.9444444444444444,-7376.376864465465,-7481.750911948404
1,<cdt.causality.graph.GES.GES object at 0x000002B481367B50>,0.7751259803771973,27.0,20.0,0.4625372498935718,0.7467320261437909,0.4255319148936171,0.9166666666666666,-6260.872841543383,-17980.84065919643
2,<cdt.causality.graph.CCDr.CCDr object at 0x000002B46863BDF0>,1.3896052837371826,15.0,27.0,0.6064814814814815,0.5833333333333334,0.2857142857142857,0.9537037037037037,-9407.294455036968,-9475.408647733282
