,Algorithm,Duration,SHD,SID,PR AUC,ROC AUC,F1,Accuracy,BDeu,BIC
0,<cdt.causality.graph.PC.PC object at 0x000002B4686490D0>,2.1508336067199707,18.0,39.0,0.3564814814814815,0.5784313725490197,0.25,0.9444444444444444,-7433.375507667389,-7540.198750468626
1,<cdt.causality.graph.GES.GES object at 0x000002B481367B50>,0.7624616622924805,21.0,18.0,0.5075147611379496,0.7565359477124184,0.4878048780487805,0.9351851851851852,-6836.193837682934,-13915.115570579565
2,<cdt.causality.graph.CCDr.CCDr object at 0x000002B46863BDF0>,1.3897819519042969,15.0,27.0,0.6064814814814815,0.5833333333333334,0.2857142857142857,0.9537037037037037,-9458.639935920513,-9528.121321904995
