,Algorithm,Duration,SHD,SID,PR AUC,ROC AUC,F1,Accuracy,BDeu,BIC
0,<cdt.causality.graph.PC.PC object at 0x00000248786C8040>,5.078205347061157,18.0,66.0,0.5138888888888888,0.7352941176470588,0.5,0.9444444444444444,-42779.17242474324,-43232.62216169821
1,<cdt.causality.graph.GES.GES object at 0x000002488175FFD0>,0.7990849018096924,12.0,15.0,0.7552231718898386,0.9281045751633986,0.7272727272727274,0.9629629629629629,-42354.25876540263,-59194.01922902982
2,<cdt.causality.graph.CCDr.CCDr object at 0x00000248786B3F10>,1.8074309825897217,15.0,27.0,0.6064814814814815,0.5833333333333334,0.2857142857142857,0.9537037037037037,-92942.04811454425,-93027.12662011225
3,<cdt.causality.graph.bnlearn.GS object at 0x00000248786B9790>,0.8459985256195068,12.0,12.0,0.8,0.9803921568627452,0.7499999999999999,0.9629629629629629,-42239.162925240125,-110645.40617483878
4,<cdt.causality.graph.bnlearn.MMPC object at 0x00000248819A6340>,0.7215206623077393,38.0,90.0,0.6607142857142857,0.9379084967320261,0.4864864864864865,0.8827160493827161,-27339.374208402343,-117262.82212202229
5,<cdt.causality.graph.bnlearn.IAMB object at 0x00000248786BBD60>,0.8301243782043457,12.0,12.0,0.8,0.9803921568627452,0.7499999999999999,0.9629629629629629,-42239.162925240125,-110645.40617483878
6,<cdt.causality.graph.bnlearn.Fast_IAMB object at 0x00000248786BBD30>,0.7600424289703369,12.0,12.0,0.8,0.9803921568627452,0.7499999999999999,0.9629629629629629,-42239.162925240125,-110645.40617483878
7,<cdt.causality.graph.bnlearn.Inter_IAMB object at 0x00000248786BBF40>,0.7875919342041016,12.0,12.0,0.8,0.9803921568627452,0.7499999999999999,0.9629629629629629,-42239.162925240125,-110645.40617483878
