,Algorithm,Duration,SHD,SID,PR AUC,ROC AUC,F1,Accuracy,BDeu,BIC
0,<cdt.causality.graph.PC.PC object at 0x00000231744C8040>,4.964663028717041,18.0,66.0,0.5138888888888888,0.7352941176470588,0.5,0.9444444444444444,-42451.63005764046,-42905.179934398315
1,<cdt.causality.graph.GES.GES object at 0x000002318157FFD0>,0.8190512657165527,17.0,11.0,0.6799169859514687,0.8937908496732028,0.6382978723404256,0.9475308641975309,-59658.70288002401,-82204.8592002362
2,<cdt.causality.graph.CCDr.CCDr object at 0x00000231744B3F10>,1.7433342933654785,15.0,27.0,0.6064814814814815,0.5833333333333334,0.2857142857142857,0.9537037037037037,-93052.31394864767,-93137.41433243339
3,<cdt.causality.graph.bnlearn.GS object at 0x00000231744B9790>,0.8360083103179932,12.0,12.0,0.8,0.9803921568627452,0.7499999999999999,0.9629629629629629,-42239.91456265813,-110646.15850838777
4,<cdt.causality.graph.bnlearn.MMPC object at 0x00000231817B6310>,0.6891205310821533,40.0,90.0,0.6551724137931034,0.934640522875817,0.4736842105263158,0.8765432098765432,-27271.442993945126,-125324.30196611154
5,<cdt.causality.graph.bnlearn.IAMB object at 0x00000231744BBD60>,0.7763657569885254,12.0,12.0,0.8,0.9803921568627452,0.7499999999999999,0.9629629629629629,-42239.91456265813,-110646.15850838777
6,<cdt.causality.graph.bnlearn.Fast_IAMB object at 0x00000231744BBD30>,0.8047165870666504,12.0,12.0,0.8,0.9803921568627452,0.7499999999999999,0.9629629629629629,-42239.91456265813,-110646.15850838777
7,<cdt.causality.graph.bnlearn.Inter_IAMB object at 0x00000231744BBF40>,0.7871196269989014,12.0,12.0,0.8,0.9803921568627452,0.7499999999999999,0.9629629629629629,-42239.91456265813,-110646.15850838777
