,Algorithm,Duration,SHD,SID,PR AUC,ROC AUC,F1,Accuracy,BDeu,BIC
0,<cdt.causality.graph.PC.PC object at 0x00000231744C8040>,5.138819217681885,18.0,66.0,0.5138888888888888,0.7352941176470588,0.5,0.9444444444444444,-42367.55201489827,-42821.39127089468
1,<cdt.causality.graph.GES.GES object at 0x000002318157FFD0>,0.7759048938751221,15.0,12.0,0.6990740740740741,0.8970588235294119,0.6666666666666667,0.9537037037037037,-52736.60427731339,-75152.11992304094
2,<cdt.causality.graph.CCDr.CCDr object at 0x00000231744B3F10>,1.8295018672943115,15.0,27.0,0.6064814814814815,0.5833333333333334,0.2857142857142857,0.9537037037037037,-93118.18580128817,-93203.13492329522
3,<cdt.causality.graph.bnlearn.GS object at 0x00000231744B9790>,0.8453614711761475,12.0,12.0,0.8,0.9803921568627452,0.7499999999999999,0.9629629629629629,-42242.2168098649,-110648.45664299458
4,<cdt.causality.graph.bnlearn.MMPC object at 0x00000231817B6310>,0.7312700748443604,36.0,90.0,0.6666666666666666,0.9411764705882353,0.5,0.8888888888888888,-26959.788797217792,-116618.92233971242
5,<cdt.causality.graph.bnlearn.IAMB object at 0x00000231744BBD60>,0.8017194271087646,12.0,12.0,0.8,0.9803921568627452,0.7499999999999999,0.9629629629629629,-42242.2168098649,-110648.45664299458
6,<cdt.causality.graph.bnlearn.Fast_IAMB object at 0x00000231744BBD30>,0.8447515964508057,12.0,12.0,0.8,0.9803921568627452,0.7499999999999999,0.9629629629629629,-42242.2168098649,-110648.45664299458
7,<cdt.causality.graph.bnlearn.Inter_IAMB object at 0x00000231744BBF40>,0.8130409717559814,12.0,12.0,0.8,0.9803921568627452,0.7499999999999999,0.9629629629629629,-42242.2168098649,-110648.45664299458
