,Algorithm,Duration,SHD,SID,PR AUC,ROC AUC,F1,Accuracy,BDeu,BIC
0,<cdt.causality.graph.PC.PC object at 0x00000231744C8040>,5.107041120529175,18.0,66.0,0.5138888888888888,0.7352941176470588,0.5,0.9444444444444444,-42653.497481120925,-43107.27509822948
1,<cdt.causality.graph.GES.GES object at 0x000002318157FFD0>,0.8491106033325195,18.0,12.0,0.6450617283950617,0.8660130718954248,0.6086956521739131,0.9444444444444444,-59622.838592612025,-81423.62228302784
2,<cdt.causality.graph.CCDr.CCDr object at 0x00000231744B3F10>,1.751434087753296,15.0,27.0,0.6064814814814815,0.5833333333333334,0.2857142857142857,0.9537037037037037,-92930.21448710532,-93015.1350514158
3,<cdt.causality.graph.bnlearn.GS object at 0x00000231744B9790>,0.8230068683624268,12.0,12.0,0.8,0.9803921568627452,0.7499999999999999,0.9629629629629629,-42239.15023767649,-110645.39006118286
4,<cdt.causality.graph.bnlearn.MMPC object at 0x00000231817B6310>,0.7010891437530518,40.0,90.0,0.6551724137931034,0.934640522875817,0.4736842105263158,0.8765432098765432,-27186.895912945663,-125367.27414214825
5,<cdt.causality.graph.bnlearn.IAMB object at 0x00000231744BBD60>,0.7699909210205078,12.0,12.0,0.8,0.9803921568627452,0.7499999999999999,0.9629629629629629,-42239.15023767649,-110645.39006118286
6,<cdt.causality.graph.bnlearn.Fast_IAMB object at 0x00000231744BBD30>,0.7510030269622803,12.0,12.0,0.8,0.9803921568627452,0.7499999999999999,0.9629629629629629,-42239.15023767649,-110645.39006118286
7,<cdt.causality.graph.bnlearn.Inter_IAMB object at 0x00000231744BBF40>,0.8222672939300537,12.0,12.0,0.8,0.9803921568627452,0.7499999999999999,0.9629629629629629,-42239.15023767649,-110645.39006118286
