,Algorithm,Duration,SHD,SID,PR AUC,ROC AUC,F1,Accuracy,BDeu,BIC
0,<cdt.causality.graph.PC.PC object at 0x00000231744C8040>,5.48363184928894,18.0,66.0,0.5138888888888888,0.7352941176470588,0.5,0.9444444444444444,-42417.882326274215,-42871.90696827612
1,<cdt.causality.graph.GES.GES object at 0x000002318157FFD0>,0.8536410331726074,16.0,6.0,0.6891534391534391,0.8954248366013072,0.6521739130434783,0.9506172839506173,-69987.79534628874,-96618.86046273587
2,<cdt.causality.graph.CCDr.CCDr object at 0x00000231744B3F10>,1.7748212814331055,15.0,27.0,0.6064814814814815,0.5833333333333334,0.2857142857142857,0.9537037037037037,-92854.9400890108,-92939.78362400799
3,<cdt.causality.graph.bnlearn.GS object at 0x00000231744B9790>,0.8866837024688721,14.0,12.0,0.78125,0.977124183006536,0.72,0.9567901234567902,-42275.73164251268,-111056.8818311029
4,<cdt.causality.graph.bnlearn.MMPC object at 0x00000231817B6310>,0.7030384540557861,36.0,90.0,0.6666666666666666,0.9411764705882353,0.5,0.8888888888888888,-27116.714198888014,-116775.9849905802
5,<cdt.causality.graph.bnlearn.IAMB object at 0x00000231744BBD60>,0.807992696762085,14.0,12.0,0.78125,0.977124183006536,0.72,0.9567901234567902,-42275.73164251268,-111056.8818311029
6,<cdt.causality.graph.bnlearn.Fast_IAMB object at 0x00000231744BBD30>,0.8158829212188721,14.0,12.0,0.78125,0.977124183006536,0.72,0.9567901234567902,-42275.73164251268,-111056.8818311029
7,<cdt.causality.graph.bnlearn.Inter_IAMB object at 0x00000231744BBF40>,0.8090205192565918,14.0,12.0,0.78125,0.977124183006536,0.72,0.9567901234567902,-42275.73164251268,-111056.8818311029
