,Algorithm,Duration,SHD,SID,PR AUC,ROC AUC,F1,Accuracy,BDeu,BIC
0,<cdt.causality.graph.PC.PC object at 0x00000231744C8040>,5.167367696762085,18.0,66.0,0.5138888888888888,0.7352941176470588,0.5,0.9444444444444444,-42476.511427340374,-42930.17187476352
1,<cdt.causality.graph.GES.GES object at 0x000002318157FFD0>,0.8517110347747803,17.0,12.0,0.654320987654321,0.8676470588235294,0.6222222222222222,0.9475308641975309,-59935.339992850866,-103196.0871768569
2,<cdt.causality.graph.CCDr.CCDr object at 0x00000231744B3F10>,1.862544059753418,15.0,27.0,0.6064814814814815,0.5833333333333334,0.2857142857142857,0.9537037037037037,-93207.56516373233,-93292.60344748833
3,<cdt.causality.graph.bnlearn.GS object at 0x00000231744B9790>,0.8994998931884766,12.0,12.0,0.8,0.9803921568627452,0.7499999999999999,0.9629629629629629,-42235.38096233655,-110641.62287378838
4,<cdt.causality.graph.bnlearn.MMPC object at 0x00000231817B6310>,0.7260468006134033,36.0,90.0,0.6666666666666666,0.9411764705882353,0.5,0.8888888888888888,-26940.64718507915,-116599.53566109076
5,<cdt.causality.graph.bnlearn.IAMB object at 0x00000231744BBD60>,0.7934942245483398,12.0,12.0,0.8,0.9803921568627452,0.7499999999999999,0.9629629629629629,-42235.38096233655,-110641.62287378838
6,<cdt.causality.graph.bnlearn.Fast_IAMB object at 0x00000231744BBD30>,0.7747969627380371,12.0,12.0,0.8,0.9803921568627452,0.7499999999999999,0.9629629629629629,-42235.38096233655,-110641.62287378838
7,<cdt.causality.graph.bnlearn.Inter_IAMB object at 0x00000231744BBF40>,0.7971920967102051,12.0,12.0,0.8,0.9803921568627452,0.7499999999999999,0.9629629629629629,-42235.38096233655,-110641.62287378838
