,Algorithm,Duration,SHD,SID,PR AUC,ROC AUC,F1,Accuracy,BDeu,BIC
0,<cdt.causality.graph.PC.PC object at 0x00000231744C8040>,4.971165180206299,18.0,66.0,0.5138888888888888,0.7352941176470588,0.5,0.9444444444444444,-42417.17394394935,-42870.71815661705
1,<cdt.causality.graph.GES.GES object at 0x000002318157FFD0>,0.7827625274658203,15.0,17.0,0.6750617283950617,0.8709150326797386,0.6511627906976745,0.9537037037037037,-49255.717399640955,-66222.29070714353
2,<cdt.causality.graph.CCDr.CCDr object at 0x00000231744B3F10>,1.7771623134613037,15.0,27.0,0.6064814814814815,0.5833333333333334,0.2857142857142857,0.9537037037037037,-93099.96743621885,-93185.06000946731
3,<cdt.causality.graph.bnlearn.GS object at 0x00000231744B9790>,0.8559973239898682,12.0,12.0,0.8,0.9803921568627452,0.7499999999999999,0.9629629629629629,-42240.86448547439,-110647.10434193726
4,<cdt.causality.graph.bnlearn.MMPC object at 0x00000231817B6310>,0.7201247215270996,36.0,90.0,0.6666666666666666,0.9411764705882353,0.5,0.8888888888888888,-27019.782107996303,-116678.92777851448
5,<cdt.causality.graph.bnlearn.IAMB object at 0x00000231744BBD60>,0.8450431823730469,12.0,12.0,0.8,0.9803921568627452,0.7499999999999999,0.9629629629629629,-42240.86448547439,-110647.10434193726
6,<cdt.causality.graph.bnlearn.Fast_IAMB object at 0x00000231744BBD30>,0.766960620880127,12.0,12.0,0.8,0.9803921568627452,0.7499999999999999,0.9629629629629629,-42240.86448547439,-110647.10434193726
7,<cdt.causality.graph.bnlearn.Inter_IAMB object at 0x00000231744BBF40>,0.8222692012786865,12.0,12.0,0.8,0.9803921568627452,0.7499999999999999,0.9629629629629629,-42240.86448547439,-110647.10434193726
