,Algorithm,Duration,SHD,SID,PR AUC,ROC AUC,F1,Accuracy,BDeu,BIC
0,<cdt.causality.graph.PC.PC object at 0x00000248786C8040>,4.9733357429504395,18.0,66.0,0.5138888888888888,0.7352941176470588,0.5,0.9444444444444444,-42687.64346765966,-43140.91079710353
1,<cdt.causality.graph.GES.GES object at 0x000002488175FFD0>,0.8160960674285889,19.0,13.0,0.6095679012345679,0.8382352941176472,0.5777777777777777,0.941358024691358,-66552.93089077441,-89212.97971051002
2,<cdt.causality.graph.CCDr.CCDr object at 0x00000248786B3F10>,1.7348649501800537,15.0,27.0,0.6064814814814815,0.5833333333333334,0.2857142857142857,0.9537037037037037,-93027.56488689521,-93112.7601086787
3,<cdt.causality.graph.bnlearn.GS object at 0x00000248786B9790>,0.8340005874633789,12.0,12.0,0.8,0.9803921568627452,0.7499999999999999,0.9629629629629629,-42240.72021524327,-110646.96581916315
4,<cdt.causality.graph.bnlearn.MMPC object at 0x00000248819A6340>,0.6908605098724365,38.0,90.0,0.6607142857142857,0.9379084967320261,0.4864864864864865,0.8827160493827161,-27395.839759557308,-117995.4425006852
5,<cdt.causality.graph.bnlearn.IAMB object at 0x00000248786BBD60>,0.7743008136749268,12.0,12.0,0.8,0.9803921568627452,0.7499999999999999,0.9629629629629629,-42240.72021524327,-110646.96581916315
6,<cdt.causality.graph.bnlearn.Fast_IAMB object at 0x00000248786BBD30>,0.7600588798522949,12.0,12.0,0.8,0.9803921568627452,0.7499999999999999,0.9629629629629629,-42240.72021524327,-110646.96581916315
7,<cdt.causality.graph.bnlearn.Inter_IAMB object at 0x00000248786BBF40>,0.7920022010803223,12.0,12.0,0.8,0.9803921568627452,0.7499999999999999,0.9629629629629629,-42240.72021524327,-110646.96581916315
