,Algorithm,Duration,SHD,SID,PR AUC,ROC AUC,F1,Accuracy,BDeu,BIC
0,<cdt.causality.graph.PC.PC object at 0x00000231744C8040>,4.9752960205078125,18.0,66.0,0.5138888888888888,0.7352941176470588,0.5,0.9444444444444444,-42459.96120316383,-42913.63020046515
1,<cdt.causality.graph.GES.GES object at 0x000002318157FFD0>,0.7870211601257324,14.0,17.0,0.6867283950617284,0.8725490196078431,0.6666666666666666,0.9567901234567902,-49223.41592521384,-66177.19125428188
2,<cdt.causality.graph.CCDr.CCDr object at 0x00000231744B3F10>,1.7489638328552246,15.0,27.0,0.6064814814814815,0.5833333333333334,0.2857142857142857,0.9537037037037037,-92924.44893228322,-93009.46472874914
3,<cdt.causality.graph.bnlearn.GS object at 0x00000231744B9790>,0.8309974670410156,12.0,12.0,0.8,0.9803921568627452,0.7499999999999999,0.9629629629629629,-42236.749126296614,-110642.98595213877
4,<cdt.causality.graph.bnlearn.MMPC object at 0x00000231817B6310>,0.6920020580291748,40.0,90.0,0.6551724137931034,0.934640522875817,0.4736842105263158,0.8765432098765432,-27071.579241633164,-125252.47898538977
5,<cdt.causality.graph.bnlearn.IAMB object at 0x00000231744BBD60>,0.7782206535339355,12.0,12.0,0.8,0.9803921568627452,0.7499999999999999,0.9629629629629629,-42236.749126296614,-110642.98595213877
6,<cdt.causality.graph.bnlearn.Fast_IAMB object at 0x00000231744BBD30>,0.8280532360076904,12.0,12.0,0.8,0.9803921568627452,0.7499999999999999,0.9629629629629629,-42236.749126296614,-110642.98595213877
7,<cdt.causality.graph.bnlearn.Inter_IAMB object at 0x00000231744BBF40>,0.7974393367767334,12.0,12.0,0.8,0.9803921568627452,0.7499999999999999,0.9629629629629629,-42236.749126296614,-110642.98595213877
