,Algorithm,Duration,SHD,SID,PR AUC,ROC AUC,F1,Accuracy,BDeu,BIC
0,<cdt.causality.graph.PC.PC object at 0x00000231744C8040>,5.118855953216553,18.0,66.0,0.5138888888888888,0.7352941176470588,0.5,0.9444444444444444,-42448.20704545888,-42901.29927972089
1,<cdt.causality.graph.GES.GES object at 0x000002318157FFD0>,0.7871224880218506,14.0,8.0,0.7097578347578347,0.8986928104575165,0.6818181818181818,0.9567901234567902,-63499.117469475015,-85333.98554971952
2,<cdt.causality.graph.CCDr.CCDr object at 0x00000231744B3F10>,1.7890894412994385,15.0,27.0,0.6064814814814815,0.5833333333333334,0.2857142857142857,0.9537037037037037,-93339.62895424028,-93424.98119730098
3,<cdt.causality.graph.bnlearn.GS object at 0x00000231744B9790>,0.8720118999481201,12.0,12.0,0.8,0.9803921568627452,0.7499999999999999,0.9629629629629629,-42242.6380216004,-110648.88095367236
4,<cdt.causality.graph.bnlearn.MMPC object at 0x00000231817B6310>,0.6994326114654541,36.0,90.0,0.6666666666666666,0.9411764705882353,0.5,0.8888888888888888,-26910.237220904204,-116568.94108930478
5,<cdt.causality.graph.bnlearn.IAMB object at 0x00000231744BBD60>,0.7834548950195312,12.0,12.0,0.8,0.9803921568627452,0.7499999999999999,0.9629629629629629,-42242.6380216004,-110648.88095367236
6,<cdt.causality.graph.bnlearn.Fast_IAMB object at 0x00000231744BBD30>,0.7619998455047607,12.0,12.0,0.8,0.9803921568627452,0.7499999999999999,0.9629629629629629,-42242.6380216004,-110648.88095367236
7,<cdt.causality.graph.bnlearn.Inter_IAMB object at 0x00000231744BBF40>,0.7817873954772949,12.0,12.0,0.8,0.9803921568627452,0.7499999999999999,0.9629629629629629,-42242.6380216004,-110648.88095367236
