,Algorithm,Duration,SHD,SID,PR AUC,ROC AUC,F1,Accuracy,BDeu,BIC
0,<cdt.causality.graph.PC.PC object at 0x000002C055768040>,1.8096954822540283,6.0,18.0,0.5989583333333334,0.7988505747126435,0.5714285714285715,0.90625,-2841.9759552331634,-2996.277116478086
1,<cdt.causality.graph.GES.GES object at 0x000002C055753F10>,0.7596266269683838,4.0,7.0,0.7369791666666667,0.8908045977011495,0.7142857142857143,0.9375,-2975.7838458745528,-3399.841322956373
2,<cdt.causality.graph.CCDr.CCDr object at 0x000002C05575BD30>,1.1471734046936035,4.0,6.0,0.6979166666666667,0.6666666666666666,0.5,0.9375,-8110.436817456259,-8155.08110608622
3,<cdt.causality.graph.bnlearn.GS object at 0x000002C05575BD60>,0.33026599884033203,4.0,6.0,0.8,0.9655172413793103,0.7499999999999999,0.9375,-2949.5771808916625,-4726.130336520943
4,<cdt.causality.graph.bnlearn.MMPC object at 0x000002C06E6822E0>,0.3280332088470459,10.0,24.0,0.6875,0.9137931034482758,0.5454545454545454,0.84375,-1670.2546606046967,-4160.569525835485
5,<cdt.causality.graph.bnlearn.IAMB object at 0x000002C06C1BC2E0>,0.3315091133117676,4.0,6.0,0.8,0.9655172413793103,0.7499999999999999,0.9375,-2949.5771808916625,-4726.130336520943
6,<cdt.causality.graph.bnlearn.Fast_IAMB object at 0x000002C06C1BC2B0>,0.37029123306274414,4.0,6.0,0.8,0.9655172413793103,0.7499999999999999,0.9375,-2949.5771808916625,-4726.130336520943
7,<cdt.causality.graph.bnlearn.Inter_IAMB object at 0x000002C06E832A60>,0.3291783332824707,4.0,6.0,0.8,0.9655172413793103,0.7499999999999999,0.9375,-2949.5771808916625,-4726.130336520943
