,Algorithm,Duration,SHD,SID,PR AUC,ROC AUC,F1,Accuracy,BDeu,BIC
0,<cdt.causality.graph.PC.PC object at 0x000002C055768040>,1.806741714477539,6.0,18.0,0.5989583333333334,0.7988505747126435,0.5714285714285715,0.90625,-2899.7665760685304,-3053.6185994568687
1,<cdt.causality.graph.GES.GES object at 0x000002C055753F10>,0.7649974822998047,6.0,8.0,0.5989583333333334,0.7988505747126435,0.5714285714285715,0.90625,-2969.7316611160763,-3393.746175061887
2,<cdt.causality.graph.CCDr.CCDr object at 0x000002C05575BD30>,1.1567387580871582,4.0,6.0,0.6979166666666667,0.6666666666666666,0.5,0.9375,-8160.89269000606,-8205.688843621498
3,<cdt.causality.graph.bnlearn.GS object at 0x000002C05575BD60>,0.33428311347961426,4.0,6.0,0.8,0.9655172413793103,0.7499999999999999,0.9375,-2943.54091759456,-4720.035188626457
4,<cdt.causality.graph.bnlearn.MMPC object at 0x000002C06E6822E0>,0.3237748146057129,10.0,24.0,0.6875,0.9137931034482758,0.5454545454545454,0.84375,-1670.9438476615546,-4160.938346462097
5,<cdt.causality.graph.bnlearn.IAMB object at 0x000002C06C1BC2E0>,0.3337113857269287,4.0,6.0,0.8,0.9655172413793103,0.7499999999999999,0.9375,-2943.54091759456,-4720.035188626457
6,<cdt.causality.graph.bnlearn.Fast_IAMB object at 0x000002C06C1BC2B0>,0.3404655456542969,4.0,6.0,0.8,0.9655172413793103,0.7499999999999999,0.9375,-2943.54091759456,-4720.035188626457
7,<cdt.causality.graph.bnlearn.Inter_IAMB object at 0x000002C06E832A60>,0.3293335437774658,4.0,6.0,0.8,0.9655172413793103,0.7499999999999999,0.9375,-2943.54091759456,-4720.035188626457
