,Algorithm,Duration,SHD,SID,PR AUC,ROC AUC,F1,Accuracy,BDeu,BIC
0,<cdt.causality.graph.PC.PC object at 0x000002C055768040>,1.8095147609710693,6.0,18.0,0.5989583333333334,0.7988505747126435,0.5714285714285715,0.90625,-2834.7108372242574,-2989.0108655115414
1,<cdt.causality.graph.GES.GES object at 0x000002C055753F10>,0.8092348575592041,4.0,6.0,0.7369791666666667,0.8908045977011495,0.7142857142857143,0.9375,-4353.805027572499,-4874.736345393477
2,<cdt.causality.graph.CCDr.CCDr object at 0x000002C05575BD30>,1.1442973613739014,4.0,6.0,0.6979166666666667,0.6666666666666666,0.5,0.9375,-8118.2234166525395,-8162.85927994367
3,<cdt.causality.graph.bnlearn.GS object at 0x000002C05575BD60>,0.32643604278564453,4.0,6.0,0.8,0.9655172413793103,0.7499999999999999,0.9375,-2948.115375931204,-4724.64677668582
4,<cdt.causality.graph.bnlearn.MMPC object at 0x000002C06E6822E0>,0.32613134384155273,10.0,24.0,0.6875,0.9137931034482758,0.5454545454545454,0.84375,-1662.5844930736052,-4152.916513934711
5,<cdt.causality.graph.bnlearn.IAMB object at 0x000002C06C1BC2E0>,0.3286745548248291,4.0,6.0,0.8,0.9655172413793103,0.7499999999999999,0.9375,-2948.115375931204,-4724.64677668582
6,<cdt.causality.graph.bnlearn.Fast_IAMB object at 0x000002C06C1BC2B0>,0.33309483528137207,4.0,6.0,0.8,0.9655172413793103,0.7499999999999999,0.9375,-2948.115375931204,-4724.64677668582
7,<cdt.causality.graph.bnlearn.Inter_IAMB object at 0x000002C06E832A60>,0.3306102752685547,4.0,6.0,0.8,0.9655172413793103,0.7499999999999999,0.9375,-2948.115375931204,-4724.64677668582
