,Algorithm,Duration,SHD,SID,PR AUC,ROC AUC,F1,Accuracy,BDeu,BIC
0,<cdt.causality.graph.PC.PC object at 0x00000244E8768040>,1.809197187423706,6.0,18.0,0.5989583333333334,0.7988505747126435,0.5714285714285715,0.90625,-2851.5265233875857,-3005.28424985494
1,<cdt.causality.graph.GES.GES object at 0x00000244E8753F10>,0.7606313228607178,4.0,7.0,0.7369791666666667,0.8908045977011495,0.7142857142857143,0.9375,-2975.6374869354886,-3399.663550595476
2,<cdt.causality.graph.CCDr.CCDr object at 0x00000244E875BD30>,1.1735987663269043,4.0,6.0,0.6979166666666667,0.6666666666666666,0.5,0.9375,-8202.54005144797,-8247.44204220542
3,<cdt.causality.graph.bnlearn.GS object at 0x00000244E875BD60>,0.3309590816497803,4.0,6.0,0.8,0.9655172413793103,0.7499999999999999,0.9375,-2949.4385912560506,-4725.952564160047
4,<cdt.causality.graph.bnlearn.MMPC object at 0x0000024501482310>,0.32804274559020996,10.0,24.0,0.6875,0.9137931034482758,0.5454545454545454,0.84375,-1631.7207216764214,-4121.489631531533
5,<cdt.causality.graph.bnlearn.IAMB object at 0x00000244FF1CC310>,0.3314659595489502,4.0,6.0,0.8,0.9655172413793103,0.7499999999999999,0.9375,-2949.4385912560506,-4725.952564160047
6,<cdt.causality.graph.bnlearn.Fast_IAMB object at 0x00000244FF1CC2E0>,0.3311583995819092,4.0,6.0,0.8,0.9655172413793103,0.7499999999999999,0.9375,-2949.4385912560506,-4725.952564160047
7,<cdt.causality.graph.bnlearn.Inter_IAMB object at 0x0000024501862A90>,0.3304586410522461,4.0,6.0,0.8,0.9655172413793103,0.7499999999999999,0.9375,-2949.4385912560506,-4725.952564160047
