,Algorithm,Duration,SHD,SID,PR AUC,ROC AUC,F1,Accuracy,BDeu,BIC
0,<cdt.causality.graph.PC.PC object at 0x00000244E8768040>,1.8897497653961182,6.0,18.0,0.5989583333333334,0.7988505747126435,0.5714285714285715,0.90625,-2927.5981721761887,-3081.8566469636603
1,<cdt.causality.graph.GES.GES object at 0x00000244E8753F10>,0.7590279579162598,2.0,6.0,0.875,0.9827586206896552,0.8571428571428571,0.96875,-2972.859346712293,-3396.8742290560313
2,<cdt.causality.graph.CCDr.CCDr object at 0x00000244E875BD30>,1.159749984741211,4.0,6.0,0.6979166666666667,0.6666666666666666,0.5,0.9375,-8063.851953854975,-8108.416176504217
3,<cdt.causality.graph.bnlearn.GS object at 0x00000244E875BD60>,0.3240537643432617,4.0,6.0,0.8,0.9655172413793103,0.7499999999999999,0.9375,-2946.6549685418704,-4723.1632426206015
4,<cdt.causality.graph.bnlearn.MMPC object at 0x0000024501482310>,0.3246610164642334,10.0,24.0,0.6875,0.9137931034482758,0.5454545454545454,0.84375,-1735.5909255647384,-4226.176946585331
5,<cdt.causality.graph.bnlearn.IAMB object at 0x00000244FF1CC310>,0.33699989318847656,4.0,6.0,0.8,0.9655172413793103,0.7499999999999999,0.9375,-2946.6549685418704,-4723.1632426206015
6,<cdt.causality.graph.bnlearn.Fast_IAMB object at 0x00000244FF1CC2E0>,0.36365747451782227,4.0,6.0,0.8,0.9655172413793103,0.7499999999999999,0.9375,-2946.6549685418704,-4723.1632426206015
7,<cdt.causality.graph.bnlearn.Inter_IAMB object at 0x0000024501862A90>,0.334195613861084,4.0,6.0,0.8,0.9655172413793103,0.7499999999999999,0.9375,-2946.6549685418704,-4723.1632426206015
