,Algorithm,Duration,SHD,SID,PR AUC,ROC AUC,F1,Accuracy,BDeu,BIC
0,<cdt.causality.graph.PC.PC object at 0x000002C055768040>,1.8028671741485596,6.0,18.0,0.5989583333333334,0.7988505747126435,0.5714285714285715,0.90625,-2929.7282816337497,-3083.77053848274
1,<cdt.causality.graph.GES.GES object at 0x000002C055753F10>,0.766505241394043,7.0,7.0,0.5711805555555556,0.7902298850574712,0.5333333333333333,0.890625,-4424.945086929909,-5536.679487457035
2,<cdt.causality.graph.CCDr.CCDr object at 0x000002C05575BD30>,1.137739896774292,4.0,6.0,0.6979166666666667,0.6666666666666666,0.5,0.9375,-8107.621335046126,-8152.262124174526
3,<cdt.causality.graph.bnlearn.GS object at 0x000002C05575BD60>,0.33017516136169434,15.0,15.0,0.6428571428571428,0.8706896551724138,0.4444444444444445,0.765625,-2354.026470073492,-19972.77834162451
4,<cdt.causality.graph.bnlearn.MMPC object at 0x000002C06E6822E0>,0.3340268135070801,18.0,24.0,0.625,0.8448275862068966,0.4,0.71875,-1794.579900112663,-21026.657124876256
5,<cdt.causality.graph.bnlearn.IAMB object at 0x000002C06C1BC2E0>,0.33202314376831055,15.0,15.0,0.6428571428571428,0.8706896551724138,0.4444444444444445,0.765625,-2354.026470073492,-19972.77834162451
6,<cdt.causality.graph.bnlearn.Fast_IAMB object at 0x000002C06C1BC2B0>,0.3326406478881836,15.0,15.0,0.6428571428571428,0.8706896551724138,0.4444444444444445,0.765625,-2354.026470073492,-19972.77834162451
7,<cdt.causality.graph.bnlearn.Inter_IAMB object at 0x000002C06E832A60>,0.3349125385284424,15.0,15.0,0.6428571428571428,0.8706896551724138,0.4444444444444445,0.765625,-2354.026470073492,-19972.77834162451
