,Algorithm,Duration,SHD,SID,PR AUC,ROC AUC,F1,Accuracy,BDeu,BIC
0,<cdt.causality.graph.PC.PC object at 0x000002C055768040>,1.8085243701934814,6.0,18.0,0.5989583333333334,0.7988505747126435,0.5714285714285715,0.90625,-2925.058552209063,-3079.139985552737
1,<cdt.causality.graph.GES.GES object at 0x000002C055753F10>,0.7768311500549316,8.0,5.0,0.4609375,0.7068965517241379,0.42857142857142855,0.875,-6531.467425858379,-7183.892704849577
2,<cdt.causality.graph.CCDr.CCDr object at 0x000002C05575BD30>,1.1409015655517578,4.0,6.0,0.6979166666666667,0.6666666666666666,0.5,0.9375,-8101.102606569519,-8145.757305592597
3,<cdt.causality.graph.bnlearn.GS object at 0x000002C05575BD60>,0.3293921947479248,4.0,6.0,0.8,0.9655172413793103,0.7499999999999999,0.9375,-2947.678890973679,-4724.1946525362155
4,<cdt.causality.graph.bnlearn.MMPC object at 0x000002C06E6822E0>,0.3260624408721924,10.0,24.0,0.6875,0.9137931034482758,0.5454545454545454,0.84375,-1716.7176420348878,-4207.076506349724
5,<cdt.causality.graph.bnlearn.IAMB object at 0x000002C06C1BC2E0>,0.33104991912841797,4.0,6.0,0.8,0.9655172413793103,0.7499999999999999,0.9375,-2947.678890973679,-4724.1946525362155
6,<cdt.causality.graph.bnlearn.Fast_IAMB object at 0x000002C06C1BC2B0>,0.3286724090576172,4.0,6.0,0.8,0.9655172413793103,0.7499999999999999,0.9375,-2947.678890973679,-4724.1946525362155
7,<cdt.causality.graph.bnlearn.Inter_IAMB object at 0x000002C06E832A60>,0.32979559898376465,4.0,6.0,0.8,0.9655172413793103,0.7499999999999999,0.9375,-2947.678890973679,-4724.1946525362155
