,Algorithm,Duration,SHD,SID,PR AUC,ROC AUC,F1,Accuracy,BDeu,BIC
0,<cdt.causality.graph.PC.PC object at 0x000002C055768040>,1.8006923198699951,6.0,18.0,0.5989583333333334,0.7988505747126435,0.5714285714285715,0.90625,-2863.00808693267,-3016.867100027792
1,<cdt.causality.graph.GES.GES object at 0x000002C055753F10>,0.7620236873626709,8.0,9.0,0.5489583333333333,0.7816091954022988,0.5,0.875,-4327.563643763754,-6200.988697696879
2,<cdt.causality.graph.CCDr.CCDr object at 0x000002C05575BD30>,1.161379337310791,4.0,6.0,0.6979166666666667,0.6666666666666666,0.5,0.9375,-8181.288526396576,-8226.12068259888
3,<cdt.causality.graph.bnlearn.GS object at 0x000002C05575BD60>,0.38172173500061035,4.0,6.0,0.8,0.9655172413793103,0.7499999999999999,0.9375,-2945.5685948385812,-4722.063616753894
4,<cdt.causality.graph.bnlearn.MMPC object at 0x000002C06E6822E0>,0.3291511535644531,10.0,24.0,0.6875,0.9137931034482758,0.5454545454545454,0.84375,-1644.6893284727585,-4134.608742924956
5,<cdt.causality.graph.bnlearn.IAMB object at 0x000002C06C1BC2E0>,0.3332221508026123,4.0,6.0,0.8,0.9655172413793103,0.7499999999999999,0.9375,-2945.5685948385812,-4722.063616753894
6,<cdt.causality.graph.bnlearn.Fast_IAMB object at 0x000002C06C1BC2B0>,0.3305652141571045,4.0,6.0,0.8,0.9655172413793103,0.7499999999999999,0.9375,-2945.5685948385812,-4722.063616753894
7,<cdt.causality.graph.bnlearn.Inter_IAMB object at 0x000002C06E832A60>,0.33345913887023926,4.0,6.0,0.8,0.9655172413793103,0.7499999999999999,0.9375,-2945.5685948385812,-4722.063616753894
