,Algorithm,Duration,SHD,SID,PR AUC,ROC AUC,F1,Accuracy,BDeu,BIC
0,<cdt.causality.graph.PC.PC object at 0x000002C055768040>,1.8608274459838867,6.0,18.0,0.5989583333333334,0.7988505747126435,0.5714285714285715,0.90625,-2961.8154259084295,-3115.7633266199778
1,<cdt.causality.graph.GES.GES object at 0x000002C055753F10>,0.7580397129058838,6.0,7.0,0.5989583333333334,0.7988505747126435,0.5714285714285715,0.90625,-4354.593011863232,-4875.525303413129
2,<cdt.causality.graph.CCDr.CCDr object at 0x000002C05575BD30>,1.1558167934417725,4.0,6.0,0.6979166666666667,0.6666666666666666,0.5,0.9375,-8106.464818173143,-8151.149155059393
3,<cdt.causality.graph.bnlearn.GS object at 0x000002C05575BD60>,0.3300502300262451,4.0,6.0,0.8,0.9655172413793103,0.7499999999999999,0.9375,-2948.0178181307115,-4724.53228150237
4,<cdt.causality.graph.bnlearn.MMPC object at 0x000002C06E6822E0>,0.3249990940093994,10.0,24.0,0.6875,0.9137931034482758,0.5454545454545454,0.84375,-1732.8276963335575,-4223.107998553267
5,<cdt.causality.graph.bnlearn.IAMB object at 0x000002C06C1BC2E0>,0.3317739963531494,4.0,6.0,0.8,0.9655172413793103,0.7499999999999999,0.9375,-2948.0178181307115,-4724.53228150237
6,<cdt.causality.graph.bnlearn.Fast_IAMB object at 0x000002C06C1BC2B0>,0.3328981399536133,4.0,6.0,0.8,0.9655172413793103,0.7499999999999999,0.9375,-2948.0178181307115,-4724.53228150237
7,<cdt.causality.graph.bnlearn.Inter_IAMB object at 0x000002C06E832A60>,0.32900023460388184,4.0,6.0,0.8,0.9655172413793103,0.7499999999999999,0.9375,-2948.0178181307115,-4724.53228150237
