,Algorithm,Duration,SHD,SID,PR AUC,ROC AUC,F1,Accuracy,BDeu,BIC
0,<cdt.causality.graph.PC.PC object at 0x000002C055768040>,1.8111557960510254,6.0,18.0,0.5989583333333334,0.7988505747126435,0.5714285714285715,0.90625,-2823.222459839373,-2977.673052087932
1,<cdt.causality.graph.GES.GES object at 0x000002C055753F10>,0.7593889236450195,2.0,6.0,0.875,0.9827586206896552,0.8571428571428571,0.96875,-2971.1711454717442,-3395.2266493741845
2,<cdt.causality.graph.CCDr.CCDr object at 0x000002C05575BD30>,1.1988885402679443,4.0,6.0,0.6979166666666667,0.6666666666666666,0.5,0.9375,-8097.500819394638,-8142.036178308555
3,<cdt.causality.graph.bnlearn.GS object at 0x000002C05575BD60>,0.3279261589050293,4.0,6.0,0.8,0.9655172413793103,0.7499999999999999,0.9375,-2944.9899748540483,-4721.515662938755
4,<cdt.causality.graph.bnlearn.MMPC object at 0x000002C06E6822E0>,0.32012295722961426,10.0,24.0,0.6875,0.9137931034482758,0.5454545454545454,0.84375,-1664.3051658367208,-4154.735530935235
5,<cdt.causality.graph.bnlearn.IAMB object at 0x000002C06C1BC2E0>,0.3359975814819336,4.0,6.0,0.8,0.9655172413793103,0.7499999999999999,0.9375,-2944.9899748540483,-4721.515662938755
6,<cdt.causality.graph.bnlearn.Fast_IAMB object at 0x000002C06C1BC2B0>,0.34799885749816895,4.0,6.0,0.8,0.9655172413793103,0.7499999999999999,0.9375,-2944.9899748540483,-4721.515662938755
7,<cdt.causality.graph.bnlearn.Inter_IAMB object at 0x000002C06E832A60>,0.3290684223175049,4.0,6.0,0.8,0.9655172413793103,0.7499999999999999,0.9375,-2944.9899748540483,-4721.515662938755
