,Algorithm,Score,No. of calls,SHD,SID,PR AUC,ROC AUC,F1,Accuracy,BDeu,BIC
0,hc,bde,84.0,2.0,0.0,0.875,0.9827586206896552,0.8571428571428571,0.96875,-27843.174825465507,-30045.418137432473
1,hc,bic,70.0,0.0,0.0,1.0,1.0,1.0,1.0,-27850.66743936642,-28410.11704468056
2,tabu,bde,207.0,2.0,0.0,0.875,0.9827586206896552,0.8571428571428571,0.96875,-27843.174825465507,-30045.418137432473
3,tabu,bic,199.0,0.0,0.0,1.0,1.0,1.0,1.0,-27850.66743936642,-28410.11704468056
