,Algorithm,Duration,SHD,SID,PR AUC,ROC AUC,F1,Accuracy,BDeu,BIC
0,<cdt.causality.graph.PC.PC object at 0x00000280A8208040>,3.289914131164551,18.0,66.0,0.5138888888888888,0.7352941176470588,0.5,0.9444444444444444,-17290.157742764655,-17697.670260028273
1,<cdt.causality.graph.GES.GES object at 0x00000280C10BFFD0>,0.775048017501831,17.0,6.0,0.6799169859514687,0.8937908496732028,0.6382978723404256,0.9475308641975309,-28532.878769623116,-52250.38472586013
2,<cdt.causality.graph.CCDr.CCDr object at 0x00000280A7FE3F10>,1.4770524501800537,15.0,27.0,0.6064814814814815,0.5833333333333334,0.2857142857142857,0.9537037037037037,-37542.31473425746,-37621.55503758861
3,<cdt.causality.graph.bnlearn.GS object at 0x00000280A7FE9790>,0.5420775413513184,12.0,12.0,0.8,0.9803921568627452,0.7499999999999999,0.9629629629629629,-17256.768629388574,-78264.98354568148
4,<cdt.causality.graph.bnlearn.MMPC object at 0x00000280C1307340>,0.45400166511535645,36.0,90.0,0.6666666666666666,0.9411764705882353,0.5,0.8888888888888888,-11220.352759313148,-91164.84475522497
5,<cdt.causality.graph.bnlearn.IAMB object at 0x00000280A7FEBD60>,0.5160160064697266,12.0,12.0,0.8,0.9803921568627452,0.7499999999999999,0.9629629629629629,-17256.768629388574,-78264.98354568148
6,<cdt.causality.graph.bnlearn.Fast_IAMB object at 0x00000280A7FEBD30>,0.49825263023376465,12.0,12.0,0.8,0.9803921568627452,0.7499999999999999,0.9629629629629629,-17256.768629388574,-78264.98354568148
7,<cdt.causality.graph.bnlearn.Inter_IAMB object at 0x00000280A7FEBF40>,0.5145211219787598,12.0,12.0,0.8,0.9803921568627452,0.7499999999999999,0.9629629629629629,-17256.768629388574,-78264.98354568148
