,Algorithm,Duration,SHD,SID,PR AUC,ROC AUC,F1,Accuracy,BDeu,BIC
0,<cdt.causality.graph.PC.PC object at 0x000001E7AB868040>,3.241819143295288,18.0,66.0,0.5138888888888888,0.7352941176470588,0.5,0.9444444444444444,-17387.860085629694,-17796.269206766287
1,<cdt.causality.graph.GES.GES object at 0x000001E7C493FFD0>,0.8110923767089844,16.0,6.0,0.6891534391534391,0.8954248366013072,0.6521739130434783,0.9506172839506173,-28497.805140948076,-52203.26242770733
2,<cdt.causality.graph.CCDr.CCDr object at 0x000001E7AB853F10>,1.5820441246032715,15.0,27.0,0.6064814814814815,0.5833333333333334,0.2857142857142857,0.9537037037037037,-37377.32177893387,-37456.046506097286
3,<cdt.causality.graph.bnlearn.GS object at 0x000001E7AB859790>,0.541006326675415,26.0,36.0,0.7045454545454546,0.957516339869281,0.5806451612903226,0.9197530864197531,-14315.23165709922,-80519.5266471646
4,<cdt.causality.graph.bnlearn.MMPC object at 0x000001E7C4B76310>,0.4750509262084961,44.0,90.0,0.6451612903225806,0.9281045751633987,0.45000000000000007,0.8641975308641975,-11178.352803189984,-113221.28130269778
5,<cdt.causality.graph.bnlearn.IAMB object at 0x000001E7AB85BD60>,0.5289945602416992,26.0,36.0,0.7045454545454546,0.957516339869281,0.5806451612903226,0.9197530864197531,-14315.23165709922,-80519.5266471646
6,<cdt.causality.graph.bnlearn.Fast_IAMB object at 0x000001E7AB85BD30>,0.5043056011199951,26.0,36.0,0.7045454545454546,0.957516339869281,0.5806451612903226,0.9197530864197531,-14315.23165709922,-80519.5266471646
7,<cdt.causality.graph.bnlearn.Inter_IAMB object at 0x000001E7AB85BF40>,0.5170578956604004,26.0,36.0,0.7045454545454546,0.957516339869281,0.5806451612903226,0.9197530864197531,-14315.23165709922,-80519.5266471646
