,Algorithm,Duration,SHD,SID,PR AUC,ROC AUC,F1,Accuracy,BDeu,BIC
0,<cdt.causality.graph.PC.PC object at 0x000001E7AB868040>,3.2670159339904785,18.0,66.0,0.5138888888888888,0.7352941176470588,0.5,0.9444444444444444,-17288.3709346853,-17697.016763228603
1,<cdt.causality.graph.GES.GES object at 0x000001E7C493FFD0>,0.8079967498779297,16.0,12.0,0.664292497625831,0.8692810457516339,0.6363636363636364,0.9506172839506173,-24305.63180404474,-43704.66643289446
2,<cdt.causality.graph.CCDr.CCDr object at 0x000001E7AB853F10>,1.5559613704681396,15.0,27.0,0.6064814814814815,0.5833333333333334,0.2857142857142857,0.9537037037037037,-37340.91388708331,-37419.5495479941
3,<cdt.causality.graph.bnlearn.GS object at 0x000001E7AB859790>,0.536956787109375,13.0,12.0,0.7903225806451613,0.9787581699346406,0.7346938775510204,0.9598765432098766,-17277.029220037315,-82157.99434786939
4,<cdt.causality.graph.bnlearn.MMPC object at 0x000001E7C4B76310>,0.568810224533081,36.0,90.0,0.6666666666666666,0.9411764705882353,0.5,0.8888888888888888,-11333.465179126599,-91279.11050403076
5,<cdt.causality.graph.bnlearn.IAMB object at 0x000001E7AB85BD60>,0.51999831199646,13.0,12.0,0.7903225806451613,0.9787581699346406,0.7346938775510204,0.9598765432098766,-17277.029220037315,-82157.99434786939
6,<cdt.causality.graph.bnlearn.Fast_IAMB object at 0x000001E7AB85BD30>,0.5060155391693115,13.0,12.0,0.7903225806451613,0.9787581699346406,0.7346938775510204,0.9598765432098766,-17277.029220037315,-82157.99434786939
7,<cdt.causality.graph.bnlearn.Inter_IAMB object at 0x000001E7AB85BF40>,0.509110689163208,13.0,12.0,0.7903225806451613,0.9787581699346406,0.7346938775510204,0.9598765432098766,-17277.029220037315,-82157.99434786939
