,Algorithm,Duration,SHD,SID,PR AUC,ROC AUC,F1,Accuracy,BDeu,BIC
0,<cdt.causality.graph.PC.PC object at 0x000001E7AB868040>,3.4816529750823975,18.0,66.0,0.5138888888888888,0.7352941176470588,0.5,0.9444444444444444,-17390.058927379465,-17799.4998820095
1,<cdt.causality.graph.GES.GES object at 0x000001E7C493FFD0>,0.8455371856689453,16.0,10.0,0.664292497625831,0.8692810457516339,0.6363636363636364,0.9506172839506173,-25890.242280909006,-45327.247711293385
2,<cdt.causality.graph.CCDr.CCDr object at 0x000001E7AB853F10>,1.583357810974121,15.0,27.0,0.6064814814814815,0.5833333333333334,0.2857142857142857,0.9537037037037037,-37078.65699908462,-37156.80427087597
3,<cdt.causality.graph.bnlearn.GS object at 0x000001E7AB859790>,0.5411221981048584,12.0,12.0,0.8,0.9803921568627452,0.7499999999999999,0.9629629629629629,-17249.20053653394,-78257.42047092729
4,<cdt.causality.graph.bnlearn.MMPC object at 0x000001E7C4B76310>,0.47710371017456055,36.0,90.0,0.6666666666666666,0.9411764705882353,0.5,0.8888888888888888,-11499.132058300984,-91445.12602382795
5,<cdt.causality.graph.bnlearn.IAMB object at 0x000001E7AB85BD60>,0.5500020980834961,12.0,12.0,0.8,0.9803921568627452,0.7499999999999999,0.9629629629629629,-17249.20053653394,-78257.42047092729
6,<cdt.causality.graph.bnlearn.Fast_IAMB object at 0x000001E7AB85BD30>,0.49146246910095215,12.0,12.0,0.8,0.9803921568627452,0.7499999999999999,0.9629629629629629,-17249.20053653394,-78257.42047092729
7,<cdt.causality.graph.bnlearn.Inter_IAMB object at 0x000001E7AB85BF40>,0.523017168045044,12.0,12.0,0.8,0.9803921568627452,0.7499999999999999,0.9629629629629629,-17249.20053653394,-78257.42047092729
