,Algorithm,Duration,SHD,SID,PR AUC,ROC AUC,F1,Accuracy,BDeu,BIC
0,<cdt.causality.graph.PC.PC object at 0x000001E7AB868040>,3.3772506713867188,18.0,66.0,0.5138888888888888,0.7352941176470588,0.5,0.9444444444444444,-17327.239750642468,-17735.678840775465
1,<cdt.causality.graph.GES.GES object at 0x000001E7C493FFD0>,0.8140735626220703,16.0,14.0,0.6891534391534391,0.8954248366013072,0.6521739130434783,0.9506172839506173,-24781.91228827276,-44783.2222380242
2,<cdt.causality.graph.CCDr.CCDr object at 0x000001E7AB853F10>,1.5717952251434326,15.0,27.0,0.6064814814814815,0.5833333333333334,0.2857142857142857,0.9537037037037037,-37338.467111089216,-37417.19201636346
3,<cdt.causality.graph.bnlearn.GS object at 0x000001E7AB859790>,0.5653514862060547,12.0,12.0,0.8,0.9803921568627452,0.7499999999999999,0.9629629629629629,-17259.118664661873,-78267.3241949464
4,<cdt.causality.graph.bnlearn.MMPC object at 0x000001E7C4B76310>,0.49952149391174316,38.0,90.0,0.6607142857142857,0.9379084967320261,0.4864864864864865,0.8827160493827161,-11562.819723904071,-106115.29476512819
5,<cdt.causality.graph.bnlearn.IAMB object at 0x000001E7AB85BD60>,0.5169992446899414,12.0,12.0,0.8,0.9803921568627452,0.7499999999999999,0.9629629629629629,-17259.118664661873,-78267.3241949464
6,<cdt.causality.graph.bnlearn.Fast_IAMB object at 0x000001E7AB85BD30>,0.510460376739502,12.0,12.0,0.8,0.9803921568627452,0.7499999999999999,0.9629629629629629,-17259.118664661873,-78267.3241949464
7,<cdt.causality.graph.bnlearn.Inter_IAMB object at 0x000001E7AB85BF40>,0.5277459621429443,12.0,12.0,0.8,0.9803921568627452,0.7499999999999999,0.9629629629629629,-17259.118664661873,-78267.3241949464
