,Algorithm,Duration,SHD,SID,PR AUC,ROC AUC,F1,Accuracy,BDeu,BIC
0,<cdt.causality.graph.PC.PC object at 0x000001E7AB868040>,3.4319140911102295,18.0,66.0,0.5138888888888888,0.7352941176470588,0.5,0.9444444444444444,-17444.240807900882,-17852.88152991253
1,<cdt.causality.graph.GES.GES object at 0x000001E7C493FFD0>,0.7907767295837402,18.0,3.0,0.6712962962962963,0.8921568627450981,0.625,0.9444444444444444,-29978.795362148532,-57882.150389182614
2,<cdt.causality.graph.CCDr.CCDr object at 0x000001E7AB853F10>,1.5592870712280273,15.0,27.0,0.6064814814814815,0.5833333333333334,0.2857142857142857,0.9537037037037037,-37177.886455519554,-37256.43990373682
3,<cdt.causality.graph.bnlearn.GS object at 0x000001E7AB859790>,0.5410945415496826,16.0,12.0,0.7647058823529411,0.9738562091503268,0.6923076923076924,0.9506172839506173,-17310.66800492004,-78693.01322947092
4,<cdt.causality.graph.bnlearn.MMPC object at 0x000001E7C4B76310>,0.4749886989593506,40.0,90.0,0.6551724137931034,0.934640522875817,0.4736842105263158,0.8765432098765432,-11807.13940643861,-102534.09660976542
5,<cdt.causality.graph.bnlearn.IAMB object at 0x000001E7AB85BD60>,0.510249137878418,16.0,12.0,0.7647058823529411,0.9738562091503268,0.6923076923076924,0.9506172839506173,-17310.66800492004,-78693.01322947092
6,<cdt.causality.graph.bnlearn.Fast_IAMB object at 0x000001E7AB85BD30>,0.5126831531524658,16.0,12.0,0.7647058823529411,0.9738562091503268,0.6923076923076924,0.9506172839506173,-17310.66800492004,-78693.01322947092
7,<cdt.causality.graph.bnlearn.Inter_IAMB object at 0x000001E7AB85BF40>,0.5587341785430908,16.0,12.0,0.7647058823529411,0.9738562091503268,0.6923076923076924,0.9506172839506173,-17310.66800492004,-78693.01322947092
