,Algorithm,Duration,SHD,SID,PR AUC,ROC AUC,F1,Accuracy,BDeu,BIC
0,<cdt.causality.graph.PC.PC object at 0x000001E7AB868040>,3.1875314712524414,18.0,66.0,0.5138888888888888,0.7352941176470588,0.5,0.9444444444444444,-17160.793449371733,-17569.438752742244
1,<cdt.causality.graph.GES.GES object at 0x000001E7C493FFD0>,0.8133525848388672,16.0,17.0,0.6396604938271604,0.8431372549019608,0.619047619047619,0.9506172839506173,-22839.184074940993,-38039.99713678894
2,<cdt.causality.graph.CCDr.CCDr object at 0x000001E7AB853F10>,1.4925715923309326,15.0,27.0,0.6064814814814815,0.5833333333333334,0.2857142857142857,0.9537037037037037,-37362.068926770124,-37440.77156334552
3,<cdt.causality.graph.bnlearn.GS object at 0x000001E7AB859790>,0.5340001583099365,17.0,12.0,0.7571428571428571,0.9722222222222222,0.6792452830188679,0.9475308641975309,-17334.945733053162,-82590.06070746774
4,<cdt.causality.graph.bnlearn.MMPC object at 0x000001E7C4B76310>,0.455625057220459,40.0,90.0,0.6551724137931034,0.934640522875817,0.4736842105263158,0.8765432098765432,-11487.330290482441,-98900.98781320333
5,<cdt.causality.graph.bnlearn.IAMB object at 0x000001E7AB85BD60>,0.5102741718292236,17.0,12.0,0.7571428571428571,0.9722222222222222,0.6792452830188679,0.9475308641975309,-17334.945733053162,-82590.06070746774
6,<cdt.causality.graph.bnlearn.Fast_IAMB object at 0x000001E7AB85BD30>,0.5521512031555176,17.0,12.0,0.7571428571428571,0.9722222222222222,0.6792452830188679,0.9475308641975309,-17334.945733053162,-82590.06070746774
7,<cdt.causality.graph.bnlearn.Inter_IAMB object at 0x000001E7AB85BF40>,0.517977237701416,17.0,12.0,0.7571428571428571,0.9722222222222222,0.6792452830188679,0.9475308641975309,-17334.945733053162,-82590.06070746774
