,Algorithm,Duration,SHD,SID,PR AUC,ROC AUC,F1,Accuracy,BDeu,BIC
0,<cdt.causality.graph.PC.PC object at 0x000001E7AB868040>,3.4513745307922363,18.0,66.0,0.5138888888888888,0.7352941176470588,0.5,0.9444444444444444,-17303.487104198506,-17712.018080078513
1,<cdt.causality.graph.GES.GES object at 0x000001E7C493FFD0>,0.8160183429718018,12.0,14.0,0.7552231718898386,0.9281045751633986,0.7272727272727274,0.9629629629629629,-20401.88600420455,-49793.71221636712
2,<cdt.causality.graph.CCDr.CCDr object at 0x000001E7AB853F10>,1.6570794582366943,15.0,27.0,0.6064814814814815,0.5833333333333334,0.2857142857142857,0.9537037037037037,-37374.50579081437,-37453.18385650879
3,<cdt.causality.graph.bnlearn.GS object at 0x000001E7AB859790>,0.5680010318756104,15.0,12.0,0.7727272727272727,0.9754901960784313,0.7058823529411764,0.9537037037037037,-17324.59936586989,-66895.3658243736
4,<cdt.causality.graph.bnlearn.MMPC object at 0x000001E7C4B76310>,0.5060014724731445,44.0,90.0,0.6451612903225806,0.9281045751633987,0.45000000000000007,0.8641975308641975,-12982.110111485154,-413471.7939897932
5,<cdt.causality.graph.bnlearn.IAMB object at 0x000001E7AB85BD60>,0.646465539932251,16.0,12.0,0.7647058823529411,0.9738562091503268,0.6923076923076924,0.9506172839506173,-17348.091466972557,-66931.74651113975
6,<cdt.causality.graph.bnlearn.Fast_IAMB object at 0x000001E7AB85BD30>,0.5219998359680176,16.0,12.0,0.7647058823529411,0.9738562091503268,0.6923076923076924,0.9506172839506173,-17348.091466972557,-66931.74651113975
7,<cdt.causality.graph.bnlearn.Inter_IAMB object at 0x000001E7AB85BF40>,0.520716667175293,16.0,12.0,0.7647058823529411,0.9738562091503268,0.6923076923076924,0.9506172839506173,-17348.091466972557,-66931.74651113975
