,Algorithm,Duration,SHD,SID,PR AUC,ROC AUC,F1,Accuracy,BDeu,BIC
0,<cdt.causality.graph.PC.PC object at 0x000001E7AB868040>,3.2450294494628906,18.0,66.0,0.5138888888888888,0.7352941176470588,0.5,0.9444444444444444,-17388.49828594204,-17797.583879462967
1,<cdt.causality.graph.GES.GES object at 0x000001E7C493FFD0>,0.7860286235809326,12.0,17.0,0.7552231718898386,0.9281045751633986,0.7272727272727274,0.9629629629629629,-20043.208664255108,-36626.01712581727
2,<cdt.causality.graph.CCDr.CCDr object at 0x000001E7AB853F10>,1.521622657775879,15.0,27.0,0.6064814814814815,0.5833333333333334,0.2857142857142857,0.9537037037037037,-37148.02950191486,-37226.38385698516
3,<cdt.causality.graph.bnlearn.GS object at 0x000001E7AB859790>,0.612736701965332,19.0,24.0,0.7432432432432432,0.9689542483660131,0.6545454545454547,0.941358024691358,-15810.40753822115,-79416.63873955113
4,<cdt.causality.graph.bnlearn.MMPC object at 0x000001E7C4B76310>,0.47099828720092773,40.0,90.0,0.6551724137931034,0.934640522875817,0.4736842105263158,0.8765432098765432,-11419.557757374463,-102414.12657716127
5,<cdt.causality.graph.bnlearn.IAMB object at 0x000001E7AB85BD60>,0.5090000629425049,19.0,24.0,0.7432432432432432,0.9689542483660131,0.6545454545454547,0.941358024691358,-15810.40753822115,-79416.63873955113
6,<cdt.causality.graph.bnlearn.Fast_IAMB object at 0x000001E7AB85BD30>,0.5017232894897461,19.0,24.0,0.7432432432432432,0.9689542483660131,0.6545454545454547,0.941358024691358,-15810.40753822115,-79416.63873955113
7,<cdt.causality.graph.bnlearn.Inter_IAMB object at 0x000001E7AB85BF40>,0.5062365531921387,19.0,24.0,0.7432432432432432,0.9689542483660131,0.6545454545454547,0.941358024691358,-15810.40753822115,-79416.63873955113
