,Algorithm,Duration,SHD,SID,PR AUC,ROC AUC,F1,Accuracy,BDeu,BIC
0,<cdt.causality.graph.PC.PC object at 0x00000280A8208040>,3.2143402099609375,18.0,66.0,0.5138888888888888,0.7352941176470588,0.5,0.9444444444444444,-17367.092368818066,-17775.64987451183
1,<cdt.causality.graph.GES.GES object at 0x00000280C10BFFD0>,0.7754113674163818,19.0,9.0,0.6364410387398894,0.8643790849673202,0.5957446808510638,0.941358024691358,-26169.16943958358,-68846.61111250734
2,<cdt.causality.graph.CCDr.CCDr object at 0x00000280A7FE3F10>,1.4521925449371338,15.0,27.0,0.6064814814814815,0.5833333333333334,0.2857142857142857,0.9537037037037037,-37196.1164147282,-37274.762421814936
3,<cdt.causality.graph.bnlearn.GS object at 0x00000280A7FE9790>,0.5329999923706055,19.0,24.0,0.7432432432432432,0.9689542483660131,0.6545454545454547,0.941358024691358,-15795.823265607305,-79402.08066791164
4,<cdt.causality.graph.bnlearn.MMPC object at 0x00000280C1307340>,0.46799540519714355,40.0,90.0,0.6551724137931034,0.934640522875817,0.4736842105263158,0.8765432098765432,-11369.819714106678,-102363.94637457993
5,<cdt.causality.graph.bnlearn.IAMB object at 0x00000280A7FEBD60>,0.5130748748779297,19.0,24.0,0.7432432432432432,0.9689542483660131,0.6545454545454547,0.941358024691358,-15795.823265607305,-79402.08066791164
6,<cdt.causality.graph.bnlearn.Fast_IAMB object at 0x00000280A7FEBD30>,0.5104146003723145,19.0,24.0,0.7432432432432432,0.9689542483660131,0.6545454545454547,0.941358024691358,-15795.823265607305,-79402.08066791164
7,<cdt.causality.graph.bnlearn.Inter_IAMB object at 0x00000280A7FEBF40>,0.5429558753967285,19.0,24.0,0.7432432432432432,0.9689542483660131,0.6545454545454547,0.941358024691358,-15795.823265607305,-79402.08066791164
