,Algorithm,Duration,SHD,SID,PR AUC,ROC AUC,F1,Accuracy,BDeu,BIC
0,PC,4.412574768,20,82,0.4734375,0.683050847,0.444444444,0.921875,-43348.84076,-43773.00042
1,GES,0.820039272,17,9,0.726633523,0.918220339,0.679245283,0.93359375,-54968.04916,-791867.9013
2,CCDr,1.621937513,18,36,0.58515625,0.55,0.181818182,0.9296875,-80786.77724,-80844.34173
3,GS,1.199248791,16,13,0.75636489,0.943220339,0.703703704,0.9375,-42776.74977,-205433.8677
4,MMPC,0.714015245,42,109,0.635286458,0.888135593,0.475,0.8359375,-31847.40558,-526285.379
5,IAMB,1.095055819,16,13,0.75636489,0.943220339,0.703703704,0.9375,-42776.74977,-205433.8677
6,Fast-IAMB,1.058631182,16,13,0.75636489,0.943220339,0.703703704,0.9375,-42776.74977,-205433.8677
7,Inter-IAMB,1.105055332,16,13,0.75636489,0.943220339,0.703703704,0.9375,-42776.74977,-205433.8677
