,Algorithm,Duration,SHD,SID,PR AUC,ROC AUC,F1,Accuracy,BDeu,BIC
0,<cdt.causality.graph.PC.PC object at 0x000001FCD5FB8040>,4.414492130279541,20.0,82.0,0.47343750000000007,0.6830508474576271,0.4444444444444445,0.921875,-43074.66176109471,-43498.609593410874
1,<cdt.causality.graph.GES.GES object at 0x000001FCEECC2310>,0.8401260375976562,16.0,9.0,0.73515625,0.9203389830508475,0.6923076923076923,0.9375,-53712.09140190722,-383242.1406011734
2,<cdt.causality.graph.CCDr.CCDr object at 0x000001FCD5FABD60>,1.6450371742248535,18.0,36.0,0.58515625,0.55,0.18181818181818182,0.9296875,-81197.80029289947,-81255.5355228124
3,<cdt.causality.graph.bnlearn.GS object at 0x000001FCD5FABD30>,1.1021254062652588,21.0,29.0,0.6737165178571429,0.8868644067796609,0.6181818181818183,0.91796875,-42638.50074597611,-135939.1973246672
4,<cdt.causality.graph.bnlearn.MMPC object at 0x000001FCD5FA3FA0>,0.69858717918396,44.0,109.0,0.6301789314516129,0.8838983050847458,0.4634146341463415,0.828125,-30109.59595511808,-326083.44624135684
5,<cdt.causality.graph.bnlearn.IAMB object at 0x000001FCECC0C2E0>,1.0610642433166504,21.0,29.0,0.6737165178571429,0.8868644067796609,0.6181818181818183,0.91796875,-42638.50074597611,-135939.1973246672
6,<cdt.causality.graph.bnlearn.Fast_IAMB object at 0x000001FCECC0C310>,1.0095252990722656,21.0,29.0,0.6737165178571429,0.8868644067796609,0.6181818181818183,0.91796875,-42638.50074597611,-135939.1973246672
7,<cdt.causality.graph.bnlearn.Inter_IAMB object at 0x000001FCEF0A2A90>,1.057044267654419,21.0,29.0,0.6737165178571429,0.8868644067796609,0.6181818181818183,0.91796875,-42638.50074597611,-135939.1973246672
