,Algorithm,Duration,SHD,SID,PR AUC,ROC AUC,F1,Accuracy,BDeu,BIC
0,<cdt.causality.graph.PC.PC object at 0x000002B202448040>,4.281374931335449,20.0,82.0,0.47343750000000007,0.6830508474576271,0.4444444444444445,0.921875,-43303.62930723178,-43727.15157060792
1,<cdt.causality.graph.GES.GES object at 0x000002B21B1822E0>,0.7951021194458008,14.0,6.0,0.773828125,0.947457627118644,0.7307692307692308,0.9453125,-53687.87463239261,-383218.35175317246
2,<cdt.causality.graph.CCDr.CCDr object at 0x000002B20243BD60>,1.650057077407837,18.0,36.0,0.58515625,0.55,0.18181818181818182,0.9296875,-81160.0474180601,-81217.97119133252
3,<cdt.causality.graph.bnlearn.GS object at 0x000002B20243BD30>,1.0610721111297607,13.0,10.0,0.803030303030303,0.9724576271186441,0.7547169811320755,0.94921875,-42887.718882584384,-266443.7682466
4,<cdt.causality.graph.bnlearn.MMPC object at 0x000002B202433FA0>,0.6860003471374512,40.0,110.0,0.6666666666666666,0.9152542372881356,0.5,0.84375,-30511.11535007468,-330814.795370619
5,<cdt.causality.graph.bnlearn.IAMB object at 0x000002B2190CC2B0>,1.0072977542877197,13.0,10.0,0.803030303030303,0.9724576271186441,0.7547169811320755,0.94921875,-42887.718882584384,-266443.7682466
6,<cdt.causality.graph.bnlearn.Fast_IAMB object at 0x000002B2190CC2E0>,0.9757108688354492,13.0,10.0,0.803030303030303,0.9724576271186441,0.7547169811320755,0.94921875,-42887.718882584384,-266443.7682466
7,<cdt.causality.graph.bnlearn.Inter_IAMB object at 0x000002B21B532A60>,1.0193824768066406,13.0,10.0,0.803030303030303,0.9724576271186441,0.7547169811320755,0.94921875,-42887.718882584384,-266443.7682466
