,Algorithm,Duration,SHD,SID,PR AUC,ROC AUC,F1,Accuracy,BDeu,BIC
0,<cdt.causality.graph.PC.PC object at 0x000002B202448040>,4.369099378585815,20.0,82.0,0.47343750000000007,0.6830508474576271,0.4444444444444445,0.921875,-43321.037847123815,-43745.91589953905
1,<cdt.causality.graph.GES.GES object at 0x000002B21B1822E0>,0.7941615581512451,18.0,11.0,0.6964843749999999,0.8932203389830509,0.6538461538461537,0.9296875,-53621.716531679514,-383153.1512848459
2,<cdt.causality.graph.CCDr.CCDr object at 0x000002B20243BD60>,1.6019518375396729,18.0,36.0,0.58515625,0.55,0.18181818181818182,0.9296875,-80757.19131129727,-80814.38280718184
3,<cdt.causality.graph.bnlearn.GS object at 0x000002B20243BD30>,1.1091930866241455,16.0,12.0,0.7563648897058823,0.9432203389830507,0.7037037037037037,0.9375,-42823.45971203552,-719962.3618397395
4,<cdt.causality.graph.bnlearn.MMPC object at 0x000002B202433FA0>,0.7479043006896973,44.0,111.0,0.6301789314516129,0.8838983050847458,0.4634146341463415,0.828125,-30667.455237798265,-874877.6619266628
5,<cdt.causality.graph.bnlearn.IAMB object at 0x000002B2190CC2B0>,1.0270605087280273,16.0,12.0,0.7563648897058823,0.9432203389830507,0.7037037037037037,0.9375,-42823.45971203552,-719962.3618397395
6,<cdt.causality.graph.bnlearn.Fast_IAMB object at 0x000002B2190CC2E0>,1.0177092552185059,16.0,12.0,0.7563648897058823,0.9432203389830507,0.7037037037037037,0.9375,-42823.45971203552,-719962.3618397395
7,<cdt.causality.graph.bnlearn.Inter_IAMB object at 0x000002B21B532A60>,1.024003505706787,16.0,12.0,0.7563648897058823,0.9432203389830507,0.7037037037037037,0.9375,-42823.45971203552,-719962.3618397395
