,Algorithm,Duration,SHD,SID,PR AUC,ROC AUC,F1,Accuracy,BDeu,BIC
0,<cdt.causality.graph.PC.PC object at 0x000002B202448040>,4.472652912139893,20.0,82.0,0.47343750000000007,0.6830508474576271,0.4444444444444445,0.921875,-43375.438431611925,-43799.22152397704
1,<cdt.causality.graph.GES.GES object at 0x000002B21B1822E0>,0.7917370796203613,14.0,6.0,0.773828125,0.947457627118644,0.7307692307692308,0.9453125,-53631.40169633517,-383162.99904694234
2,<cdt.causality.graph.CCDr.CCDr object at 0x000002B20243BD60>,1.6577064990997314,18.0,36.0,0.58515625,0.55,0.18181818181818182,0.9296875,-80981.58970199159,-81039.35550763398
3,<cdt.causality.graph.bnlearn.GS object at 0x000002B20243BD30>,1.1060059070587158,15.0,20.0,0.7648319128787878,0.9453389830508474,0.7169811320754716,0.94140625,-42430.55470063783,-200753.56963877188
4,<cdt.causality.graph.bnlearn.MMPC object at 0x000002B202433FA0>,0.6968915462493896,40.0,110.0,0.6666666666666666,0.9152542372881356,0.5,0.84375,-30641.188939478,-330945.1559376744
5,<cdt.causality.graph.bnlearn.IAMB object at 0x000002B2190CC2B0>,1.0661494731903076,15.0,20.0,0.7648319128787878,0.9453389830508474,0.7169811320754716,0.94140625,-42430.55470063783,-200753.56963877188
6,<cdt.causality.graph.bnlearn.Fast_IAMB object at 0x000002B2190CC2E0>,0.990959644317627,15.0,20.0,0.7648319128787878,0.9453389830508474,0.7169811320754716,0.94140625,-42430.55470063783,-200753.56963877188
7,<cdt.causality.graph.bnlearn.Inter_IAMB object at 0x000002B21B532A60>,1.0310776233673096,15.0,20.0,0.7648319128787878,0.9453389830508474,0.7169811320754716,0.94140625,-42430.55470063783,-200753.56963877188
