,Algorithm,Duration,SHD,SID,PR AUC,ROC AUC,F1,Accuracy,BDeu,BIC
0,<cdt.causality.graph.PC.PC object at 0x000002B202448040>,4.406030178070068,20.0,82.0,0.47343750000000007,0.6830508474576271,0.4444444444444445,0.921875,-43071.3570578296,-43494.924267340975
1,<cdt.causality.graph.GES.GES object at 0x000002B21B1822E0>,0.8253133296966553,17.0,18.0,0.7050529233870968,0.8953389830508476,0.6666666666666665,0.93359375,-50107.31940842883,-296386.26151766605
2,<cdt.causality.graph.CCDr.CCDr object at 0x000002B20243BD60>,1.643056869506836,18.0,36.0,0.58515625,0.55,0.18181818181818182,0.9296875,-81435.74331923084,-81493.69446039676
3,<cdt.causality.graph.bnlearn.GS object at 0x000002B20243BD30>,1.186997413635254,13.0,10.0,0.803030303030303,0.9724576271186441,0.7547169811320755,0.94921875,-42891.37403386413,-266447.42159984953
4,<cdt.causality.graph.bnlearn.MMPC object at 0x000002B202433FA0>,0.6889998912811279,40.0,110.0,0.6666666666666666,0.9152542372881356,0.5,0.84375,-30256.649831570176,-330560.24361929955
5,<cdt.causality.graph.bnlearn.IAMB object at 0x000002B2190CC2B0>,1.1120965480804443,13.0,10.0,0.803030303030303,0.9724576271186441,0.7547169811320755,0.94921875,-42891.37403386413,-266447.42159984953
6,<cdt.causality.graph.bnlearn.Fast_IAMB object at 0x000002B2190CC2E0>,1.0399830341339111,13.0,10.0,0.803030303030303,0.9724576271186441,0.7547169811320755,0.94921875,-42891.37403386413,-266447.42159984953
7,<cdt.causality.graph.bnlearn.Inter_IAMB object at 0x000002B21B532A60>,1.0749788284301758,13.0,10.0,0.803030303030303,0.9724576271186441,0.7547169811320755,0.94921875,-42891.37403386413,-266447.42159984953
