,Algorithm,Duration,SHD,SID,PR AUC,ROC AUC,F1,Accuracy,BDeu,BIC
0,<cdt.causality.graph.PC.PC object at 0x000002B202448040>,4.476275205612183,20.0,82.0,0.47343750000000007,0.6830508474576271,0.4444444444444445,0.921875,-43193.56720285256,-43617.12420491849
1,<cdt.causality.graph.GES.GES object at 0x000002B21B1822E0>,0.7901198863983154,18.0,9.0,0.6964843749999999,0.8932203389830509,0.6538461538461537,0.9296875,-60576.35405665626,-390229.63998259
2,<cdt.causality.graph.CCDr.CCDr object at 0x000002B20243BD60>,1.6482815742492676,18.0,36.0,0.58515625,0.55,0.18181818181818182,0.9296875,-81164.39168462227,-81222.30371376127
3,<cdt.causality.graph.bnlearn.GS object at 0x000002B20243BD30>,1.0870859622955322,12.0,10.0,0.8125,0.9745762711864407,0.7692307692307693,0.953125,-42865.68113416738,-262080.86514728592
4,<cdt.causality.graph.bnlearn.MMPC object at 0x000002B202433FA0>,0.6983983516693115,40.0,110.0,0.6666666666666666,0.9152542372881356,0.5,0.84375,-30426.118427747373,-330729.67011478683
5,<cdt.causality.graph.bnlearn.IAMB object at 0x000002B2190CC2B0>,1.0281062126159668,12.0,10.0,0.8125,0.9745762711864407,0.7692307692307693,0.953125,-42865.68113416738,-262080.86514728592
6,<cdt.causality.graph.bnlearn.Fast_IAMB object at 0x000002B2190CC2E0>,1.01004958152771,12.0,10.0,0.8125,0.9745762711864407,0.7692307692307693,0.953125,-42865.68113416738,-262080.86514728592
7,<cdt.causality.graph.bnlearn.Inter_IAMB object at 0x000002B21B532A60>,1.0190026760101318,12.0,10.0,0.8125,0.9745762711864407,0.7692307692307693,0.953125,-42865.68113416738,-262080.86514728592
