,Algorithm,Duration,SHD,SID,PR AUC,ROC AUC,F1,Accuracy,BDeu,BIC
0,<cdt.causality.graph.PC.PC object at 0x000002B202448040>,4.339834690093994,20.0,82.0,0.47343750000000007,0.6830508474576271,0.4444444444444445,0.921875,-43142.87884108912,-43566.571085737305
1,<cdt.causality.graph.GES.GES object at 0x000002B21B1822E0>,0.8170504570007324,18.0,7.0,0.7186121323529412,0.9161016949152542,0.6666666666666667,0.9296875,-54021.990657865994,-400343.6437915219
2,<cdt.causality.graph.CCDr.CCDr object at 0x000002B20243BD60>,1.6769168376922607,18.0,36.0,0.58515625,0.55,0.18181818181818182,0.9296875,-81139.51591641306,-81197.37992774369
3,<cdt.causality.graph.bnlearn.GS object at 0x000002B20243BD30>,1.0880823135375977,12.0,10.0,0.8125,0.9745762711864407,0.7692307692307693,0.953125,-42864.931425641924,-262080.11731145863
4,<cdt.causality.graph.bnlearn.MMPC object at 0x000002B202433FA0>,0.7797176837921143,40.0,110.0,0.6666666666666666,0.9152542372881356,0.5,0.84375,-30419.609726193296,-330722.48426230246
5,<cdt.causality.graph.bnlearn.IAMB object at 0x000002B2190CC2B0>,1.005059003829956,12.0,10.0,0.8125,0.9745762711864407,0.7692307692307693,0.953125,-42864.931425641924,-262080.11731145863
6,<cdt.causality.graph.bnlearn.Fast_IAMB object at 0x000002B2190CC2E0>,1.009535551071167,12.0,10.0,0.8125,0.9745762711864407,0.7692307692307693,0.953125,-42864.931425641924,-262080.11731145863
7,<cdt.causality.graph.bnlearn.Inter_IAMB object at 0x000002B21B532A60>,1.0301392078399658,12.0,10.0,0.8125,0.9745762711864407,0.7692307692307693,0.953125,-42864.931425641924,-262080.11731145863
