,Algorithm,Duration,SHD,SID,PR AUC,ROC AUC,F1,Accuracy,BDeu,BIC
0,<cdt.causality.graph.PC.PC object at 0x000002B202448040>,4.290741920471191,20.0,82.0,0.47343750000000007,0.6830508474576271,0.4444444444444445,0.921875,-43372.50325390812,-43796.61133574188
1,<cdt.causality.graph.GES.GES object at 0x000002B21B1822E0>,0.7978785037994385,14.0,16.0,0.7539062500000001,0.9245762711864407,0.7200000000000001,0.9453125,-49796.81031567299,-280030.6274564732
2,<cdt.causality.graph.CCDr.CCDr object at 0x000002B20243BD60>,1.6330292224884033,18.0,36.0,0.58515625,0.55,0.18181818181818182,0.9296875,-81086.75712621822,-81144.36334334167
3,<cdt.causality.graph.bnlearn.GS object at 0x000002B20243BD30>,1.2420215606689453,16.0,20.0,0.7563648897058823,0.9432203389830507,0.7037037037037037,0.9375,-42452.34023115977,-205116.6602209224
4,<cdt.causality.graph.bnlearn.MMPC object at 0x000002B202433FA0>,0.7190907001495361,40.0,110.0,0.6666666666666666,0.9152542372881356,0.5,0.84375,-30562.823388646553,-330866.1791665003
5,<cdt.causality.graph.bnlearn.IAMB object at 0x000002B2190CC2B0>,1.1490964889526367,16.0,20.0,0.7563648897058823,0.9432203389830507,0.7037037037037037,0.9375,-42452.34023115977,-205116.6602209224
6,<cdt.causality.graph.bnlearn.Fast_IAMB object at 0x000002B2190CC2E0>,1.1351110935211182,16.0,20.0,0.7563648897058823,0.9432203389830507,0.7037037037037037,0.9375,-42452.34023115977,-205116.6602209224
7,<cdt.causality.graph.bnlearn.Inter_IAMB object at 0x000002B21B532A60>,1.1780750751495361,16.0,20.0,0.7563648897058823,0.9432203389830507,0.7037037037037037,0.9375,-42452.34023115977,-205116.6602209224
