,Algorithm,Score,No. of calls,SHD,SID,PR AUC,ROC AUC,F1,Accuracy,BDeu,BIC
0,hc,bde,360.0,4.0,0.0,0.875,0.9918032786885246,0.8571428571428571,0.984375,-55704.03702234839,-60108.51861543085
1,hc,bic,300.0,0.0,0.0,1.0,1.0,1.0,1.0,-55719.02324344659,-56837.916429927005
2,tabu,bde,631.0,4.0,0.0,0.875,0.9918032786885246,0.8571428571428571,0.984375,-55704.03702234839,-60108.51861543085
3,tabu,bic,571.0,0.0,0.0,1.0,1.0,1.0,1.0,-55719.02324344659,-56837.916429927005
