,Algorithm,Duration,SHD,SID,PR AUC,ROC AUC,F1,Accuracy,BDeu,BIC
0,<cdt.causality.graph.PC.PC object at 0x00000205A00C90D0>,2.5358264446258545,18.0,56.0,0.4614197530864198,0.6830065359477124,0.43750000000000006,0.9444444444444444,-10203.217362869276,-10486.172365101522
1,<cdt.causality.graph.GES.GES object at 0x00000205B8DC7B50>,0.7710802555084229,15.0,15.0,0.6990740740740741,0.8970588235294119,0.6666666666666667,0.9537037037037037,-10676.14651066844,-37435.07348716806
2,<cdt.causality.graph.CCDr.CCDr object at 0x00000205A00BBDF0>,1.421091079711914,15.0,27.0,0.6064814814814815,0.5833333333333334,0.2857142857142857,0.9537037037037037,-18806.16235672301,-18880.656733760967
