,Algorithm,Duration,SHD,SID,PR AUC,ROC AUC,F1,Accuracy,BDeu,BIC
0,<cdt.causality.graph.PC.PC object at 0x00000205A00C90D0>,2.5415170192718506,18.0,66.0,0.5138888888888888,0.7352941176470588,0.5,0.9444444444444444,-8932.153794765223,-9306.587667804884
1,<cdt.causality.graph.GES.GES object at 0x00000205B8DC7B50>,0.7711033821105957,12.0,10.0,0.7552231718898386,0.9281045751633986,0.7272727272727274,0.9629629629629629,-11290.757407011768,-43005.03075873967
2,<cdt.causality.graph.CCDr.CCDr object at 0x00000205A00BBDF0>,1.3957910537719727,15.0,27.0,0.6064814814814815,0.5833333333333334,0.2857142857142857,0.9537037037037037,-18703.701780705567,-18777.476611099242
