,Algorithm,Duration,SHD,SID,PR AUC,ROC AUC,F1,Accuracy,BDeu,BIC
0,<cdt.causality.graph.PC.PC object at 0x00000205A00C90D0>,2.468085527420044,18.0,51.0,0.43518518518518523,0.6568627450980391,0.4,0.9444444444444444,-10831.682507566995,-11069.805228612344
1,<cdt.causality.graph.GES.GES object at 0x00000205B8DC7B50>,0.7930459976196289,18.0,16.0,0.5663580246913581,0.7875816993464053,0.55,0.9444444444444444,-12441.935643012866,-19695.71458512849
2,<cdt.causality.graph.CCDr.CCDr object at 0x00000205A00BBDF0>,1.4052469730377197,15.0,27.0,0.6064814814814815,0.5833333333333334,0.2857142857142857,0.9537037037037037,-18719.496711506094,-18793.56584067589
