,Algorithm,Duration,SHD,SID,PR AUC,ROC AUC,F1,Accuracy,BDeu,BIC
0,<cdt.causality.graph.PC.PC object at 0x00000205A00C90D0>,2.6017885208129883,18.0,56.0,0.4614197530864198,0.6830065359477124,0.43750000000000006,0.9444444444444444,-10227.668115901453,-10510.63869811373
1,<cdt.causality.graph.GES.GES object at 0x00000205B8DC7B50>,0.7679996490478516,14.0,10.0,0.7097578347578347,0.8986928104575165,0.6818181818181818,0.9567901234567902,-12517.218698936656,-26831.95041033504
2,<cdt.causality.graph.CCDr.CCDr object at 0x00000205A00BBDF0>,1.4139761924743652,15.0,27.0,0.6064814814814815,0.5833333333333334,0.2857142857142857,0.9537037037037037,-18838.359372338546,-18912.87188403175
