,Algorithm,Duration,SHD,SID,PR AUC,ROC AUC,F1,Accuracy,BDeu,BIC
0,<cdt.causality.graph.PC.PC object at 0x00000205A00C90D0>,2.5177829265594482,18.0,56.0,0.4614197530864198,0.6830065359477124,0.43750000000000006,0.9444444444444444,-10151.332246404987,-10435.401391394227
1,<cdt.causality.graph.GES.GES object at 0x00000205B8DC7B50>,0.7764239311218262,17.0,21.0,0.7055953803265631,0.9199346405228757,0.6530612244897959,0.9475308641975309,-10475.995978164938,-26375.2637746954
2,<cdt.causality.graph.CCDr.CCDr object at 0x00000205A00BBDF0>,1.3846828937530518,15.0,27.0,0.6064814814814815,0.5833333333333334,0.2857142857142857,0.9537037037037037,-18656.020741536042,-18729.496622740993
