,Algorithm,Duration,SHD,SID,PR AUC,ROC AUC,F1,Accuracy,BDeu,BIC
0,<cdt.causality.graph.PC.PC object at 0x00000205A00C90D0>,2.5800113677978516,18.0,61.0,0.4876543209876543,0.7091503267973855,0.47058823529411764,0.9444444444444444,-9557.521602645635,-9885.893131233443
1,<cdt.causality.graph.GES.GES object at 0x00000205B8DC7B50>,0.7680618762969971,14.0,17.0,0.6642817059483727,0.8464052287581699,0.65,0.9567901234567902,-10271.5785567401,-17394.077987260036
2,<cdt.causality.graph.CCDr.CCDr object at 0x00000205A00BBDF0>,1.3860235214233398,15.0,27.0,0.6064814814814815,0.5833333333333334,0.2857142857142857,0.9537037037037037,-18711.52791437555,-18785.29075425764
