,Algorithm,Duration,SHD,SID,PR AUC,ROC AUC,F1,Accuracy,BDeu,BIC
0,<cdt.causality.graph.PC.PC object at 0x0000018664D88100>,2.718170404434204,18.0,66.0,0.5138888888888888,0.7352941176470588,0.5,0.9444444444444444,-8878.589049108885,-9253.606302884682
1,<cdt.causality.graph.GES.GES object at 0x000001867E4F0F70>,0.7690854072570801,9.0,11.0,0.7953569511540526,0.9330065359477124,0.7804878048780488,0.9722222222222222,-10310.087368744576,-20616.08167142625
2,<cdt.causality.graph.CCDr.CCDr object at 0x0000018664D88040>,1.3921997547149658,15.0,27.0,0.6064814814814815,0.5833333333333334,0.2857142857142857,0.9537037037037037,-18662.000558773,-18735.53455397749
