,Algorithm,Duration,SHD,SID,PR AUC,ROC AUC,F1,Accuracy,BDeu,BIC
0,<cdt.causality.graph.PC.PC object at 0x0000018664D88100>,2.543858528137207,18.0,56.0,0.4614197530864198,0.6830065359477124,0.43750000000000006,0.9444444444444444,-10167.001746255384,-10449.938639041711
1,<cdt.causality.graph.GES.GES object at 0x000001867E4F0F70>,0.8040041923522949,18.0,17.0,0.6188271604938271,0.8398692810457516,0.5909090909090908,0.9444444444444444,-11757.347825691826,-25654.795916770407
2,<cdt.causality.graph.CCDr.CCDr object at 0x0000018664D88040>,1.6616871356964111,15.0,27.0,0.6064814814814815,0.5833333333333334,0.2857142857142857,0.9537037037037037,-18831.579249872677,-18905.923263011722
