,Algorithm,Duration,SHD,SID,PR AUC,ROC AUC,F1,Accuracy,BDeu,BIC
0,<cdt.causality.graph.PC.PC object at 0x00000205A00C90D0>,2.571438789367676,18.0,66.0,0.5138888888888888,0.7352941176470588,0.5,0.9444444444444444,-8742.257941438493,-9116.99754834522
1,<cdt.causality.graph.GES.GES object at 0x00000205B8DC7B50>,0.7690467834472656,11.0,15.0,0.7885802469135803,0.9558823529411764,0.7555555555555556,0.9660493827160493,-10326.79012052972,-25377.484447700466
2,<cdt.causality.graph.CCDr.CCDr object at 0x00000205A00BBDF0>,1.4054930210113525,15.0,27.0,0.6064814814814815,0.5833333333333334,0.2857142857142857,0.9537037037037037,-18807.154520730986,-18881.012397121827
