,Algorithm,Duration,SHD,SID,PR AUC,ROC AUC,F1,Accuracy,BDeu,BIC
0,<cdt.causality.graph.PC.PC object at 0x00000205A00C90D0>,2.5099143981933594,18.0,61.0,0.4876543209876543,0.7091503267973855,0.47058823529411764,0.9444444444444444,-9408.94498896063,-9735.755914275796
1,<cdt.causality.graph.GES.GES object at 0x00000205B8DC7B50>,0.779252290725708,16.0,11.0,0.6891534391534391,0.8954248366013072,0.6521739130434783,0.9506172839506173,-12566.46875203009,-30177.501518541874
2,<cdt.causality.graph.CCDr.CCDr object at 0x00000205A00BBDF0>,1.3750548362731934,15.0,27.0,0.6064814814814815,0.5833333333333334,0.2857142857142857,0.9537037037037037,-18886.72751058199,-18961.07261103045
