,Algorithm,Duration,SHD,SID,PR AUC,ROC AUC,F1,Accuracy,BDeu,BIC
0,<cdt.causality.graph.PC.PC object at 0x00000231397790D0>,1.9119031429290771,18.0,38.0,0.3302469135802469,0.5522875816993464,0.1818181818181818,0.9444444444444444,-1878.5098339466247,-1946.1034419856978
1,<cdt.causality.graph.GES.GES object at 0x0000023152496B50>,0.7650880813598633,18.0,12.0,0.6450617283950617,0.8660130718954248,0.6086956521739131,0.9444444444444444,-1658.2367743863244,-18113.714790251495
2,<cdt.causality.graph.CCDr.CCDr object at 0x000002313976BDF0>,1.321507215499878,15.0,27.0,0.6064814814814815,0.5833333333333334,0.2857142857142857,0.9537037037037037,-2002.7367378079198,-2061.3600716978012
