,Algorithm,Duration,SHD,SID,PR AUC,ROC AUC,F1,Accuracy,BDeu,BIC
0,<cdt.causality.graph.PC.PC object at 0x00000231397790D0>,1.9413254261016846,18.0,36.0,0.5277777777777778,0.5,0.0,0.9444444444444444,-2349.4686960593244,-2379.471807386021
1,<cdt.causality.graph.GES.GES object at 0x0000023152496B50>,0.7465713024139404,21.0,16.0,0.5648148148148148,0.8088235294117645,0.5333333333333333,0.9351851851851852,-2009.279113254934,-15191.102158996717
2,<cdt.causality.graph.CCDr.CCDr object at 0x000002313976BDF0>,1.32285475730896,15.0,27.0,0.6064814814814815,0.5833333333333334,0.2857142857142857,0.9537037037037037,-1972.8349199422798,-2029.510322665444
