,Algorithm,Duration,SHD,SID,PR AUC,ROC AUC,F1,Accuracy,BDeu,BIC
0,<cdt.causality.graph.PC.PC object at 0x0000012501A79100>,2.0134308338165283,18.0,36.0,0.5277777777777778,0.5,0.0,0.9444444444444444,-2355.1797199642738,-2384.8135996730025
1,<cdt.causality.graph.GES.GES object at 0x000001251B1B0F70>,0.7830896377563477,19.0,19.0,0.6095679012345679,0.8382352941176472,0.5777777777777777,0.941358024691358,-1615.3037246319373,-6405.479490192444
2,<cdt.causality.graph.CCDr.CCDr object at 0x0000012501A79040>,1.3288617134094238,15.0,27.0,0.6064814814814815,0.5833333333333334,0.2857142857142857,0.9537037037037037,-1979.6776564228849,-2036.0691474273533
