,Algorithm,Duration,SHD,SID,PR AUC,ROC AUC,F1,Accuracy,BDeu,BIC
0,<cdt.causality.graph.PC.PC object at 0x00000231397790D0>,1.9109606742858887,18.0,36.0,0.5277777777777778,0.5,0.0,0.9444444444444444,-2342.6569974015347,-2372.4170474504404
1,<cdt.causality.graph.GES.GES object at 0x0000023152496B50>,0.7594788074493408,31.0,29.0,0.37558535547041294,0.6879084967320261,0.3404255319148936,0.904320987654321,-1681.0955269445135,-20512.276471542402
2,<cdt.causality.graph.CCDr.CCDr object at 0x000002313976BDF0>,1.3218021392822266,15.0,27.0,0.6064814814814815,0.5833333333333334,0.2857142857142857,0.9537037037037037,-1963.759026353096,-2020.0239864551272
