,Algorithm,Duration,SHD,SID,PR AUC,ROC AUC,F1,Accuracy,BDeu,BIC
0,<cdt.causality.graph.PC.PC object at 0x00000231397790D0>,1.9406604766845703,18.0,39.0,0.3564814814814815,0.5784313725490197,0.25,0.9444444444444444,-1592.2268601868736,-1675.7426101564752
1,<cdt.causality.graph.GES.GES object at 0x0000023152496B50>,0.8191511631011963,16.0,17.0,0.664292497625831,0.8692810457516339,0.6363636363636364,0.9506172839506173,-1532.7043758307084,-7576.087490387929
2,<cdt.causality.graph.CCDr.CCDr object at 0x000002313976BDF0>,1.4120023250579834,15.0,27.0,0.6064814814814815,0.5833333333333334,0.2857142857142857,0.9537037037037037,-1971.2511974420247,-2028.2722703926574
