,Algorithm,Duration,SHD,SID,PR AUC,ROC AUC,F1,Accuracy,BDeu,BIC
0,<cdt.causality.graph.PC.PC object at 0x00000231397790D0>,1.9768178462982178,18.0,39.0,0.3564814814814815,0.5784313725490197,0.25,0.9444444444444444,-1626.3225515906468,-1711.6883071137481
1,<cdt.causality.graph.GES.GES object at 0x0000023152496B50>,1.0250678062438965,15.0,14.0,0.6990740740740741,0.8970588235294119,0.6666666666666667,0.9537037037037037,-1551.1266989197277,-9510.916324422731
2,<cdt.causality.graph.CCDr.CCDr object at 0x000002313976BDF0>,1.2737605571746826,15.0,27.0,0.6064814814814815,0.5833333333333334,0.2857142857142857,0.9537037037037037,-2000.3832448732262,-2058.8901756244195
