,Algorithm,Duration,SHD,SID,PR AUC,ROC AUC,F1,Accuracy,BDeu,BIC
0,<cdt.causality.graph.PC.PC object at 0x00000231397790D0>,1.9834465980529785,18.0,36.0,0.5277777777777778,0.5,0.0,0.9444444444444444,-2327.417763430429,-2356.8648384410903
1,<cdt.causality.graph.GES.GES object at 0x0000023152496B50>,0.7830569744110107,19.0,19.0,0.5825925925925926,0.8120915032679739,0.5581395348837209,0.941358024691358,-1723.2207443216428,-13558.871178691865
2,<cdt.causality.graph.CCDr.CCDr object at 0x000002313976BDF0>,1.397728681564331,15.0,27.0,0.6064814814814815,0.5833333333333334,0.2857142857142857,0.9537037037037037,-1954.7804654461354,-2011.1850153898001
