,Algorithm,Duration,SHD,SID,PR AUC,ROC AUC,F1,Accuracy,BDeu,BIC
0,<cdt.causality.graph.PC.PC object at 0x0000012501A79100>,1.9151158332824707,18.0,38.0,0.3302469135802469,0.5522875816993464,0.1818181818181818,0.9444444444444444,-1861.9889133921909,-1928.5058896185283
1,<cdt.causality.graph.GES.GES object at 0x000001251B1B0F70>,0.7649986743927002,27.0,21.0,0.4625372498935718,0.7467320261437909,0.4255319148936171,0.9166666666666666,-1837.2287750016965,-9603.470175649614
2,<cdt.causality.graph.CCDr.CCDr object at 0x0000012501A79040>,1.3553903102874756,15.0,27.0,0.6064814814814815,0.5833333333333334,0.2857142857142857,0.9537037037037037,-1990.2575566195744,-2048.082800193872
