,Algorithm,Duration,SHD,SID,PR AUC,ROC AUC,F1,Accuracy,BDeu,BIC
0,<cdt.causality.graph.PC.PC object at 0x00000231397790D0>,1.913245677947998,18.0,36.0,0.5277777777777778,0.5,0.0,0.9444444444444444,-2363.6120048380576,-2394.0098197784264
1,<cdt.causality.graph.GES.GES object at 0x0000023152496B50>,0.7605235576629639,26.0,20.0,0.4996913580246914,0.7745098039215687,0.45833333333333326,0.9197530864197531,-1884.0432783151211,-6912.810321739063
2,<cdt.causality.graph.CCDr.CCDr object at 0x000002313976BDF0>,1.283813238143921,15.0,27.0,0.6064814814814815,0.5833333333333334,0.2857142857142857,0.9537037037037037,-1984.6075815509475,-2041.5064017734244
