,Algorithm,Duration,SHD,SID,PR AUC,ROC AUC,F1,Accuracy,BDeu,BIC
0,<cdt.causality.graph.PC.PC object at 0x00000231397790D0>,1.947317123413086,18.0,36.0,0.5277777777777778,0.5,0.0,0.9444444444444444,-2324.314629687338,-2353.366607305521
1,<cdt.causality.graph.GES.GES object at 0x0000023152496B50>,0.78499436378479,19.0,13.0,0.5825925925925926,0.8120915032679739,0.5581395348837209,0.941358024691358,-1664.2620665081377,-7631.2681922673955
2,<cdt.causality.graph.CCDr.CCDr object at 0x000002313976BDF0>,1.3275279998779297,15.0,27.0,0.6064814814814815,0.5833333333333334,0.2857142857142857,0.9537037037037037,-1946.5849661866453,-2002.225909234451
