,Algorithm,Score,No. of calls,SHD,SID,PR AUC,ROC AUC,F1,Accuracy,BDeu,BIC
0,hc,bde,360.0,4.0,0.0,0.875,0.9918032786885246,0.8571428571428571,0.984375,-55699.275729466586,-60103.75903042709
1,hc,bic,300.0,0.0,0.0,1.0,1.0,1.0,1.0,-55714.261721062634,-56833.15684492325
2,tabu,bde,631.0,4.0,0.0,0.875,0.9918032786885246,0.8571428571428571,0.984375,-55699.275729466586,-60103.75903042709
3,tabu,bic,571.0,0.0,0.0,1.0,1.0,1.0,1.0,-55714.261721062634,-56833.15684492325
