,Algorithm,Duration,SHD,SID,PR AUC,ROC AUC,F1,Accuracy,BDeu,BIC
0,<cdt.causality.graph.PC.PC object at 0x000001C19A2D8040>,13.28298544883728,18.0,66.0,0.5138888888888888,0.7352941176470588,0.5,0.9444444444444444,-168081.4575974241,-168603.56832719504
1,<cdt.causality.graph.GES.GES object at 0x000001C19A2C3F10>,0.8889999389648438,12.0,10.0,0.7552231718898386,0.9281045751633986,0.7272727272727274,0.9629629629629629,-208178.68596455103,-233448.6991699429
2,<cdt.causality.graph.CCDr.CCDr object at 0x000001C19A2CBD30>,3.0007095336914062,15.0,27.0,0.6064814814814815,0.5833333333333334,0.2857142857142857,0.9537037037037037,-371710.4625677287,-371804.96393552044
3,<cdt.causality.graph.bnlearn.GS object at 0x000001C19A2CBD60>,1.575000524520874,19.0,24.0,0.7432432432432432,0.9689542483660131,0.6545454545454547,0.941358024691358,-152129.44273926766,-235133.82289419268
4,<cdt.causality.graph.bnlearn.MMPC object at 0x000001C1B32022E0>,1.0875256061553955,40.0,90.0,0.6551724137931034,0.934640522875817,0.4736842105263158,0.8765432098765432,-104003.95455583386,-222776.43367043274
5,<cdt.causality.graph.bnlearn.IAMB object at 0x000001C1B0F4C2E0>,1.3489961624145508,19.0,24.0,0.7432432432432432,0.9689542483660131,0.6545454545454547,0.941358024691358,-152129.44273926766,-235133.82289419268
6,<cdt.causality.graph.bnlearn.Fast_IAMB object at 0x000001C1B0F4C2B0>,1.2710566520690918,19.0,24.0,0.7432432432432432,0.9689542483660131,0.6545454545454547,0.941358024691358,-152129.44273926766,-235133.82289419268
7,<cdt.causality.graph.bnlearn.Inter_IAMB object at 0x000001C1B33C2A60>,1.3405938148498535,19.0,24.0,0.7432432432432432,0.9689542483660131,0.6545454545454547,0.941358024691358,-152129.44273926766,-235133.82289419268
