,Algorithm,Duration,SHD,SID,PR AUC,ROC AUC,F1,Accuracy,BDeu,BIC
0,<cdt.causality.graph.PC.PC object at 0x000001C19A2D8040>,13.290581703186035,18.0,66.0,0.5138888888888888,0.7352941176470588,0.5,0.9444444444444444,-168466.1120037274,-168988.18367862003
1,<cdt.causality.graph.GES.GES object at 0x000001C19A2C3F10>,1.01503324508667,16.0,15.0,0.6396604938271604,0.8431372549019608,0.619047619047619,0.9506172839506173,-250279.34413622308,-270336.56180398475
2,<cdt.causality.graph.CCDr.CCDr object at 0x000001C19A2CBD30>,2.9778647422790527,15.0,27.0,0.6064814814814815,0.5833333333333334,0.2857142857142857,0.9537037037037037,-371512.7306036715,-371607.22968511516
3,<cdt.causality.graph.bnlearn.GS object at 0x000001C19A2CBD60>,1.5397076606750488,12.0,12.0,0.8,0.9803921568627452,0.7499999999999999,0.9629629629629629,-167057.0073268559,-246656.04751115735
4,<cdt.causality.graph.bnlearn.MMPC object at 0x000001C1B32022E0>,1.1740138530731201,36.0,90.0,0.6666666666666666,0.9411764705882353,0.5,0.8888888888888888,-105661.25786540739,-210016.7023387193
5,<cdt.causality.graph.bnlearn.IAMB object at 0x000001C1B0F4C2E0>,1.3320648670196533,12.0,12.0,0.8,0.9803921568627452,0.7499999999999999,0.9629629629629629,-167057.0073268559,-246656.04751115735
6,<cdt.causality.graph.bnlearn.Fast_IAMB object at 0x000001C1B0F4C2B0>,1.241452693939209,12.0,12.0,0.8,0.9803921568627452,0.7499999999999999,0.9629629629629629,-167057.0073268559,-246656.04751115735
7,<cdt.causality.graph.bnlearn.Inter_IAMB object at 0x000001C1B33C2A60>,1.3549950122833252,12.0,12.0,0.8,0.9803921568627452,0.7499999999999999,0.9629629629629629,-167057.0073268559,-246656.04751115735
