,Algorithm,Duration,SHD,SID,PR AUC,ROC AUC,F1,Accuracy,BDeu,BIC
0,<cdt.causality.graph.PC.PC object at 0x000001C19A2D8040>,13.891058206558228,18.0,66.0,0.5138888888888888,0.7352941176470588,0.5,0.9444444444444444,-168489.79396043834,-169012.01832303996
1,<cdt.causality.graph.GES.GES object at 0x000001C19A2C3F10>,1.0100998878479004,16.0,12.0,0.664292497625831,0.8692810457516339,0.6363636363636364,0.9506172839506173,-235697.48833711556,-261111.74484274865
2,<cdt.causality.graph.CCDr.CCDr object at 0x000001C19A2CBD30>,3.066462993621826,15.0,27.0,0.6064814814814815,0.5833333333333334,0.2857142857142857,0.9537037037037037,-371287.6885373047,-371382.1014348848
3,<cdt.causality.graph.bnlearn.GS object at 0x000001C19A2CBD60>,1.5676476955413818,12.0,12.0,0.8,0.9803921568627452,0.7499999999999999,0.9629629629629629,-167052.0494948743,-246651.0916017635
4,<cdt.causality.graph.bnlearn.MMPC object at 0x000001C1B32022E0>,1.1258842945098877,36.0,90.0,0.6666666666666666,0.9411764705882353,0.5,0.8888888888888888,-105749.31674649885,-210104.85359068305
5,<cdt.causality.graph.bnlearn.IAMB object at 0x000001C1B0F4C2E0>,1.3541498184204102,12.0,12.0,0.8,0.9803921568627452,0.7499999999999999,0.9629629629629629,-167052.0494948743,-246651.0916017635
6,<cdt.causality.graph.bnlearn.Fast_IAMB object at 0x000001C1B0F4C2B0>,1.2801189422607422,12.0,12.0,0.8,0.9803921568627452,0.7499999999999999,0.9629629629629629,-167052.0494948743,-246651.0916017635
7,<cdt.causality.graph.bnlearn.Inter_IAMB object at 0x000001C1B33C2A60>,1.3547284603118896,12.0,12.0,0.8,0.9803921568627452,0.7499999999999999,0.9629629629629629,-167052.0494948743,-246651.0916017635
