,Algorithm,Duration,SHD,SID,PR AUC,ROC AUC,F1,Accuracy,BDeu,BIC
0,<cdt.causality.graph.PC.PC object at 0x000001C19A2D8040>,13.267980337142944,18.0,66.0,0.5138888888888888,0.7352941176470588,0.5,0.9444444444444444,-168388.72712046638,-168910.61719399123
1,<cdt.causality.graph.GES.GES object at 0x000001C19A2C3F10>,0.8780097961425781,16.0,9.0,0.664292497625831,0.8692810457516339,0.6363636363636364,0.9506172839506173,-251560.62938621241,-277023.5945658288
2,<cdt.causality.graph.CCDr.CCDr object at 0x000001C19A2CBD30>,3.1379594802856445,15.0,27.0,0.6064814814814815,0.5833333333333334,0.2857142857142857,0.9537037037037037,-372142.52456249786,-372237.12888749334
3,<cdt.causality.graph.bnlearn.GS object at 0x000001C19A2CBD60>,1.592036247253418,12.0,12.0,0.8,0.9803921568627452,0.7499999999999999,0.9629629629629629,-167058.20178831747,-246657.24365024627
4,<cdt.causality.graph.bnlearn.MMPC object at 0x000001C1B32022E0>,1.1035559177398682,36.0,90.0,0.6666666666666666,0.9411764705882353,0.5,0.8888888888888888,-105315.27313080202,-209670.50780827377
5,<cdt.causality.graph.bnlearn.IAMB object at 0x000001C1B0F4C2E0>,1.4050049781799316,12.0,12.0,0.8,0.9803921568627452,0.7499999999999999,0.9629629629629629,-167058.20178831747,-246657.24365024627
6,<cdt.causality.graph.bnlearn.Fast_IAMB object at 0x000001C1B0F4C2B0>,1.3030314445495605,12.0,12.0,0.8,0.9803921568627452,0.7499999999999999,0.9629629629629629,-167058.20178831747,-246657.24365024627
7,<cdt.causality.graph.bnlearn.Inter_IAMB object at 0x000001C1B33C2A60>,1.5064537525177002,12.0,12.0,0.8,0.9803921568627452,0.7499999999999999,0.9629629629629629,-167058.20178831747,-246657.24365024627
