,Algorithm,Duration,SHD,SID,PR AUC,ROC AUC,F1,Accuracy,BDeu,BIC
0,<cdt.causality.graph.PC.PC object at 0x000002305C408040>,13.70671558380127,18.0,66.0,0.5138888888888888,0.7352941176470588,0.5,0.9444444444444444,-168492.5158157296,-169014.44923172682
1,<cdt.causality.graph.GES.GES object at 0x000002305C1E3F10>,0.9081568717956543,16.0,12.0,0.6396604938271604,0.8431372549019608,0.619047619047619,0.9506172839506173,-254188.92122295234,-274199.6841202788
2,<cdt.causality.graph.CCDr.CCDr object at 0x000002305C1EBD30>,2.9649698734283447,15.0,27.0,0.6064814814814815,0.5833333333333334,0.2857142857142857,0.9537037037037037,-371979.8300288973,-372074.4038626781
3,<cdt.causality.graph.bnlearn.GS object at 0x000002305C1EBD60>,1.5565335750579834,19.0,24.0,0.7432432432432432,0.9689542483660131,0.6545454545454547,0.941358024691358,-152119.86908504786,-235124.25285626907
4,<cdt.causality.graph.bnlearn.MMPC object at 0x0000023074F23310>,1.1354520320892334,40.0,90.0,0.6551724137931034,0.934640522875817,0.4736842105263158,0.8765432098765432,-103974.77149211593,-222747.18369241137
5,<cdt.causality.graph.bnlearn.IAMB object at 0x0000023072E8C310>,1.3529043197631836,19.0,24.0,0.7432432432432432,0.9689542483660131,0.6545454545454547,0.941358024691358,-152119.86908504786,-235124.25285626907
6,<cdt.causality.graph.bnlearn.Fast_IAMB object at 0x0000023072E8C2E0>,1.2820816040039062,19.0,24.0,0.7432432432432432,0.9689542483660131,0.6545454545454547,0.941358024691358,-152119.86908504786,-235124.25285626907
7,<cdt.causality.graph.bnlearn.Inter_IAMB object at 0x00000230752E2A90>,1.3703725337982178,19.0,24.0,0.7432432432432432,0.9689542483660131,0.6545454545454547,0.941358024691358,-152119.86908504786,-235124.25285626907
