,Algorithm,Duration,SHD,SID,PR AUC,ROC AUC,F1,Accuracy,BDeu,BIC
0,<cdt.causality.graph.PC.PC object at 0x000002305C408040>,14.290701627731323,18.0,66.0,0.5138888888888888,0.7352941176470588,0.5,0.9444444444444444,-168008.31977465696,-168530.63600400786
1,<cdt.causality.graph.GES.GES object at 0x000002305C1E3F10>,0.8749747276306152,18.0,13.0,0.6188271604938271,0.8398692810457516,0.5909090909090908,0.9444444444444444,-235806.52596482894,-261220.69892923452
2,<cdt.causality.graph.CCDr.CCDr object at 0x000002305C1EBD30>,2.974003314971924,15.0,27.0,0.6064814814814815,0.5833333333333334,0.2857142857142857,0.9537037037037037,-371304.42026302876,-371398.8119199516
3,<cdt.causality.graph.bnlearn.GS object at 0x000002305C1EBD60>,1.5772106647491455,12.0,12.0,0.8,0.9803921568627452,0.7499999999999999,0.9629629629629629,-167056.915859472,-246655.95747453716
4,<cdt.causality.graph.bnlearn.MMPC object at 0x0000023074F23310>,1.0850028991699219,36.0,90.0,0.6666666666666666,0.9411764705882353,0.5,0.8888888888888888,-105551.71509240873,-209907.24017574883
5,<cdt.causality.graph.bnlearn.IAMB object at 0x0000023072E8C310>,1.3450000286102295,12.0,12.0,0.8,0.9803921568627452,0.7499999999999999,0.9629629629629629,-167056.915859472,-246655.95747453716
6,<cdt.causality.graph.bnlearn.Fast_IAMB object at 0x0000023072E8C2E0>,1.248556137084961,12.0,12.0,0.8,0.9803921568627452,0.7499999999999999,0.9629629629629629,-167056.915859472,-246655.95747453716
7,<cdt.causality.graph.bnlearn.Inter_IAMB object at 0x00000230752E2A90>,1.3900539875030518,12.0,12.0,0.8,0.9803921568627452,0.7499999999999999,0.9629629629629629,-167056.915859472,-246655.95747453716
