,Algorithm,Duration,SHD,SID,PR AUC,ROC AUC,F1,Accuracy,BDeu,BIC
0,<cdt.causality.graph.PC.PC object at 0x000001C19A2D8040>,14.37155294418335,18.0,66.0,0.5138888888888888,0.7352941176470588,0.5,0.9444444444444444,-168611.40341704577,-169133.47591705385
1,<cdt.causality.graph.GES.GES object at 0x000001C19A2C3F10>,0.8975539207458496,14.0,8.0,0.7097578347578347,0.8986928104575165,0.6818181818181818,0.9567901234567902,-251455.21795018815,-276918.2791513682
2,<cdt.causality.graph.CCDr.CCDr object at 0x000001C19A2CBD30>,3.0114729404449463,15.0,27.0,0.6064814814814815,0.5833333333333334,0.2857142857142857,0.9537037037037037,-371605.9607946839,-371700.44941813196
3,<cdt.causality.graph.bnlearn.GS object at 0x000001C19A2CBD60>,1.8440380096435547,19.0,24.0,0.7432432432432432,0.9689542483660131,0.6545454545454547,0.941358024691358,-152236.326317152,-235240.68415436568
4,<cdt.causality.graph.bnlearn.MMPC object at 0x000001C1B32022E0>,1.1058452129364014,40.0,90.0,0.6551724137931034,0.934640522875817,0.4736842105263158,0.8765432098765432,-104197.80315522746,-222970.30486222514
5,<cdt.causality.graph.bnlearn.IAMB object at 0x000001C1B0F4C2E0>,1.3540890216827393,19.0,24.0,0.7432432432432432,0.9689542483660131,0.6545454545454547,0.941358024691358,-152236.326317152,-235240.68415436568
6,<cdt.causality.graph.bnlearn.Fast_IAMB object at 0x000001C1B0F4C2B0>,1.2889976501464844,19.0,24.0,0.7432432432432432,0.9689542483660131,0.6545454545454547,0.941358024691358,-152236.326317152,-235240.68415436568
7,<cdt.causality.graph.bnlearn.Inter_IAMB object at 0x000001C1B33C2A60>,1.3811068534851074,19.0,24.0,0.7432432432432432,0.9689542483660131,0.6545454545454547,0.941358024691358,-152236.326317152,-235240.68415436568
