,Algorithm,Duration,SHD,SID,PR AUC,ROC AUC,F1,Accuracy,BDeu,BIC
0,<cdt.causality.graph.PC.PC object at 0x000001C19A2D8040>,14.70816159248352,18.0,66.0,0.5138888888888888,0.7352941176470588,0.5,0.9444444444444444,-167492.95406325435,-168015.36637496535
1,<cdt.causality.graph.GES.GES object at 0x000001C19A2C3F10>,0.888974666595459,16.0,19.0,0.6396604938271604,0.8431372549019608,0.619047619047619,0.9506172839506173,-194845.78669815842,-214614.88586165092
2,<cdt.causality.graph.CCDr.CCDr object at 0x000001C19A2CBD30>,3.077434778213501,15.0,27.0,0.6064814814814815,0.5833333333333334,0.2857142857142857,0.9537037037037037,-371158.21942466445,-371252.5809132394
3,<cdt.causality.graph.bnlearn.GS object at 0x000001C19A2CBD60>,1.6234498023986816,12.0,12.0,0.8,0.9803921568627452,0.7499999999999999,0.9629629629629629,-167056.21466564655,-246655.2573639123
4,<cdt.causality.graph.bnlearn.MMPC object at 0x000001C1B32022E0>,1.1356794834136963,36.0,90.0,0.6666666666666666,0.9411764705882353,0.5,0.8888888888888888,-105449.47153211333,-209805.22591421113
5,<cdt.causality.graph.bnlearn.IAMB object at 0x000001C1B0F4C2E0>,1.3973028659820557,12.0,12.0,0.8,0.9803921568627452,0.7499999999999999,0.9629629629629629,-167056.21466564655,-246655.2573639123
6,<cdt.causality.graph.bnlearn.Fast_IAMB object at 0x000001C1B0F4C2B0>,1.307098388671875,12.0,12.0,0.8,0.9803921568627452,0.7499999999999999,0.9629629629629629,-167056.21466564655,-246655.2573639123
7,<cdt.causality.graph.bnlearn.Inter_IAMB object at 0x000001C1B33C2A60>,1.4320871829986572,12.0,12.0,0.8,0.9803921568627452,0.7499999999999999,0.9629629629629629,-167056.21466564655,-246655.2573639123
