,Algorithm,Duration,SHD,SID,PR AUC,ROC AUC,F1,Accuracy,BDeu,BIC
0,<cdt.causality.graph.PC.PC object at 0x000001C19A2D8040>,14.226268768310547,18.0,66.0,0.5138888888888888,0.7352941176470588,0.5,0.9444444444444444,-167920.18495276282,-168442.35797855534
1,<cdt.causality.graph.GES.GES object at 0x000001C19A2C3F10>,1.0393157005310059,14.0,12.0,0.6867283950617284,0.8725490196078431,0.6666666666666666,0.9567901234567902,-238403.54549505198,-258365.50397852194
2,<cdt.causality.graph.CCDr.CCDr object at 0x000001C19A2CBD30>,3.0497772693634033,15.0,27.0,0.6064814814814815,0.5833333333333334,0.2857142857142857,0.9537037037037037,-371517.49772698263,-371611.96998548444
3,<cdt.causality.graph.bnlearn.GS object at 0x000001C19A2CBD60>,1.5160646438598633,12.0,12.0,0.8,0.9803921568627452,0.7499999999999999,0.9629629629629629,-167057.5208133675,-246656.56216411316
4,<cdt.causality.graph.bnlearn.MMPC object at 0x000001C1B32022E0>,1.1090269088745117,36.0,90.0,0.6666666666666666,0.9411764705882353,0.5,0.8888888888888888,-105431.60289450316,-209787.08005290417
5,<cdt.causality.graph.bnlearn.IAMB object at 0x000001C1B0F4C2E0>,1.360546350479126,12.0,12.0,0.8,0.9803921568627452,0.7499999999999999,0.9629629629629629,-167057.5208133675,-246656.56216411316
6,<cdt.causality.graph.bnlearn.Fast_IAMB object at 0x000001C1B0F4C2B0>,1.2791736125946045,12.0,12.0,0.8,0.9803921568627452,0.7499999999999999,0.9629629629629629,-167057.5208133675,-246656.56216411316
7,<cdt.causality.graph.bnlearn.Inter_IAMB object at 0x000001C1B33C2A60>,1.395035982131958,12.0,12.0,0.8,0.9803921568627452,0.7499999999999999,0.9629629629629629,-167057.5208133675,-246656.56216411316
