,Algorithm,Duration,SHD,SID,PR AUC,ROC AUC,F1,Accuracy,BDeu,BIC
0,<cdt.causality.graph.PC.PC object at 0x000001C19A2D8040>,14.228479146957397,18.0,66.0,0.5138888888888888,0.7352941176470588,0.5,0.9444444444444444,-168455.45000249502,-168977.55800452523
1,<cdt.causality.graph.GES.GES object at 0x000001C19A2C3F10>,1.0291597843170166,9.0,13.0,0.8137654320987654,0.9591503267973855,0.7906976744186047,0.9722222222222222,-167165.98046479313,-186803.83257320075
2,<cdt.causality.graph.CCDr.CCDr object at 0x000001C19A2CBD30>,3.4175546169281006,15.0,27.0,0.6064814814814815,0.5833333333333334,0.2857142857142857,0.9537037037037037,-371413.1396760766,-371507.6200037127
3,<cdt.causality.graph.bnlearn.GS object at 0x000001C19A2CBD60>,1.5420355796813965,12.0,12.0,0.8,0.9803921568627452,0.7499999999999999,0.9629629629629629,-167051.5949363006,-246650.63543476493
4,<cdt.causality.graph.bnlearn.MMPC object at 0x000001C1B32022E0>,1.0770506858825684,36.0,90.0,0.6666666666666666,0.9411764705882353,0.5,0.8888888888888888,-105697.00923496949,-210052.36760202947
5,<cdt.causality.graph.bnlearn.IAMB object at 0x000001C1B0F4C2E0>,1.3394184112548828,12.0,12.0,0.8,0.9803921568627452,0.7499999999999999,0.9629629629629629,-167051.5949363006,-246650.63543476493
6,<cdt.causality.graph.bnlearn.Fast_IAMB object at 0x000001C1B0F4C2B0>,1.249133825302124,12.0,12.0,0.8,0.9803921568627452,0.7499999999999999,0.9629629629629629,-167051.5949363006,-246650.63543476493
7,<cdt.causality.graph.bnlearn.Inter_IAMB object at 0x000001C1B33C2A60>,1.347029447555542,12.0,12.0,0.8,0.9803921568627452,0.7499999999999999,0.9629629629629629,-167051.5949363006,-246650.63543476493
