,Algorithm,Score,No. of calls,SHD,SID,PR AUC,ROC AUC,F1,Accuracy,BDeu,BIC
0,hc,bde,84.0,2.0,0.0,0.875,0.9827586206896552,0.8571428571428571,0.96875,-277404.21967636974,-280219.1758270356
1,hc,bic,70.0,0.0,0.0,1.0,1.0,1.0,1.0,-277414.47907987324,-278141.77839642885
2,tabu,bde,207.0,2.0,0.0,0.875,0.9827586206896552,0.8571428571428571,0.96875,-277404.21967636974,-280219.1758270356
3,tabu,bic,199.0,0.0,0.0,1.0,1.0,1.0,1.0,-277414.47907987324,-278141.77839642885
