,Algorithm,Score,No. of calls,SHD,SID,PR AUC,ROC AUC,F1,Accuracy,BDeu,BIC
0,hc,bde,1736.0,34.0,54.0,0.5732627467105263,0.7668699186991871,0.5641025641025641,0.966796875,-2809.401453834989,-12571.508161618205
1,hc,bic,1085.0,29.0,77.0,0.5944438733552632,0.6854674796747967,0.5084745762711864,0.9716796875,-2928.717377024574,-3190.657264481321
2,tabu,bde,2318.0,34.0,54.0,0.5732627467105263,0.7668699186991871,0.5641025641025641,0.966796875,-2809.401453834989,-12571.508161618205
3,tabu,bic,1695.0,29.0,77.0,0.5944438733552632,0.6854674796747967,0.5084745762711864,0.9716796875,-2928.717377024574,-3190.657264481321
