,Algorithm,Duration,SHD,SID,PR AUC,ROC AUC,F1,Accuracy,BDeu,BIC
0,<cdt.causality.graph.PC.PC object at 0x0000020BFD528040>,1.870980978012085,14.0,24.0,0.3822916666666667,0.6543715846994534,0.3636363636363636,0.9453125,-1210.048184855923,-1321.756089437093
1,<cdt.causality.graph.GES.GES object at 0x0000020B962422E0>,0.7601048946380615,8.0,13.0,0.7330729166666667,0.9043715846994536,0.7142857142857143,0.96875,-971.8488875329273,-1583.3417627407828
2,<cdt.causality.graph.CCDr.CCDr object at 0x0000020BFD51BD60>,1.2500548362731934,8.0,12.0,0.6822916666666667,0.6666666666666666,0.5,0.96875,-1704.1915864458933,-1770.9360757889522
3,<cdt.causality.graph.bnlearn.GS object at 0x0000020BFD51BD30>,0.31709909439086914,8.0,12.0,0.8,0.9836065573770492,0.7499999999999999,0.96875,-812.3158498423549,-3154.4767225992273
4,<cdt.causality.graph.bnlearn.MMPC object at 0x0000020BFD513FA0>,0.30709290504455566,20.0,48.0,0.6875,0.959016393442623,0.5454545454545454,0.921875,-637.17686932887,-3906.529277032022
5,<cdt.causality.graph.bnlearn.IAMB object at 0x0000020B9418C2B0>,0.354140043258667,8.0,12.0,0.8,0.9836065573770492,0.7499999999999999,0.96875,-812.3158498423549,-3154.4767225992273
6,<cdt.causality.graph.bnlearn.Fast_IAMB object at 0x0000020B9418C2E0>,0.3116335868835449,8.0,12.0,0.8,0.9836065573770492,0.7499999999999999,0.96875,-812.3158498423549,-3154.4767225992273
7,<cdt.causality.graph.bnlearn.Inter_IAMB object at 0x0000020B96622A60>,0.31800270080566406,8.0,12.0,0.8,0.9836065573770492,0.7499999999999999,0.96875,-812.3158498423549,-3154.4767225992273
