,Algorithm,Duration,SHD,SID,PR AUC,ROC AUC,F1,Accuracy,BDeu,BIC
0,<cdt.causality.graph.PC.PC object at 0x000001E668A28040>,1.8822894096374512,12.0,24.0,0.4322916666666667,0.6584699453551912,0.4,0.953125,-1218.6996274361732,-1321.8571655762253
1,<cdt.causality.graph.GES.GES object at 0x000001E681753310>,0.7710862159729004,19.0,13.0,0.4196134868421053,0.7233606557377048,0.3870967741935484,0.92578125,-1399.5865585032484,-2705.4090771447854
2,<cdt.causality.graph.CCDr.CCDr object at 0x000001E668A1BD60>,1.3056962490081787,8.0,12.0,0.6822916666666667,0.6666666666666666,0.5,0.96875,-1719.8422642079738,-1787.3654238177855
3,<cdt.causality.graph.bnlearn.GS object at 0x000001E668A1BD30>,0.3173396587371826,19.0,21.0,0.6935483870967742,0.9610655737704917,0.5581395348837209,0.92578125,-819.4604953557873,-4926.047881040759
4,<cdt.causality.graph.bnlearn.MMPC object at 0x000001E668A13FA0>,0.30601048469543457,28.0,48.0,0.65,0.9426229508196721,0.4615384615384615,0.890625,-736.1738144410745,-6566.726320905748
5,<cdt.causality.graph.bnlearn.IAMB object at 0x000001E67F6CC2E0>,0.31107568740844727,19.0,21.0,0.6935483870967742,0.9610655737704917,0.5581395348837209,0.92578125,-819.4604953557873,-4926.047881040759
6,<cdt.causality.graph.bnlearn.Fast_IAMB object at 0x000001E67F6CC310>,0.3200206756591797,19.0,21.0,0.6935483870967742,0.9610655737704917,0.5581395348837209,0.92578125,-819.4604953557873,-4926.047881040759
7,<cdt.causality.graph.bnlearn.Inter_IAMB object at 0x000001E681B22A90>,0.31599974632263184,19.0,21.0,0.6935483870967742,0.9610655737704917,0.5581395348837209,0.92578125,-819.4604953557873,-4926.047881040759
