,Algorithm,Duration,SHD,SID,PR AUC,ROC AUC,F1,Accuracy,BDeu,BIC
0,<cdt.causality.graph.PC.PC object at 0x0000020BFD528040>,1.8767344951629639,14.0,23.0,0.330078125,0.6147540983606558,0.3,0.9453125,-1524.206896889904,-1619.8453686178914
1,<cdt.causality.graph.GES.GES object at 0x0000020B962422E0>,0.7630949020385742,21.0,13.0,0.4045758928571428,0.7192622950819673,0.36363636363636365,0.91796875,-1430.4481393274637,-3010.4846309148543
2,<cdt.causality.graph.CCDr.CCDr object at 0x0000020BFD51BD60>,1.2890918254852295,8.0,12.0,0.6822916666666667,0.6666666666666666,0.5,0.96875,-1764.3243968764848,-1832.9451868802516
3,<cdt.causality.graph.bnlearn.GS object at 0x0000020BFD51BD30>,0.31804680824279785,12.0,12.0,0.75,0.9754098360655737,0.6666666666666666,0.953125,-863.081558670062,-3421.5044540272193
4,<cdt.causality.graph.bnlearn.MMPC object at 0x0000020BFD513FA0>,0.3036210536956787,24.0,48.0,0.6666666666666666,0.9508196721311475,0.5,0.90625,-702.2279532550726,-5209.385728275511
5,<cdt.causality.graph.bnlearn.IAMB object at 0x0000020B9418C2B0>,0.3140859603881836,12.0,12.0,0.75,0.9754098360655737,0.6666666666666666,0.953125,-863.081558670062,-3421.5044540272193
6,<cdt.causality.graph.bnlearn.Fast_IAMB object at 0x0000020B9418C2E0>,0.31813573837280273,12.0,12.0,0.75,0.9754098360655737,0.6666666666666666,0.953125,-863.081558670062,-3421.5044540272193
7,<cdt.causality.graph.bnlearn.Inter_IAMB object at 0x0000020B96622A60>,0.3169999122619629,12.0,12.0,0.75,0.9754098360655737,0.6666666666666666,0.953125,-863.081558670062,-3421.5044540272193
