,Algorithm,Duration,SHD,SID,PR AUC,ROC AUC,F1,Accuracy,BDeu,BIC
0,<cdt.causality.graph.PC.PC object at 0x0000020BFD528040>,1.864844799041748,12.0,24.0,0.4322916666666667,0.6584699453551912,0.4,0.953125,-1200.4167417936262,-1303.1215347267334
1,<cdt.causality.graph.GES.GES object at 0x0000020B962422E0>,0.7549991607666016,13.0,12.0,0.6177014802631579,0.8545081967213115,0.5806451612903226,0.94921875,-1358.0866544442008,-3408.6389692144226
2,<cdt.causality.graph.CCDr.CCDr object at 0x0000020BFD51BD60>,1.2671196460723877,8.0,12.0,0.6822916666666667,0.6666666666666666,0.5,0.96875,-1701.8496871272123,-1768.9463362241177
3,<cdt.causality.graph.bnlearn.GS object at 0x0000020BFD51BD30>,0.3177640438079834,8.0,12.0,0.8,0.9836065573770492,0.7499999999999999,0.96875,-811.6177157849245,-3153.655710052525
4,<cdt.causality.graph.bnlearn.MMPC object at 0x0000020BFD513FA0>,0.30500149726867676,20.0,48.0,0.6875,0.959016393442623,0.5454545454545454,0.921875,-642.7502487622234,-3910.838312153506
5,<cdt.causality.graph.bnlearn.IAMB object at 0x0000020B9418C2B0>,0.3119969367980957,8.0,12.0,0.8,0.9836065573770492,0.7499999999999999,0.96875,-811.6177157849245,-3153.655710052525
6,<cdt.causality.graph.bnlearn.Fast_IAMB object at 0x0000020B9418C2E0>,0.3141751289367676,8.0,12.0,0.8,0.9836065573770492,0.7499999999999999,0.96875,-811.6177157849245,-3153.655710052525
7,<cdt.causality.graph.bnlearn.Inter_IAMB object at 0x0000020B96622A60>,0.31800365447998047,8.0,12.0,0.8,0.9836065573770492,0.7499999999999999,0.96875,-811.6177157849245,-3153.655710052525
