,Algorithm,Duration,SHD,SID,PR AUC,ROC AUC,F1,Accuracy,BDeu,BIC
0,<cdt.causality.graph.PC.PC object at 0x000001E668A28040>,1.8500635623931885,12.0,24.0,0.4322916666666667,0.6584699453551912,0.4,0.953125,-1254.0784896403925,-1358.1247861245938
1,<cdt.causality.graph.GES.GES object at 0x000001E681753310>,0.7832138538360596,9.0,10.0,0.7146905637254903,0.9023224043715848,0.6896551724137931,0.96484375,-1207.8730665897326,-1911.5653452474505
2,<cdt.causality.graph.CCDr.CCDr object at 0x000001E668A1BD60>,1.2801737785339355,8.0,12.0,0.6822916666666667,0.6666666666666666,0.5,0.96875,-1755.5331215627987,-1823.9755215420992
3,<cdt.causality.graph.bnlearn.GS object at 0x000001E668A1BD30>,0.32079172134399414,8.0,12.0,0.8,0.9836065573770492,0.7499999999999999,0.96875,-816.8126406101693,-3159.079087393243
4,<cdt.causality.graph.bnlearn.MMPC object at 0x000001E668A13FA0>,0.29999351501464844,20.0,48.0,0.6875,0.959016393442623,0.5454545454545454,0.921875,-608.0320954754693,-3873.4841951688413
5,<cdt.causality.graph.bnlearn.IAMB object at 0x000001E67F6CC2E0>,0.310014009475708,8.0,12.0,0.8,0.9836065573770492,0.7499999999999999,0.96875,-816.8126406101693,-3159.079087393243
6,<cdt.causality.graph.bnlearn.Fast_IAMB object at 0x000001E67F6CC310>,0.31923627853393555,8.0,12.0,0.8,0.9836065573770492,0.7499999999999999,0.96875,-816.8126406101693,-3159.079087393243
7,<cdt.causality.graph.bnlearn.Inter_IAMB object at 0x000001E681B22A90>,0.326068639755249,8.0,12.0,0.8,0.9836065573770492,0.7499999999999999,0.96875,-816.8126406101693,-3159.079087393243
