,Algorithm,Duration,SHD,SID,PR AUC,ROC AUC,F1,Accuracy,BDeu,BIC
0,<cdt.causality.graph.PC.PC object at 0x0000020BFD528040>,1.8598597049713135,12.0,24.0,0.4322916666666667,0.6584699453551912,0.4,0.953125,-1202.423715013416,-1304.3606487924717
1,<cdt.causality.graph.GES.GES object at 0x0000020B962422E0>,0.7649989128112793,12.0,11.0,0.5911458333333334,0.8169398907103824,0.5714285714285715,0.953125,-1246.1142171791455,-1916.0526536818877
2,<cdt.causality.graph.CCDr.CCDr object at 0x0000020BFD51BD60>,1.2714998722076416,8.0,12.0,0.6822916666666667,0.6666666666666666,0.5,0.96875,-1704.416699924139,-1770.7983067299556
3,<cdt.causality.graph.bnlearn.GS object at 0x0000020BFD51BD30>,0.3260812759399414,8.0,12.0,0.8,0.9836065573770492,0.7499999999999999,0.96875,-808.866905349876,-3152.64078979819
4,<cdt.causality.graph.bnlearn.MMPC object at 0x0000020BFD513FA0>,0.3049924373626709,20.0,48.0,0.6875,0.959016393442623,0.5454545454545454,0.921875,-619.93042145947,-3894.1170506804574
5,<cdt.causality.graph.bnlearn.IAMB object at 0x0000020B9418C2B0>,0.31455445289611816,8.0,12.0,0.8,0.9836065573770492,0.7499999999999999,0.96875,-808.866905349876,-3152.64078979819
6,<cdt.causality.graph.bnlearn.Fast_IAMB object at 0x0000020B9418C2E0>,0.3191184997558594,8.0,12.0,0.8,0.9836065573770492,0.7499999999999999,0.96875,-808.866905349876,-3152.64078979819
7,<cdt.causality.graph.bnlearn.Inter_IAMB object at 0x0000020B96622A60>,0.31502318382263184,8.0,12.0,0.8,0.9836065573770492,0.7499999999999999,0.96875,-808.866905349876,-3152.64078979819
