,Algorithm,Duration,SHD,SID,PR AUC,ROC AUC,F1,Accuracy,BDeu,BIC
0,<cdt.causality.graph.PC.PC object at 0x0000020BFD528040>,1.8753995895385742,12.0,23.0,0.392578125,0.6188524590163935,0.3333333333333333,0.953125,-1455.5950978366232,-1539.4644350874764
1,<cdt.causality.graph.GES.GES object at 0x0000020B962422E0>,0.7633662223815918,12.0,14.0,0.630859375,0.8565573770491803,0.6,0.953125,-999.1663679401678,-1750.455117376913
2,<cdt.causality.graph.CCDr.CCDr object at 0x0000020BFD51BD60>,1.2744739055633545,8.0,12.0,0.6822916666666667,0.6666666666666666,0.5,0.96875,-1707.2882104699745,-1773.4225085196636
3,<cdt.causality.graph.bnlearn.GS object at 0x0000020BFD51BD30>,0.31677937507629395,8.0,12.0,0.8,0.9836065573770492,0.7499999999999999,0.96875,-810.9863474889952,-3152.9378781698288
4,<cdt.causality.graph.bnlearn.MMPC object at 0x0000020BFD513FA0>,0.30698204040527344,20.0,48.0,0.6875,0.959016393442623,0.5454545454545454,0.921875,-632.3832410517844,-3901.98774398397
5,<cdt.causality.graph.bnlearn.IAMB object at 0x0000020B9418C2B0>,0.3112356662750244,8.0,12.0,0.8,0.9836065573770492,0.7499999999999999,0.96875,-810.9863474889952,-3152.9378781698288
6,<cdt.causality.graph.bnlearn.Fast_IAMB object at 0x0000020B9418C2E0>,0.32038354873657227,8.0,12.0,0.8,0.9836065573770492,0.7499999999999999,0.96875,-810.9863474889952,-3152.9378781698288
7,<cdt.causality.graph.bnlearn.Inter_IAMB object at 0x0000020B96622A60>,0.31400203704833984,8.0,12.0,0.8,0.9836065573770492,0.7499999999999999,0.96875,-810.9863474889952,-3152.9378781698288
