,Algorithm,Duration,SHD,SID,PR AUC,ROC AUC,F1,Accuracy,BDeu,BIC
0,<cdt.causality.graph.PC.PC object at 0x0000020BFD528040>,1.8625624179840088,14.0,24.0,0.3822916666666667,0.6543715846994534,0.3636363636363636,0.9453125,-1243.6158323864533,-1356.2448280282
1,<cdt.causality.graph.GES.GES object at 0x0000020B962422E0>,0.7631542682647705,13.0,11.0,0.6994168931159419,0.9337431693989069,0.6285714285714286,0.94921875,-1229.8916098607483,-4934.650790189041
2,<cdt.causality.graph.CCDr.CCDr object at 0x0000020BFD51BD60>,1.3826591968536377,8.0,12.0,0.6822916666666667,0.6666666666666666,0.5,0.96875,-1735.7809141505593,-1803.6718428798833
3,<cdt.causality.graph.bnlearn.GS object at 0x0000020BFD51BD30>,0.3145463466644287,16.0,21.0,0.7142857142857143,0.9672131147540984,0.6,0.9375,-790.1123292155,-4690.270557463702
4,<cdt.causality.graph.bnlearn.MMPC object at 0x0000020BFD513FA0>,0.3309972286224365,26.0,48.0,0.6578947368421053,0.9467213114754098,0.4799999999999999,0.8984375,-717.4611000323869,-7121.1767288883475
5,<cdt.causality.graph.bnlearn.IAMB object at 0x0000020B9418C2B0>,0.31223011016845703,16.0,21.0,0.7142857142857143,0.9672131147540984,0.6,0.9375,-790.1123292155,-4690.270557463702
6,<cdt.causality.graph.bnlearn.Fast_IAMB object at 0x0000020B9418C2E0>,0.3155019283294678,16.0,21.0,0.7142857142857143,0.9672131147540984,0.6,0.9375,-790.1123292155,-4690.270557463702
7,<cdt.causality.graph.bnlearn.Inter_IAMB object at 0x0000020B96622A60>,0.31342625617980957,16.0,21.0,0.7142857142857143,0.9672131147540984,0.6,0.9375,-790.1123292155,-4690.270557463702
