,Algorithm,Duration,SHD,SID,PR AUC,ROC AUC,F1,Accuracy,BDeu,BIC
0,<cdt.causality.graph.PC.PC object at 0x0000020BFD528040>,1.8683903217315674,12.0,24.0,0.4322916666666667,0.6584699453551912,0.4,0.953125,-1222.142623198612,-1325.4998786495037
1,<cdt.causality.graph.GES.GES object at 0x0000020B962422E0>,0.7640578746795654,15.0,12.0,0.551672149122807,0.8107923497267758,0.5161290322580646,0.94140625,-1205.6601750565042,-1920.6310129848646
2,<cdt.causality.graph.CCDr.CCDr object at 0x0000020BFD51BD60>,1.2841143608093262,8.0,12.0,0.6822916666666667,0.6666666666666666,0.5,0.96875,-1718.0887342173462,-1785.4350022199912
3,<cdt.causality.graph.bnlearn.GS object at 0x0000020BFD51BD30>,0.31412458419799805,8.0,12.0,0.8,0.9836065573770492,0.7499999999999999,0.96875,-808.6766415172729,-3151.3659457535405
4,<cdt.causality.graph.bnlearn.MMPC object at 0x0000020BFD513FA0>,0.30499935150146484,20.0,48.0,0.6875,0.959016393442623,0.5454545454545454,0.921875,-614.3278016275293,-3882.1759843449054
5,<cdt.causality.graph.bnlearn.IAMB object at 0x0000020B9418C2B0>,0.3100001811981201,8.0,12.0,0.8,0.9836065573770492,0.7499999999999999,0.96875,-808.6766415172729,-3151.3659457535405
6,<cdt.causality.graph.bnlearn.Fast_IAMB object at 0x0000020B9418C2E0>,0.315108060836792,8.0,12.0,0.8,0.9836065573770492,0.7499999999999999,0.96875,-808.6766415172729,-3151.3659457535405
7,<cdt.causality.graph.bnlearn.Inter_IAMB object at 0x0000020B96622A60>,0.3300628662109375,8.0,12.0,0.8,0.9836065573770492,0.7499999999999999,0.96875,-808.6766415172729,-3151.3659457535405
