,Algorithm,Duration,SHD,SID,PR AUC,ROC AUC,F1,Accuracy,BDeu,BIC
0,<cdt.causality.graph.PC.PC object at 0x0000020BFD528040>,1.9195327758789062,12.0,23.0,0.392578125,0.6188524590163935,0.3333333333333333,0.953125,-1499.4490401310009,-1585.3833244766442
1,<cdt.causality.graph.GES.GES object at 0x0000020B962422E0>,0.7911810874938965,16.0,13.0,0.5411458333333333,0.808743169398907,0.5,0.9375,-1422.1550518380773,-4008.5508067746996
2,<cdt.causality.graph.CCDr.CCDr object at 0x0000020BFD51BD60>,1.27907133102417,8.0,12.0,0.6822916666666667,0.6666666666666666,0.5,0.96875,-1750.3444589755209,-1818.4911405520024
3,<cdt.causality.graph.bnlearn.GS object at 0x0000020BFD51BD30>,0.3249990940093994,8.0,12.0,0.8,0.9836065573770492,0.7499999999999999,0.96875,-815.953561500177,-3158.16273668132
4,<cdt.causality.graph.bnlearn.MMPC object at 0x0000020BFD513FA0>,0.30262088775634766,20.0,48.0,0.6875,0.959016393442623,0.5454545454545454,0.921875,-611.051791616711,-3876.8201175817812
5,<cdt.causality.graph.bnlearn.IAMB object at 0x0000020B9418C2B0>,0.3156557083129883,8.0,12.0,0.8,0.9836065573770492,0.7499999999999999,0.96875,-815.953561500177,-3158.16273668132
6,<cdt.causality.graph.bnlearn.Fast_IAMB object at 0x0000020B9418C2E0>,0.3150019645690918,8.0,12.0,0.8,0.9836065573770492,0.7499999999999999,0.96875,-815.953561500177,-3158.16273668132
7,<cdt.causality.graph.bnlearn.Inter_IAMB object at 0x0000020B96622A60>,0.3564424514770508,8.0,12.0,0.8,0.9836065573770492,0.7499999999999999,0.96875,-815.953561500177,-3158.16273668132
