,Algorithm,Score,No. of calls,SHD,SID,PR AUC,ROC AUC,F1,Accuracy,BDeu,BIC
0,hc,bde,360.0,4.0,0.0,0.875,0.9918032786885246,0.8571428571428571,0.984375,-222082.6998288368,-227224.96303279913
1,hc,bic,300.0,0.0,0.0,1.0,1.0,1.0,1.0,-222101.01834559263,-223422.02381262527
2,tabu,bde,631.0,4.0,0.0,0.875,0.9918032786885246,0.8571428571428571,0.984375,-222082.6998288368,-227224.96303279913
3,tabu,bic,571.0,0.0,0.0,1.0,1.0,1.0,1.0,-222101.01834559263,-223422.02381262527
