,Algorithm,Duration,SHD,SID,PR AUC,ROC AUC,F1,Accuracy,BDeu,BIC
0,<cdt.causality.graph.PC.PC object at 0x000001D722A88040>,3.826122760772705,12.0,36.0,0.5911458333333334,0.8169398907103824,0.5714285714285715,0.953125,-27100.82814961688,-27476.576967566776
1,<cdt.causality.graph.GES.GES object at 0x000001D73B7A32E0>,0.8260593414306641,13.0,14.0,0.5764399509803922,0.8148907103825136,0.5517241379310345,0.94921875,-42134.78396503079,-44181.561806327234
2,<cdt.causality.graph.CCDr.CCDr object at 0x000001D722A7BD60>,1.614853858947754,8.0,12.0,0.6822916666666667,0.6666666666666666,0.5,0.96875,-80519.91673789661,-80623.86884743863
3,<cdt.causality.graph.bnlearn.GS object at 0x000001D722A7BD30>,0.6850082874298096,8.0,12.0,0.8,0.9836065573770492,0.7499999999999999,0.96875,-28143.13312809183,-32542.67947051384
4,<cdt.causality.graph.bnlearn.MMPC object at 0x000001D722A73FA0>,0.6489872932434082,20.0,48.0,0.6875,0.959016393442623,0.5454545454545454,0.921875,-15209.79946313848,-21389.114180861514
5,<cdt.causality.graph.bnlearn.IAMB object at 0x000001D7396EC2B0>,0.6630175113677979,8.0,12.0,0.8,0.9836065573770492,0.7499999999999999,0.96875,-28143.13312809183,-32542.67947051384
6,<cdt.causality.graph.bnlearn.Fast_IAMB object at 0x000001D7396EC2E0>,0.6903407573699951,8.0,12.0,0.8,0.9836065573770492,0.7499999999999999,0.96875,-28143.13312809183,-32542.67947051384
7,<cdt.causality.graph.bnlearn.Inter_IAMB object at 0x000001D73BB62A60>,0.6559627056121826,8.0,12.0,0.8,0.9836065573770492,0.7499999999999999,0.96875,-28143.13312809183,-32542.67947051384
