,Algorithm,Duration,SHD,SID,PR AUC,ROC AUC,F1,Accuracy,BDeu,BIC
0,<cdt.causality.graph.PC.PC object at 0x000001D722A88040>,3.355191469192505,12.0,36.0,0.5911458333333334,0.8169398907103824,0.5714285714285715,0.953125,-27162.233463610955,-27537.81759116418
1,<cdt.causality.graph.GES.GES object at 0x000001D73B7A32E0>,0.7863481044769287,14.0,13.0,0.5201822916666667,0.7732240437158471,0.5,0.9453125,-45994.52909684007,-47338.32676903586
2,<cdt.causality.graph.CCDr.CCDr object at 0x000001D722A7BD60>,1.6561179161071777,8.0,12.0,0.6822916666666667,0.6666666666666666,0.5,0.96875,-80584.01641412523,-80688.05079215042
3,<cdt.causality.graph.bnlearn.GS object at 0x000001D722A7BD30>,0.6712291240692139,12.0,12.0,0.75,0.9754098360655737,0.6666666666666666,0.953125,-28211.454011093832,-33034.573308312574
4,<cdt.causality.graph.bnlearn.MMPC object at 0x000001D722A73FA0>,0.6329975128173828,24.0,48.0,0.6666666666666666,0.9508196721311475,0.5,0.90625,-15340.185279275263,-23870.22296639801
5,<cdt.causality.graph.bnlearn.IAMB object at 0x000001D7396EC2B0>,0.6810591220855713,12.0,12.0,0.75,0.9754098360655737,0.6666666666666666,0.953125,-28211.454011093832,-33034.573308312574
6,<cdt.causality.graph.bnlearn.Fast_IAMB object at 0x000001D7396EC2E0>,0.6476495265960693,12.0,12.0,0.75,0.9754098360655737,0.6666666666666666,0.953125,-28211.454011093832,-33034.573308312574
7,<cdt.causality.graph.bnlearn.Inter_IAMB object at 0x000001D73BB62A60>,0.6571774482727051,12.0,12.0,0.75,0.9754098360655737,0.6666666666666666,0.953125,-28211.454011093832,-33034.573308312574
