,Algorithm,Duration,SHD,SID,PR AUC,ROC AUC,F1,Accuracy,BDeu,BIC
0,<cdt.causality.graph.PC.PC object at 0x000001B8B8CC8040>,3.374227523803711,12.0,36.0,0.5911458333333334,0.8169398907103824,0.5714285714285715,0.953125,-26929.866086621998,-27305.60157737032
1,<cdt.causality.graph.GES.GES object at 0x000001B8D1C02310>,0.8140664100646973,10.0,11.0,0.662109375,0.8606557377049181,0.6428571428571429,0.9609375,-46049.37072076592,-47393.13965576364
2,<cdt.causality.graph.CCDr.CCDr object at 0x000001B8B8CBBD60>,1.7009787559509277,8.0,12.0,0.6822916666666667,0.6666666666666666,0.5,0.96875,-80579.54290860206,-80683.55516232664
3,<cdt.causality.graph.bnlearn.GS object at 0x000001B8B8CBBD30>,0.6690986156463623,8.0,12.0,0.8,0.9836065573770492,0.7499999999999999,0.96875,-28140.716803632138,-32540.26486906198
4,<cdt.causality.graph.bnlearn.MMPC object at 0x000001B8B8CB3FA0>,0.6224451065063477,20.0,48.0,0.6875,0.959016393442623,0.5454545454545454,0.921875,-15090.79030840317,-21270.014601054165
5,<cdt.causality.graph.bnlearn.IAMB object at 0x000001B8CF93C2E0>,0.651092529296875,8.0,12.0,0.8,0.9836065573770492,0.7499999999999999,0.96875,-28140.716803632138,-32540.26486906198
6,<cdt.causality.graph.bnlearn.Fast_IAMB object at 0x000001B8CF93C310>,0.6549971103668213,8.0,12.0,0.8,0.9836065573770492,0.7499999999999999,0.96875,-28140.716803632138,-32540.26486906198
7,<cdt.causality.graph.bnlearn.Inter_IAMB object at 0x000001B8D1DB2A90>,0.6459341049194336,8.0,12.0,0.8,0.9836065573770492,0.7499999999999999,0.96875,-28140.716803632138,-32540.26486906198
