,Algorithm,Duration,SHD,SID,PR AUC,ROC AUC,F1,Accuracy,BDeu,BIC
0,<cdt.causality.graph.PC.PC object at 0x000001D722A88040>,3.322594404220581,12.0,36.0,0.5911458333333334,0.8169398907103824,0.5714285714285715,0.953125,-27259.930657717538,-27635.504117547403
1,<cdt.causality.graph.GES.GES object at 0x000001D73B7A32E0>,0.8120899200439453,12.0,14.0,0.5911458333333334,0.8169398907103824,0.5714285714285715,0.953125,-42056.78598854074,-43358.354710322375
2,<cdt.causality.graph.CCDr.CCDr object at 0x000001D722A7BD60>,1.637113094329834,8.0,12.0,0.6822916666666667,0.6666666666666666,0.5,0.96875,-80556.73081801094,-80660.75072399288
3,<cdt.causality.graph.bnlearn.GS object at 0x000001D722A7BD30>,0.6900894641876221,8.0,12.0,0.8,0.9836065573770492,0.7499999999999999,0.96875,-28138.01746646891,-32537.56090441848
4,<cdt.causality.graph.bnlearn.MMPC object at 0x000001D722A73FA0>,0.6270525455474854,20.0,48.0,0.6875,0.959016393442623,0.5454545454545454,0.921875,-15265.564455811125,-21444.75298653959
5,<cdt.causality.graph.bnlearn.IAMB object at 0x000001D7396EC2B0>,0.6705858707427979,8.0,12.0,0.8,0.9836065573770492,0.7499999999999999,0.96875,-28138.01746646891,-32537.56090441848
6,<cdt.causality.graph.bnlearn.Fast_IAMB object at 0x000001D7396EC2E0>,0.6438488960266113,8.0,12.0,0.8,0.9836065573770492,0.7499999999999999,0.96875,-28138.01746646891,-32537.56090441848
7,<cdt.causality.graph.bnlearn.Inter_IAMB object at 0x000001D73BB62A60>,0.6790704727172852,8.0,12.0,0.8,0.9836065573770492,0.7499999999999999,0.96875,-28138.01746646891,-32537.56090441848
