,Algorithm,Duration,SHD,SID,PR AUC,ROC AUC,F1,Accuracy,BDeu,BIC
0,<cdt.causality.graph.PC.PC object at 0x000001D722A88040>,3.416189432144165,12.0,36.0,0.5911458333333334,0.8169398907103824,0.5714285714285715,0.953125,-27292.521325370075,-27668.191592735024
1,<cdt.causality.graph.GES.GES object at 0x000001D73B7A32E0>,0.8154294490814209,12.0,15.0,0.5911458333333334,0.8169398907103824,0.5714285714285715,0.953125,-35138.29526046896,-36317.62641256862
2,<cdt.causality.graph.CCDr.CCDr object at 0x000001D722A7BD60>,1.6516168117523193,8.0,12.0,0.6822916666666667,0.6666666666666666,0.5,0.96875,-80479.09763241942,-80583.04663599723
3,<cdt.causality.graph.bnlearn.GS object at 0x000001D722A7BD30>,0.6680257320404053,9.0,12.0,0.7857142857142857,0.9815573770491803,0.7272727272727273,0.96484375,-28177.769471927575,-32585.123143906792
4,<cdt.causality.graph.bnlearn.MMPC object at 0x000001D722A73FA0>,0.6279969215393066,22.0,48.0,0.6764705882352942,0.9549180327868853,0.5217391304347826,0.9140625,-15465.25804277018,-25020.996864195364
5,<cdt.causality.graph.bnlearn.IAMB object at 0x000001D7396EC2B0>,0.6673593521118164,9.0,12.0,0.7857142857142857,0.9815573770491803,0.7272727272727273,0.96484375,-28177.769471927575,-32585.123143906792
6,<cdt.causality.graph.bnlearn.Fast_IAMB object at 0x000001D7396EC2E0>,0.6460325717926025,9.0,12.0,0.7857142857142857,0.9815573770491803,0.7272727272727273,0.96484375,-28177.769471927575,-32585.123143906792
7,<cdt.causality.graph.bnlearn.Inter_IAMB object at 0x000001D73BB62A60>,0.6616005897521973,9.0,12.0,0.7857142857142857,0.9815573770491803,0.7272727272727273,0.96484375,-28177.769471927575,-32585.123143906792
