,Algorithm,Duration,SHD,SID,PR AUC,ROC AUC,F1,Accuracy,BDeu,BIC
0,<cdt.causality.graph.PC.PC object at 0x000001D722A88040>,3.3865325450897217,12.0,36.0,0.5911458333333334,0.8169398907103824,0.5714285714285715,0.953125,-27193.931881154767,-27569.59309772109
1,<cdt.causality.graph.GES.GES object at 0x000001D73B7A32E0>,0.794093132019043,16.0,16.0,0.5854048295454546,0.8483606557377049,0.5294117647058824,0.9375,-48949.62576360964,-53724.08595348623
2,<cdt.causality.graph.CCDr.CCDr object at 0x000001D722A7BD60>,1.6290972232818604,8.0,12.0,0.6822916666666667,0.6666666666666666,0.5,0.96875,-80528.54342107994,-80632.52098648377
3,<cdt.causality.graph.bnlearn.GS object at 0x000001D722A7BD30>,0.6818244457244873,12.0,12.0,0.75,0.9754098360655737,0.6666666666666666,0.953125,-28200.743757812306,-33023.88768346335
4,<cdt.causality.graph.bnlearn.MMPC object at 0x000001D722A73FA0>,0.6250646114349365,24.0,48.0,0.6666666666666666,0.9508196721311475,0.5,0.90625,-15374.050895697115,-23904.02816383043
5,<cdt.causality.graph.bnlearn.IAMB object at 0x000001D7396EC2B0>,0.6540982723236084,12.0,12.0,0.75,0.9754098360655737,0.6666666666666666,0.953125,-28200.743757812306,-33023.88768346335
6,<cdt.causality.graph.bnlearn.Fast_IAMB object at 0x000001D7396EC2E0>,0.6503729820251465,12.0,12.0,0.75,0.9754098360655737,0.6666666666666666,0.953125,-28200.743757812306,-33023.88768346335
7,<cdt.causality.graph.bnlearn.Inter_IAMB object at 0x000001D73BB62A60>,0.6621077060699463,12.0,12.0,0.75,0.9754098360655737,0.6666666666666666,0.953125,-28200.743757812306,-33023.88768346335
