,Algorithm,Duration,SHD,SID,PR AUC,ROC AUC,F1,Accuracy,BDeu,BIC
0,<cdt.causality.graph.PC.PC object at 0x000001B8B8CC8040>,3.321761131286621,12.0,36.0,0.5911458333333334,0.8169398907103824,0.5714285714285715,0.953125,-27018.495300530547,-27393.93058863646
1,<cdt.causality.graph.GES.GES object at 0x000001B8D1C02310>,0.7910311222076416,10.0,12.0,0.662109375,0.8606557377049181,0.6428571428571429,0.9609375,-39047.697719161464,-40269.284595809826
2,<cdt.causality.graph.CCDr.CCDr object at 0x000001B8B8CBBD60>,1.6481249332427979,8.0,12.0,0.6822916666666667,0.6666666666666666,0.5,0.96875,-80829.48384190297,-80933.63412208678
3,<cdt.causality.graph.bnlearn.GS object at 0x000001B8B8CBBD30>,0.6750149726867676,15.0,21.0,0.7222222222222222,0.9692622950819672,0.6153846153846153,0.94140625,-24387.575727431948,-31706.44852535057
4,<cdt.causality.graph.bnlearn.MMPC object at 0x000001B8B8CB3FA0>,0.6229329109191895,24.0,48.0,0.6666666666666666,0.9508196721311475,0.5,0.90625,-14566.533399222242,-23219.846875920288
5,<cdt.causality.graph.bnlearn.IAMB object at 0x000001B8CF93C2E0>,0.6500155925750732,15.0,21.0,0.7222222222222222,0.9692622950819672,0.6153846153846153,0.94140625,-24387.575727431948,-31706.44852535057
6,<cdt.causality.graph.bnlearn.Fast_IAMB object at 0x000001B8CF93C310>,0.685084342956543,15.0,21.0,0.7222222222222222,0.9692622950819672,0.6153846153846153,0.94140625,-24387.575727431948,-31706.44852535057
7,<cdt.causality.graph.bnlearn.Inter_IAMB object at 0x000001B8D1DB2A90>,0.6847109794616699,15.0,21.0,0.7222222222222222,0.9692622950819672,0.6153846153846153,0.94140625,-24387.575727431948,-31706.44852535057
