,Algorithm,Duration,SHD,SID,PR AUC,ROC AUC,F1,Accuracy,BDeu,BIC
0,<cdt.causality.graph.PC.PC object at 0x000001D722A88040>,3.553706407546997,12.0,36.0,0.5911458333333334,0.8169398907103824,0.5714285714285715,0.953125,-27081.150125652082,-27456.64132879709
1,<cdt.causality.graph.GES.GES object at 0x000001D73B7A32E0>,0.8020110130310059,14.0,15.0,0.5201822916666667,0.7732240437158471,0.5,0.9453125,-42057.11591156986,-43358.69314077725
2,<cdt.causality.graph.CCDr.CCDr object at 0x000001D722A7BD60>,1.658416748046875,8.0,12.0,0.6822916666666667,0.6666666666666666,0.5,0.96875,-80717.32529810912,-80821.43083700478
3,<cdt.causality.graph.bnlearn.GS object at 0x000001D722A7BD30>,0.6970152854919434,15.0,21.0,0.7222222222222222,0.9692622950819672,0.6153846153846153,0.94140625,-24486.095871260375,-31804.881565660176
4,<cdt.causality.graph.bnlearn.MMPC object at 0x000001D722A73FA0>,0.625493049621582,24.0,48.0,0.6666666666666666,0.9508196721311475,0.5,0.90625,-14648.293620834438,-23301.55012525245
5,<cdt.causality.graph.bnlearn.IAMB object at 0x000001D7396EC2B0>,0.6929275989532471,15.0,21.0,0.7222222222222222,0.9692622950819672,0.6153846153846153,0.94140625,-24486.095871260375,-31804.881565660176
6,<cdt.causality.graph.bnlearn.Fast_IAMB object at 0x000001D7396EC2E0>,0.6514387130737305,15.0,21.0,0.7222222222222222,0.9692622950819672,0.6153846153846153,0.94140625,-24486.095871260375,-31804.881565660176
7,<cdt.causality.graph.bnlearn.Inter_IAMB object at 0x000001D73BB62A60>,0.6470029354095459,15.0,21.0,0.7222222222222222,0.9692622950819672,0.6153846153846153,0.94140625,-24486.095871260375,-31804.881565660176
