,Algorithm,Duration,SHD,SID,PR AUC,ROC AUC,F1,Accuracy,BDeu,BIC
0,<cdt.causality.graph.PC.PC object at 0x000001D722A88040>,3.3479106426239014,12.0,36.0,0.5911458333333334,0.8169398907103824,0.5714285714285715,0.953125,-27271.972093467833,-27647.539905295245
1,<cdt.causality.graph.GES.GES object at 0x000001D73B7A32E0>,0.8130531311035156,11.0,14.0,0.6455652573529411,0.858606557377049,0.6206896551724139,0.95703125,-35210.91332090686,-37135.46110962051
2,<cdt.causality.graph.CCDr.CCDr object at 0x000001D722A7BD60>,1.6473309993743896,8.0,12.0,0.6822916666666667,0.6666666666666666,0.5,0.96875,-80562.47175556539,-80666.4952322928
3,<cdt.causality.graph.bnlearn.GS object at 0x000001D722A7BD30>,0.6739909648895264,8.0,12.0,0.8,0.9836065573770492,0.7499999999999999,0.96875,-28143.65761959199,-32543.20737672271
4,<cdt.causality.graph.bnlearn.MMPC object at 0x000001D722A73FA0>,0.6211323738098145,20.0,48.0,0.6875,0.959016393442623,0.5454545454545454,0.921875,-15273.0825851684,-21452.287525944797
5,<cdt.causality.graph.bnlearn.IAMB object at 0x000001D7396EC2B0>,0.659416675567627,8.0,12.0,0.8,0.9836065573770492,0.7499999999999999,0.96875,-28143.65761959199,-32543.20737672271
6,<cdt.causality.graph.bnlearn.Fast_IAMB object at 0x000001D7396EC2E0>,0.6499979496002197,8.0,12.0,0.8,0.9836065573770492,0.7499999999999999,0.96875,-28143.65761959199,-32543.20737672271
7,<cdt.causality.graph.bnlearn.Inter_IAMB object at 0x000001D73BB62A60>,0.6715967655181885,8.0,12.0,0.8,0.9836065573770492,0.7499999999999999,0.96875,-28143.65761959199,-32543.20737672271
