,Algorithm,Duration,SHD,SID,PR AUC,ROC AUC,F1,Accuracy,BDeu,BIC
0,<cdt.causality.graph.PC.PC object at 0x000001D722A88040>,3.4457058906555176,12.0,36.0,0.5911458333333334,0.8169398907103824,0.5714285714285715,0.953125,-27222.015859344123,-27597.507350858272
1,<cdt.causality.graph.GES.GES object at 0x000001D73B7A32E0>,0.8264169692993164,10.0,13.0,0.662109375,0.8606557377049181,0.6428571428571429,0.9609375,-42059.89636432346,-43361.464916004814
2,<cdt.causality.graph.CCDr.CCDr object at 0x000001D722A7BD60>,1.8565397262573242,8.0,12.0,0.6822916666666667,0.6666666666666666,0.5,0.96875,-80655.60321797509,-80759.68409087691
3,<cdt.causality.graph.bnlearn.GS object at 0x000001D722A7BD30>,0.6982595920562744,8.0,12.0,0.8,0.9836065573770492,0.7499999999999999,0.96875,-28140.336194735377,-32539.881949774273
4,<cdt.causality.graph.bnlearn.MMPC object at 0x000001D722A73FA0>,0.6743013858795166,24.0,48.0,0.6666666666666666,0.9508196721311475,0.5,0.90625,-15375.533445861134,-39775.55029880424
5,<cdt.causality.graph.bnlearn.IAMB object at 0x000001D7396EC2B0>,0.6691677570343018,10.0,12.0,0.7727272727272727,0.9795081967213114,0.7058823529411764,0.9609375,-28174.195798872388,-32948.70722296225
6,<cdt.causality.graph.bnlearn.Fast_IAMB object at 0x000001D7396EC2E0>,0.6716897487640381,10.0,12.0,0.7727272727272727,0.9795081967213114,0.7058823529411764,0.9609375,-28174.195798872388,-32948.70722296225
7,<cdt.causality.graph.bnlearn.Inter_IAMB object at 0x000001D73BB62A60>,0.6893477439880371,10.0,12.0,0.7727272727272727,0.9795081967213114,0.7058823529411764,0.9609375,-28174.195798872388,-32948.70722296225
