,Algorithm,Duration,SHD,SID,PR AUC,ROC AUC,F1,Accuracy,BDeu,BIC
0,<cdt.causality.graph.PC.PC object at 0x000001FB08488040>,1.729262113571167,6.0,10.0,0.546875,0.5,0.0,0.90625,-2174.5766434405523,-2190.5928930386845
1,<cdt.causality.graph.GES.GES object at 0x000001FB08473F10>,0.7616777420043945,4.0,6.0,0.7369791666666667,0.8908045977011495,0.7142857142857143,0.9375,-990.5021786739792,-1382.350100069381
2,<cdt.causality.graph.CCDr.CCDr object at 0x000001FB0847BD30>,1.140122413635254,4.0,6.0,0.6979166666666667,0.6666666666666666,0.5,0.9375,-1653.3355101106984,-1690.2758379716483
3,<cdt.causality.graph.bnlearn.GS object at 0x000001FB0847BD60>,0.3089179992675781,4.0,6.0,0.8,0.9655172413793103,0.7499999999999999,0.9375,-697.817513164132,-2051.257450993711
4,<cdt.causality.graph.bnlearn.MMPC object at 0x000001FB211A22E0>,0.2969229221343994,10.0,24.0,0.6875,0.9137931034482758,0.5454545454545454,0.84375,-493.61775875403,-2385.522499021066
5,<cdt.causality.graph.bnlearn.IAMB object at 0x000001FB1F0EC2E0>,0.3010127544403076,4.0,6.0,0.8,0.9655172413793103,0.7499999999999999,0.9375,-697.817513164132,-2051.257450993711
6,<cdt.causality.graph.bnlearn.Fast_IAMB object at 0x000001FB1F0EC2B0>,0.30420374870300293,4.0,6.0,0.8,0.9655172413793103,0.7499999999999999,0.9375,-697.817513164132,-2051.257450993711
7,<cdt.causality.graph.bnlearn.Inter_IAMB object at 0x000001FB21562A60>,0.3040008544921875,4.0,6.0,0.8,0.9655172413793103,0.7499999999999999,0.9375,-697.817513164132,-2051.257450993711
