,Algorithm,Duration,SHD,SID,PR AUC,ROC AUC,F1,Accuracy,BDeu,BIC
0,<cdt.causality.graph.PC.PC object at 0x000001FB08488040>,1.7330353260040283,6.0,10.0,0.546875,0.5,0.0,0.90625,-2196.2089827001096,-2212.4762271662553
1,<cdt.causality.graph.GES.GES object at 0x000001FB08473F10>,0.7519965171813965,2.0,6.0,0.875,0.9827586206896552,0.8571428571428571,0.96875,-711.8148663384761,-1031.7000422664796
2,<cdt.causality.graph.CCDr.CCDr object at 0x000001FB0847BD30>,1.1480700969696045,4.0,6.0,0.6979166666666667,0.6666666666666666,0.5,0.9375,-1674.1083764868354,-1711.2792471256448
3,<cdt.causality.graph.bnlearn.GS object at 0x000001FB0847BD60>,0.3038182258605957,4.0,6.0,0.8,0.9655172413793103,0.7499999999999999,0.9375,-695.6037571671085,-2048.9769766437025
4,<cdt.causality.graph.bnlearn.MMPC object at 0x000001FB211A22E0>,0.2969233989715576,10.0,24.0,0.6875,0.9137931034482758,0.5454545454545454,0.84375,-477.07047680892236,-2368.2664254851074
5,<cdt.causality.graph.bnlearn.IAMB object at 0x000001FB1F0EC2E0>,0.3039994239807129,4.0,6.0,0.8,0.9655172413793103,0.7499999999999999,0.9375,-695.6037571671085,-2048.9769766437025
6,<cdt.causality.graph.bnlearn.Fast_IAMB object at 0x000001FB1F0EC2B0>,0.3069772720336914,4.0,6.0,0.8,0.9655172413793103,0.7499999999999999,0.9375,-695.6037571671085,-2048.9769766437025
7,<cdt.causality.graph.bnlearn.Inter_IAMB object at 0x000001FB21562A60>,0.3230020999908447,4.0,6.0,0.8,0.9655172413793103,0.7499999999999999,0.9375,-695.6037571671085,-2048.9769766437025
