,Algorithm,Duration,SHD,SID,PR AUC,ROC AUC,F1,Accuracy,BDeu,BIC
0,<cdt.causality.graph.PC.PC object at 0x000001FB08488040>,1.7344105243682861,6.0,10.0,0.546875,0.5,0.0,0.90625,-2211.6362317124926,-2228.0451401688333
1,<cdt.causality.graph.GES.GES object at 0x000001FB08473F10>,0.7567305564880371,7.0,6.0,0.6517518939393939,0.8649425287356323,0.5882352941176471,0.890625,-1050.396057832056,-1597.791386955176
2,<cdt.causality.graph.CCDr.CCDr object at 0x000001FB0847BD30>,1.1422758102416992,4.0,6.0,0.6979166666666667,0.6666666666666666,0.5,0.9375,-1687.046326408727,-1724.265897017257
3,<cdt.causality.graph.bnlearn.GS object at 0x000001FB0847BD60>,0.3060302734375,11.0,15.0,0.6764705882352942,0.9051724137931034,0.5217391304347826,0.828125,-584.6520687351418,-3729.2679662531486
4,<cdt.causality.graph.bnlearn.MMPC object at 0x000001FB211A22E0>,0.30086708068847656,14.0,24.0,0.65,0.8793103448275862,0.4615384615384615,0.78125,-472.72716176778124,-3886.2123937267706
5,<cdt.causality.graph.bnlearn.IAMB object at 0x000001FB1F0EC2E0>,0.3048393726348877,11.0,15.0,0.6764705882352942,0.9051724137931034,0.5217391304347826,0.828125,-584.6520687351418,-3729.2679662531486
6,<cdt.causality.graph.bnlearn.Fast_IAMB object at 0x000001FB1F0EC2B0>,0.29900383949279785,11.0,15.0,0.6764705882352942,0.9051724137931034,0.5217391304347826,0.828125,-584.6520687351418,-3729.2679662531486
7,<cdt.causality.graph.bnlearn.Inter_IAMB object at 0x000001FB21562A60>,0.30110597610473633,11.0,15.0,0.6764705882352942,0.9051724137931034,0.5217391304347826,0.828125,-584.6520687351418,-3729.2679662531486
