,Algorithm,Duration,SHD,SID,PR AUC,ROC AUC,F1,Accuracy,BDeu,BIC
0,<cdt.causality.graph.PC.PC object at 0x000001FB08488040>,1.741159200668335,6.0,10.0,0.546875,0.5,0.0,0.90625,-2172.8733495175356,-2188.843573806853
1,<cdt.causality.graph.GES.GES object at 0x000001FB08473F10>,0.7600572109222412,8.0,7.0,0.5489583333333333,0.7816091954022988,0.5,0.875,-1015.6217599451666,-1493.6739441491773
2,<cdt.causality.graph.CCDr.CCDr object at 0x000001FB0847BD30>,1.1256632804870605,4.0,6.0,0.6979166666666667,0.6666666666666666,0.5,0.9375,-1648.2165768888694,-1684.997885936968
3,<cdt.causality.graph.bnlearn.GS object at 0x000001FB0847BD60>,0.30707502365112305,4.0,6.0,0.8,0.9655172413793103,0.7499999999999999,0.9375,-697.4895143742846,-2050.794728105141
4,<cdt.causality.graph.bnlearn.MMPC object at 0x000001FB211A22E0>,0.3038008213043213,10.0,24.0,0.6875,0.9137931034482758,0.5454545454545454,0.84375,-496.52812828034786,-2388.900446771433
5,<cdt.causality.graph.bnlearn.IAMB object at 0x000001FB1F0EC2E0>,0.30424046516418457,4.0,6.0,0.8,0.9655172413793103,0.7499999999999999,0.9375,-697.4895143742846,-2050.794728105141
6,<cdt.causality.graph.bnlearn.Fast_IAMB object at 0x000001FB1F0EC2B0>,0.30678248405456543,4.0,6.0,0.8,0.9655172413793103,0.7499999999999999,0.9375,-697.4895143742846,-2050.794728105141
7,<cdt.causality.graph.bnlearn.Inter_IAMB object at 0x000001FB21562A60>,0.3380005359649658,4.0,6.0,0.8,0.9655172413793103,0.7499999999999999,0.9375,-697.4895143742846,-2050.794728105141
