,Algorithm,Duration,SHD,SID,PR AUC,ROC AUC,F1,Accuracy,BDeu,BIC
0,<cdt.causality.graph.PC.PC object at 0x000001FB08488040>,1.7439241409301758,6.0,10.0,0.546875,0.5,0.0,0.90625,-2205.8540953347083,-2222.3484552414398
1,<cdt.causality.graph.GES.GES object at 0x000001FB08473F10>,0.767132043838501,2.0,6.0,0.875,0.9827586206896552,0.8571428571428571,0.96875,-716.192346778707,-1035.8574906015278
2,<cdt.causality.graph.CCDr.CCDr object at 0x000001FB0847BD30>,1.141660213470459,4.0,6.0,0.6979166666666667,0.6666666666666666,0.5,0.9375,-1680.2169314077917,-1717.48784347728
3,<cdt.causality.graph.bnlearn.GS object at 0x000001FB0847BD60>,0.30410027503967285,4.0,6.0,0.8,0.9655172413793103,0.7499999999999999,0.9375,-699.8775583976469,-2053.1344249787508
4,<cdt.causality.graph.bnlearn.MMPC object at 0x000001FB211A22E0>,0.29700207710266113,14.0,24.0,0.65,0.8793103448275862,0.4615384615384615,0.78125,-604.7706984968204,-3914.6066891425826
5,<cdt.causality.graph.bnlearn.IAMB object at 0x000001FB1F0EC2E0>,0.3060009479522705,4.0,6.0,0.8,0.9655172413793103,0.7499999999999999,0.9375,-699.8775583976469,-2053.1344249787508
6,<cdt.causality.graph.bnlearn.Fast_IAMB object at 0x000001FB1F0EC2B0>,0.3125908374786377,4.0,6.0,0.8,0.9655172413793103,0.7499999999999999,0.9375,-699.8775583976469,-2053.1344249787508
7,<cdt.causality.graph.bnlearn.Inter_IAMB object at 0x000001FB21562A60>,0.30623388290405273,4.0,6.0,0.8,0.9655172413793103,0.7499999999999999,0.9375,-699.8775583976469,-2053.1344249787508
