,Algorithm,Duration,SHD,SID,PR AUC,ROC AUC,F1,Accuracy,BDeu,BIC
0,<cdt.causality.graph.PC.PC object at 0x000002A03CAD8040>,1.7460038661956787,6.0,10.0,0.546875,0.5,0.0,0.90625,-2171.5348608926647,-2187.407625822373
1,<cdt.causality.graph.GES.GES object at 0x000002A03CAC3F10>,0.7632279396057129,8.0,7.0,0.5489583333333333,0.7816091954022988,0.5,0.875,-1211.951930753061,-1680.9336148362509
2,<cdt.causality.graph.CCDr.CCDr object at 0x000002A03CACBD30>,1.1319997310638428,4.0,6.0,0.6979166666666667,0.6666666666666666,0.5,0.9375,-1646.1956678994097,-1682.8577834759215
3,<cdt.causality.graph.bnlearn.GS object at 0x000002A03CACBD60>,0.3012845516204834,11.0,15.0,0.6764705882352942,0.9051724137931034,0.5217391304347826,0.828125,-599.9277963561702,-3744.1055730316098
4,<cdt.causality.graph.bnlearn.MMPC object at 0x000002A055A02310>,0.29915952682495117,14.0,24.0,0.65,0.8793103448275862,0.4615384615384615,0.78125,-496.4426562939694,-3910.145236789664
5,<cdt.causality.graph.bnlearn.IAMB object at 0x000002A05374C310>,0.3491847515106201,11.0,15.0,0.6764705882352942,0.9051724137931034,0.5217391304347826,0.828125,-599.9277963561702,-3744.1055730316098
6,<cdt.causality.graph.bnlearn.Fast_IAMB object at 0x000002A05374C2E0>,0.3508272171020508,11.0,15.0,0.6764705882352942,0.9051724137931034,0.5217391304347826,0.828125,-599.9277963561702,-3744.1055730316098
7,<cdt.causality.graph.bnlearn.Inter_IAMB object at 0x000002A055BC2A90>,0.30598878860473633,11.0,15.0,0.6764705882352942,0.9051724137931034,0.5217391304347826,0.828125,-599.9277963561702,-3744.1055730316098
