,Algorithm,Duration,SHD,SID,PR AUC,ROC AUC,F1,Accuracy,BDeu,BIC
0,<cdt.causality.graph.PC.PC object at 0x000001FB08488040>,1.7370812892913818,6.0,10.0,0.546875,0.5,0.0,0.90625,-2196.0482124534806,-2212.4742707736505
1,<cdt.causality.graph.GES.GES object at 0x000001FB08473F10>,0.7583882808685303,6.0,5.0,0.5989583333333334,0.7988505747126435,0.5714285714285715,0.90625,-1144.4799810561415,-1563.1579476715708
2,<cdt.causality.graph.CCDr.CCDr object at 0x000001FB0847BD30>,1.1318342685699463,4.0,6.0,0.6979166666666667,0.6666666666666666,0.5,0.9375,-1671.4135660503603,-1708.6537840007484
3,<cdt.causality.graph.bnlearn.GS object at 0x000001FB0847BD60>,0.29814958572387695,11.0,15.0,0.6764705882352942,0.9051724137931034,0.5217391304347826,0.828125,-612.4437864492337,-3756.3757793454815
4,<cdt.causality.graph.bnlearn.MMPC object at 0x000001FB211A22E0>,0.2975039482116699,14.0,24.0,0.65,0.8793103448275862,0.4615384615384615,0.78125,-489.2926593647943,-3901.692363697791
5,<cdt.causality.graph.bnlearn.IAMB object at 0x000001FB1F0EC2E0>,0.3026447296142578,11.0,15.0,0.6764705882352942,0.9051724137931034,0.5217391304347826,0.828125,-612.4437864492337,-3756.3757793454815
6,<cdt.causality.graph.bnlearn.Fast_IAMB object at 0x000001FB1F0EC2B0>,0.30880045890808105,11.0,15.0,0.6764705882352942,0.9051724137931034,0.5217391304347826,0.828125,-612.4437864492337,-3756.3757793454815
7,<cdt.causality.graph.bnlearn.Inter_IAMB object at 0x000001FB21562A60>,0.3070032596588135,11.0,15.0,0.6764705882352942,0.9051724137931034,0.5217391304347826,0.828125,-612.4437864492337,-3756.3757793454815
