,Algorithm,Duration,SHD,SID,PR AUC,ROC AUC,F1,Accuracy,BDeu,BIC
0,<cdt.causality.graph.PC.PC object at 0x000002A03CAD8040>,1.7340366840362549,6.0,10.0,0.546875,0.5,0.0,0.90625,-2211.2839462560496,-2227.817877594673
1,<cdt.causality.graph.GES.GES object at 0x000002A03CAC3F10>,0.7987356185913086,5.0,4.0,0.7022569444444444,0.8821839080459771,0.6666666666666667,0.921875,-1220.9366849468445,-2079.8741063673842
2,<cdt.causality.graph.CCDr.CCDr object at 0x000002A03CACBD30>,1.1255905628204346,4.0,6.0,0.6979166666666667,0.6666666666666666,0.5,0.9375,-1684.955764125811,-1722.244662530305
3,<cdt.causality.graph.bnlearn.GS object at 0x000002A03CACBD60>,0.30426931381225586,4.0,6.0,0.8,0.9655172413793103,0.7499999999999999,0.9375,-700.5814958672817,-2053.8419447471033
4,<cdt.causality.graph.bnlearn.MMPC object at 0x000002A055A02310>,0.29590630531311035,10.0,24.0,0.6875,0.9137931034482758,0.5454545454545454,0.84375,-466.92724802696637,-2358.0553112260127
5,<cdt.causality.graph.bnlearn.IAMB object at 0x000002A05374C310>,0.3041250705718994,4.0,6.0,0.8,0.9655172413793103,0.7499999999999999,0.9375,-700.5814958672817,-2053.8419447471033
6,<cdt.causality.graph.bnlearn.Fast_IAMB object at 0x000002A05374C2E0>,0.3070530891418457,4.0,6.0,0.8,0.9655172413793103,0.7499999999999999,0.9375,-700.5814958672817,-2053.8419447471033
7,<cdt.causality.graph.bnlearn.Inter_IAMB object at 0x000002A055BC2A90>,0.30785369873046875,4.0,6.0,0.8,0.9655172413793103,0.7499999999999999,0.9375,-700.5814958672817,-2053.8419447471033
