,Algorithm,Duration,SHD,SID,PR AUC,ROC AUC,F1,Accuracy,BDeu,BIC
0,<cdt.causality.graph.PC.PC object at 0x000001FB08488040>,1.7396132946014404,6.0,10.0,0.546875,0.5,0.0,0.90625,-2214.614191044599,-2231.129280449752
1,<cdt.causality.graph.GES.GES object at 0x000001FB08473F10>,0.7597770690917969,6.0,5.0,0.5989583333333334,0.7988505747126435,0.5714285714285715,0.90625,-1137.8118307697787,-1556.2156003400823
2,<cdt.causality.graph.CCDr.CCDr object at 0x000001FB0847BD30>,1.1359286308288574,4.0,6.0,0.6979166666666667,0.6666666666666666,0.5,0.9375,-1688.5174746625644,-1725.7941016049667
3,<cdt.causality.graph.bnlearn.GS object at 0x000001FB0847BD60>,0.3040778636932373,4.0,6.0,0.8,0.9655172413793103,0.7499999999999999,0.9375,-697.9339992697896,-2051.141484859257
4,<cdt.causality.graph.bnlearn.MMPC object at 0x000001FB211A22E0>,0.29773783683776855,10.0,24.0,0.6875,0.9137931034482758,0.5454545454545454,0.84375,-469.9608362127509,-2360.858771531167
5,<cdt.causality.graph.bnlearn.IAMB object at 0x000001FB1F0EC2E0>,0.29961633682250977,4.0,6.0,0.8,0.9655172413793103,0.7499999999999999,0.9375,-697.9339992697896,-2051.141484859257
6,<cdt.causality.graph.bnlearn.Fast_IAMB object at 0x000001FB1F0EC2B0>,0.3067171573638916,4.0,6.0,0.8,0.9655172413793103,0.7499999999999999,0.9375,-697.9339992697896,-2051.141484859257
7,<cdt.causality.graph.bnlearn.Inter_IAMB object at 0x000001FB21562A60>,0.30712246894836426,4.0,6.0,0.8,0.9655172413793103,0.7499999999999999,0.9375,-697.9339992697896,-2051.141484859257
