,Algorithm,Duration,SHD,SID,PR AUC,ROC AUC,F1,Accuracy,BDeu,BIC
0,<cdt.causality.graph.PC.PC object at 0x000001FB08488040>,1.7406599521636963,6.0,10.0,0.546875,0.5,0.0,0.90625,-2209.9678922718535,-2226.51846919403
1,<cdt.causality.graph.GES.GES object at 0x000001FB08473F10>,0.7553935050964355,8.0,8.0,0.4609375,0.7068965517241379,0.42857142857142855,0.875,-992.3621742871084,-1383.755190483627
2,<cdt.causality.graph.CCDr.CCDr object at 0x000001FB0847BD30>,1.123628854751587,4.0,6.0,0.6979166666666667,0.6666666666666666,0.5,0.9375,-1684.036133261005,-1721.3530042208718
3,<cdt.causality.graph.bnlearn.GS object at 0x000001FB0847BD60>,0.3103220462799072,4.0,6.0,0.8,0.9655172413793103,0.7499999999999999,0.9375,-699.1372849885187,-2052.367626190039
4,<cdt.causality.graph.bnlearn.MMPC object at 0x000001FB211A22E0>,0.29795312881469727,10.0,24.0,0.6875,0.9137931034482758,0.5454545454545454,0.84375,-470.0689939104545,-2361.0653206631287
5,<cdt.causality.graph.bnlearn.IAMB object at 0x000001FB1F0EC2E0>,0.30001235008239746,4.0,6.0,0.8,0.9655172413793103,0.7499999999999999,0.9375,-699.1372849885187,-2052.367626190039
6,<cdt.causality.graph.bnlearn.Fast_IAMB object at 0x000001FB1F0EC2B0>,0.3057212829589844,4.0,6.0,0.8,0.9655172413793103,0.7499999999999999,0.9375,-699.1372849885187,-2052.367626190039
7,<cdt.causality.graph.bnlearn.Inter_IAMB object at 0x000001FB21562A60>,0.30396127700805664,4.0,6.0,0.8,0.9655172413793103,0.7499999999999999,0.9375,-699.1372849885187,-2052.367626190039
