,Algorithm,Duration,SHD,SID,PR AUC,ROC AUC,F1,Accuracy,BDeu,BIC
0,<cdt.causality.graph.PC.PC object at 0x000002820EF88040>,2.308976173400879,20.0,56.0,0.38125000000000003,0.5915254237288136,0.28571428571428575,0.921875,-11086.544844974078,-11245.97770695031
1,<cdt.causality.graph.GES.GES object at 0x0000028227CB32E0>,0.7710466384887695,16.0,9.0,0.73515625,0.9203389830508475,0.6923076923076923,0.9375,-12436.767005716345,-279402.73888314277
2,<cdt.causality.graph.CCDr.CCDr object at 0x000002820EF7BD60>,1.34812593460083,18.0,36.0,0.58515625,0.55,0.18181818181818182,0.9296875,-16408.08010704902,-16458.1315231962
3,<cdt.causality.graph.bnlearn.GS object at 0x000002820EF7BD30>,0.47253847122192383,15.0,20.0,0.7648319128787878,0.9453389830508474,0.7169811320754716,0.94140625,-9442.458642508325,-141269.47644280002
4,<cdt.causality.graph.bnlearn.MMPC object at 0x000002820EF73FA0>,0.39139676094055176,38.0,109.0,0.6724137931034483,0.9194915254237288,0.5128205128205129,0.8515625,-7347.3891117336425,-176402.10381090932
5,<cdt.causality.graph.bnlearn.IAMB object at 0x0000028225C0C2B0>,0.4700038433074951,16.0,20.0,0.7563648897058823,0.9432203389830507,0.7037037037037037,0.9375,-9456.471166291089,-141303.78154445588
6,<cdt.causality.graph.bnlearn.Fast_IAMB object at 0x0000028225C0C2E0>,0.5058934688568115,16.0,20.0,0.7563648897058823,0.9432203389830507,0.7037037037037037,0.9375,-9456.471166291089,-141303.78154445588
7,<cdt.causality.graph.bnlearn.Inter_IAMB object at 0x00000282280A1A60>,0.4758882522583008,16.0,20.0,0.7563648897058823,0.9432203389830507,0.7037037037037037,0.9375,-9456.471166291089,-141303.78154445588
