,Algorithm,Duration,SHD,SID,PR AUC,ROC AUC,F1,Accuracy,BDeu,BIC
0,<cdt.causality.graph.PC.PC object at 0x000002820EF88040>,2.305316925048828,20.0,56.0,0.38125000000000003,0.5915254237288136,0.28571428571428575,0.921875,-11190.869851003277,-11351.016969649292
1,<cdt.causality.graph.GES.GES object at 0x0000028227CB32E0>,0.7850000858306885,18.0,15.0,0.6526227678571428,0.8474576271186441,0.6250000000000001,0.9296875,-10560.266141708757,-47648.48592472436
2,<cdt.causality.graph.CCDr.CCDr object at 0x000002820EF7BD60>,1.3565480709075928,18.0,36.0,0.58515625,0.55,0.18181818181818182,0.9296875,-16437.52701185722,-16488.470705210584
3,<cdt.causality.graph.bnlearn.GS object at 0x000002820EF7BD30>,0.4868934154510498,21.0,32.0,0.6502367424242425,0.8639830508474576,0.6037735849056605,0.91796875,-9290.058010145722,-143256.3786011953
4,<cdt.causality.graph.bnlearn.MMPC object at 0x000002820EF73FA0>,0.3849678039550781,40.0,109.0,0.6666666666666666,0.9152542372881356,0.5,0.84375,-7814.181481355934,-234606.5598388724
5,<cdt.causality.graph.bnlearn.IAMB object at 0x0000028225C0C2B0>,0.4640626907348633,21.0,32.0,0.6502367424242425,0.8639830508474576,0.6037735849056605,0.91796875,-9290.058010145722,-143256.3786011953
6,<cdt.causality.graph.bnlearn.Fast_IAMB object at 0x0000028225C0C2E0>,0.4598231315612793,21.0,32.0,0.6502367424242425,0.8639830508474576,0.6037735849056605,0.91796875,-9290.058010145722,-143256.3786011953
7,<cdt.causality.graph.bnlearn.Inter_IAMB object at 0x00000282280A1A60>,0.46836304664611816,21.0,32.0,0.6502367424242425,0.8639830508474576,0.6037735849056605,0.91796875,-9290.058010145722,-143256.3786011953
