,Algorithm,Duration,SHD,SID,PR AUC,ROC AUC,F1,Accuracy,BDeu,BIC
0,<cdt.causality.graph.PC.PC object at 0x000002820EF88040>,2.309009552001953,20.0,56.0,0.38125000000000003,0.5915254237288136,0.28571428571428575,0.921875,-11241.48878619377,-11401.232761202626
1,<cdt.causality.graph.GES.GES object at 0x0000028227CB32E0>,0.7744450569152832,23.0,4.0,0.6363839285714286,0.8597457627118644,0.5818181818181818,0.91015625,-15111.846848805384,-231435.66372602255
2,<cdt.causality.graph.CCDr.CCDr object at 0x000002820EF7BD60>,1.3330767154693604,18.0,36.0,0.58515625,0.55,0.18181818181818182,0.9296875,-16486.859986058622,-16537.592601010165
3,<cdt.causality.graph.bnlearn.GS object at 0x000002820EF7BD30>,0.47505664825439453,15.0,16.0,0.7442288306451613,0.9224576271186441,0.7058823529411764,0.94140625,-9460.053253664459,-53804.617673594235
4,<cdt.causality.graph.bnlearn.MMPC object at 0x000002820EF73FA0>,0.38206958770751953,36.0,108.0,0.6528790509259259,0.9008474576271185,0.5135135135135135,0.859375,-7226.783430542415,-87819.2469367278
5,<cdt.causality.graph.bnlearn.IAMB object at 0x0000028225C0C2B0>,0.5044465065002441,15.0,16.0,0.7442288306451613,0.9224576271186441,0.7058823529411764,0.94140625,-9460.053253664459,-53804.617673594235
6,<cdt.causality.graph.bnlearn.Fast_IAMB object at 0x0000028225C0C2E0>,0.45488882064819336,15.0,16.0,0.7442288306451613,0.9224576271186441,0.7058823529411764,0.94140625,-9460.053253664459,-53804.617673594235
7,<cdt.causality.graph.bnlearn.Inter_IAMB object at 0x00000282280A1A60>,0.4682917594909668,15.0,16.0,0.7442288306451613,0.9224576271186441,0.7058823529411764,0.94140625,-9460.053253664459,-53804.617673594235
