,Algorithm,Duration,SHD,SID,PR AUC,ROC AUC,F1,Accuracy,BDeu,BIC
0,<cdt.causality.graph.PC.PC object at 0x000002820EF88040>,2.287688970565796,20.0,56.0,0.38125000000000003,0.5915254237288136,0.28571428571428575,0.921875,-11113.108589706255,-11272.788277261032
1,<cdt.causality.graph.GES.GES object at 0x0000028227CB32E0>,0.7808294296264648,18.0,10.0,0.6964843749999999,0.8932203389830509,0.6538461538461537,0.9296875,-12385.862404422789,-161083.7333275603
2,<cdt.causality.graph.CCDr.CCDr object at 0x000002820EF7BD60>,1.347092866897583,18.0,36.0,0.58515625,0.55,0.18181818181818182,0.9296875,-16355.326630456717,-16405.88530760973
3,<cdt.causality.graph.bnlearn.GS object at 0x000002820EF7BD30>,0.48868227005004883,14.0,13.0,0.773828125,0.947457627118644,0.7307692307692308,0.9453125,-9509.947698858017,-127166.40739568174
4,<cdt.causality.graph.bnlearn.MMPC object at 0x000002820EF73FA0>,0.37809276580810547,38.0,109.0,0.6724137931034483,0.9194915254237288,0.5128205128205129,0.8515625,-7421.511102206679,-176466.7662455556
5,<cdt.causality.graph.bnlearn.IAMB object at 0x0000028225C0C2B0>,0.4552266597747803,15.0,14.0,0.7442288306451613,0.9224576271186441,0.7058823529411764,0.94140625,-9506.640121951375,-191799.04385713668
6,<cdt.causality.graph.bnlearn.Fast_IAMB object at 0x0000028225C0C2E0>,0.45763540267944336,14.0,13.0,0.773828125,0.947457627118644,0.7307692307692308,0.9453125,-9509.947698858017,-127166.40739568174
7,<cdt.causality.graph.bnlearn.Inter_IAMB object at 0x00000282280A1A60>,0.4604201316833496,15.0,14.0,0.7442288306451613,0.9224576271186441,0.7058823529411764,0.94140625,-9506.640121951375,-191799.04385713668
