,Algorithm,Duration,SHD,SID,PR AUC,ROC AUC,F1,Accuracy,BDeu,BIC
0,<cdt.causality.graph.PC.PC object at 0x0000020530768040>,2.2956042289733887,20.0,56.0,0.38125000000000003,0.5915254237288136,0.28571428571428575,0.921875,-10960.991570289754,-11118.073044512477
1,<cdt.causality.graph.GES.GES object at 0x0000020549482310>,0.7786509990692139,14.0,17.0,0.7155048076923077,0.8788135593220339,0.6956521739130435,0.9453125,-9318.757315169612,-119505.48772447008
2,<cdt.causality.graph.CCDr.CCDr object at 0x000002053075BD60>,1.3081612586975098,18.0,36.0,0.58515625,0.55,0.18181818181818182,0.9296875,-16183.875124679227,-16231.59821459536
3,<cdt.causality.graph.bnlearn.GS object at 0x000002053075BD30>,0.48180103302001953,23.0,31.0,0.6363839285714286,0.8597457627118644,0.5818181818181818,0.91015625,-9232.262821859204,-78414.26070725967
4,<cdt.causality.graph.bnlearn.MMPC object at 0x0000020530753FA0>,0.3754251003265381,38.0,108.0,0.6724137931034483,0.9194915254237288,0.5128205128205129,0.8515625,-7444.044522331274,-96578.04649042881
5,<cdt.causality.graph.bnlearn.IAMB object at 0x00000205471CC2E0>,0.4499988555908203,23.0,31.0,0.6363839285714286,0.8597457627118644,0.5818181818181818,0.91015625,-9232.262821859204,-78414.26070725967
6,<cdt.causality.graph.bnlearn.Fast_IAMB object at 0x00000205471CC310>,0.4612293243408203,21.0,31.0,0.6502367424242425,0.8639830508474576,0.6037735849056605,0.91796875,-9230.701883439975,-57289.39065132199
7,<cdt.causality.graph.bnlearn.Inter_IAMB object at 0x0000020549862A90>,0.45605993270874023,23.0,31.0,0.6363839285714286,0.8597457627118644,0.5818181818181818,0.91015625,-9232.262821859204,-78414.26070725967
