,Algorithm,Duration,SHD,SID,PR AUC,ROC AUC,F1,Accuracy,BDeu,BIC
0,<cdt.causality.graph.PC.PC object at 0x0000020530768040>,2.3035824298858643,20.0,56.0,0.38125000000000003,0.5915254237288136,0.28571428571428575,0.921875,-10993.362652351394,-11152.759767980673
1,<cdt.causality.graph.GES.GES object at 0x0000020549482310>,0.7904012203216553,18.0,16.0,0.6744791666666666,0.8703389830508474,0.64,0.9296875,-12287.636214205813,-84032.67086447026
2,<cdt.causality.graph.CCDr.CCDr object at 0x000002053075BD60>,1.357112169265747,18.0,36.0,0.58515625,0.55,0.18181818181818182,0.9296875,-16297.736790076578,-16347.818215509931
3,<cdt.causality.graph.bnlearn.GS object at 0x000002053075BD30>,0.48853087425231934,12.0,13.0,0.7936197916666666,0.9516949152542372,0.7599999999999999,0.953125,-9457.734597151086,-67021.02544812846
4,<cdt.causality.graph.bnlearn.MMPC object at 0x0000020530753FA0>,0.3872990608215332,36.0,108.0,0.6785714285714286,0.923728813559322,0.5263157894736842,0.859375,-7369.083007832678,-102183.5238798375
5,<cdt.causality.graph.bnlearn.IAMB object at 0x00000205471CC2E0>,0.4625203609466553,12.0,13.0,0.7936197916666666,0.9516949152542372,0.7599999999999999,0.953125,-9457.734597151086,-67021.02544812846
6,<cdt.causality.graph.bnlearn.Fast_IAMB object at 0x00000205471CC310>,0.4662353992462158,12.0,13.0,0.7936197916666666,0.9516949152542372,0.7599999999999999,0.953125,-9457.734597151086,-67021.02544812846
7,<cdt.causality.graph.bnlearn.Inter_IAMB object at 0x0000020549862A90>,0.47838830947875977,12.0,13.0,0.7936197916666666,0.9516949152542372,0.7599999999999999,0.953125,-9457.734597151086,-67021.02544812846
