,Algorithm,Duration,SHD,SID,PR AUC,ROC AUC,F1,Accuracy,BDeu,BIC
0,<cdt.causality.graph.PC.PC object at 0x000002820EF88040>,2.3340718746185303,20.0,56.0,0.38125000000000003,0.5915254237288136,0.28571428571428575,0.921875,-11258.946165771795,-11418.830408573383
1,<cdt.causality.graph.GES.GES object at 0x0000028227CB32E0>,0.7772219181060791,20.0,21.0,0.6117187499999999,0.8203389830508475,0.5833333333333334,0.921875,-10374.298919268254,-390282.61768189014
2,<cdt.causality.graph.CCDr.CCDr object at 0x000002820EF7BD60>,1.3521099090576172,18.0,36.0,0.58515625,0.55,0.18181818181818182,0.9296875,-16452.905811057477,-16503.590065549815
3,<cdt.causality.graph.bnlearn.GS object at 0x000002820EF7BD30>,0.48831605911254883,19.0,21.0,0.7110491071428571,0.9139830508474576,0.6545454545454545,0.92578125,-9447.964211777813,-163374.1061359959
4,<cdt.causality.graph.bnlearn.MMPC object at 0x000002820EF73FA0>,0.3960082530975342,40.0,109.0,0.6407462284482758,0.8923728813559322,0.4871794871794871,0.84375,-7200.510718317331,-196590.1522061259
5,<cdt.causality.graph.bnlearn.IAMB object at 0x0000028225C0C2B0>,0.4613523483276367,19.0,21.0,0.7110491071428571,0.9139830508474576,0.6545454545454545,0.92578125,-9447.964211777813,-163374.1061359959
6,<cdt.causality.graph.bnlearn.Fast_IAMB object at 0x0000028225C0C2E0>,0.44379091262817383,19.0,21.0,0.7110491071428571,0.9139830508474576,0.6545454545454545,0.92578125,-9447.964211777813,-163374.1061359959
7,<cdt.causality.graph.bnlearn.Inter_IAMB object at 0x00000282280A1A60>,0.46874475479125977,19.0,21.0,0.7110491071428571,0.9139830508474576,0.6545454545454545,0.92578125,-9447.964211777813,-163374.1061359959
