,Algorithm,Duration,SHD,SID,PR AUC,ROC AUC,F1,Accuracy,BDeu,BIC
0,<cdt.causality.graph.PC.PC object at 0x000002820EF88040>,2.287760019302368,20.0,56.0,0.38125000000000003,0.5915254237288136,0.28571428571428575,0.921875,-11038.668937887174,-11197.97345613613
1,<cdt.causality.graph.GES.GES object at 0x0000028227CB32E0>,0.7874376773834229,19.0,9.0,0.6658770161290323,0.8682203389830508,0.6274509803921569,0.92578125,-11989.484077336288,-130325.25594454707
2,<cdt.causality.graph.CCDr.CCDr object at 0x000002820EF7BD60>,1.3439159393310547,18.0,36.0,0.58515625,0.55,0.18181818181818182,0.9296875,-16279.083830711805,-16328.953173077196
3,<cdt.causality.graph.bnlearn.GS object at 0x000002820EF7BD30>,0.4669680595397949,17.0,17.0,0.7050529233870968,0.8953389830508476,0.6666666666666665,0.93359375,-9366.86471000662,-156416.23454414296
4,<cdt.causality.graph.bnlearn.MMPC object at 0x000002820EF73FA0>,0.38199877738952637,38.0,108.0,0.6465959821428572,0.8966101694915254,0.5000000000000001,0.8515625,-7239.007819620183,-122394.53390647733
5,<cdt.causality.graph.bnlearn.IAMB object at 0x0000028225C0C2B0>,0.45099806785583496,17.0,17.0,0.7050529233870968,0.8953389830508476,0.6666666666666665,0.93359375,-9366.86471000662,-156416.23454414296
6,<cdt.causality.graph.bnlearn.Fast_IAMB object at 0x0000028225C0C2E0>,0.4419529438018799,17.0,17.0,0.7050529233870968,0.8953389830508476,0.6666666666666665,0.93359375,-9366.86471000662,-156416.23454414296
7,<cdt.causality.graph.bnlearn.Inter_IAMB object at 0x00000282280A1A60>,0.4540112018585205,17.0,17.0,0.7050529233870968,0.8953389830508476,0.6666666666666665,0.93359375,-9366.86471000662,-156416.23454414296
