,Algorithm,Duration,SHD,SID,PR AUC,ROC AUC,F1,Accuracy,BDeu,BIC
0,<cdt.causality.graph.PC.PC object at 0x000002820EF88040>,2.2900142669677734,20.0,56.0,0.38125000000000003,0.5915254237288136,0.28571428571428575,0.921875,-11030.073588972311,-11189.59246245661
1,<cdt.causality.graph.GES.GES object at 0x0000028227CB32E0>,0.7727031707763672,15.0,17.0,0.684765625,0.853813559322034,0.6666666666666665,0.94140625,-10551.132553469217,-60190.661972997244
2,<cdt.causality.graph.CCDr.CCDr object at 0x000002820EF7BD60>,1.34605073928833,18.0,36.0,0.58515625,0.55,0.18181818181818182,0.9296875,-16334.980218003133,-16385.03668585484
3,<cdt.causality.graph.bnlearn.GS object at 0x000002820EF7BD30>,0.48611927032470703,18.0,15.0,0.7186121323529412,0.9161016949152542,0.6666666666666667,0.9296875,-9725.893338492517,-569241.8825220554
4,<cdt.causality.graph.bnlearn.MMPC object at 0x000002820EF73FA0>,0.382580041885376,38.0,109.0,0.6724137931034483,0.9194915254237288,0.5128205128205129,0.8515625,-7343.729573021401,-176397.9984446942
5,<cdt.causality.graph.bnlearn.IAMB object at 0x0000028225C0C2B0>,0.4569077491760254,15.0,15.0,0.7442288306451613,0.9224576271186441,0.7058823529411764,0.94140625,-9458.700488084492,-141431.55746520837
6,<cdt.causality.graph.bnlearn.Fast_IAMB object at 0x0000028225C0C2E0>,0.7150349617004395,15.0,15.0,0.7442288306451613,0.9224576271186441,0.7058823529411764,0.94140625,-9458.700488084492,-141431.55746520837
7,<cdt.causality.graph.bnlearn.Inter_IAMB object at 0x00000282280A1A60>,0.4712231159210205,15.0,15.0,0.7442288306451613,0.9224576271186441,0.7058823529411764,0.94140625,-9458.700488084492,-141431.55746520837
