,Algorithm,Score,No. of calls,SHD,SID,PR AUC,ROC AUC,F1,Accuracy,BDeu,BIC
0,hc,bde,360.0,4.0,0.0,0.875,0.9918032786885246,0.8571428571428571,0.984375,-2413.790589233773,-5105.37344144726
1,hc,bic,300.0,8.0,16.0,0.6744791666666666,0.8251366120218578,0.6666666666666666,0.96875,-2537.146875263197,-2764.3512615835666
2,tabu,bde,631.0,4.0,0.0,0.875,0.9918032786885246,0.8571428571428571,0.984375,-2413.790589233773,-5105.37344144726
3,tabu,bic,584.0,8.0,16.0,0.6744791666666666,0.8251366120218578,0.6666666666666666,0.96875,-2537.146875263197,-2764.3512615835666
