,Algorithm,Duration,SHD,SID,PR AUC,ROC AUC,F1,Accuracy,BDeu,BIC
0,<cdt.causality.graph.PC.PC object at 0x00000140B2728040>,1.8871948719024658,20.0,44.0,0.5390625,0.5,0.0,0.921875,-1935.2000872225176,-1955.424821949027
1,<cdt.causality.graph.GES.GES object at 0x00000140CB6432E0>,0.7600233554840088,23.0,49.0,0.48692255434782605,0.7224576271186441,0.46511627906976744,0.91015625,-1351.0312204546872,-2802.6606252352103
2,<cdt.causality.graph.CCDr.CCDr object at 0x00000140B271BD60>,1.2453079223632812,18.0,36.0,0.58515625,0.55,0.18181818181818182,0.9296875,-1684.6308018122222,-1722.668006837947
3,<cdt.causality.graph.bnlearn.GS object at 0x00000140B271BD30>,0.3196542263031006,18.0,44.0,0.5883522727272728,0.7788135593220339,0.5714285714285713,0.9296875,-1153.3222795788413,-3064.4830413135
4,<cdt.causality.graph.bnlearn.MMPC object at 0x00000140B2713FA0>,0.30404067039489746,30.0,100.0,0.5982886904761905,0.8449152542372881,0.5161290322580645,0.8828125,-1078.492335394861,-7459.413387580582
5,<cdt.causality.graph.bnlearn.IAMB object at 0x00000140C936C2B0>,0.3162572383880615,23.0,63.0,0.5875252016129032,0.8139830508474576,0.5490196078431372,0.91015625,-1177.95636552171,-8346.526751474348
6,<cdt.causality.graph.bnlearn.Fast_IAMB object at 0x00000140C936C2E0>,0.33211374282836914,23.0,63.0,0.5875252016129032,0.8139830508474576,0.5490196078431372,0.91015625,-1177.95636552171,-8346.526751474348
7,<cdt.causality.graph.bnlearn.Inter_IAMB object at 0x00000140CB7E2A60>,0.3178436756134033,23.0,63.0,0.5875252016129032,0.8139830508474576,0.5490196078431372,0.91015625,-1177.95636552171,-8346.526751474348
