,Algorithm,Duration,SHD,SID,PR AUC,ROC AUC,F1,Accuracy,BDeu,BIC
0,<cdt.causality.graph.PC.PC object at 0x00000140B2728040>,1.8797802925109863,20.0,44.0,0.5390625,0.5,0.0,0.921875,-1988.0752995942812,-2010.4311382909557
1,<cdt.causality.graph.GES.GES object at 0x00000140CB6432E0>,0.7630624771118164,16.0,53.0,0.6732271634615384,0.8516949152542372,0.6521739130434783,0.9375,-1318.136601570239,-4537.6877247488
2,<cdt.causality.graph.CCDr.CCDr object at 0x00000140B271BD60>,1.258030652999878,17.0,35.0,0.608203125,0.575,0.2608695652173913,0.93359375,-1668.3361020138027,-1722.411270456068
3,<cdt.causality.graph.bnlearn.GS object at 0x00000140B271BD30>,0.3140110969543457,24.0,68.0,0.5041165865384616,0.7432203389830508,0.47826086956521735,0.90625,-1080.3461035261585,-4401.784265416893
4,<cdt.causality.graph.bnlearn.MMPC object at 0x00000140B2713FA0>,0.3062126636505127,30.0,97.0,0.5459292763157895,0.7991525423728814,0.48275862068965514,0.8828125,-1098.6018046643117,-8251.040614903306
5,<cdt.causality.graph.bnlearn.IAMB object at 0x00000140C936C2B0>,0.333998441696167,24.0,68.0,0.5041165865384616,0.7432203389830508,0.47826086956521735,0.90625,-1080.3461035261585,-4401.784265416893
6,<cdt.causality.graph.bnlearn.Fast_IAMB object at 0x00000140C936C2E0>,0.3173060417175293,23.0,66.0,0.5628098060344827,0.7911016949152542,0.5306122448979592,0.91015625,-1118.8765707101197,-6248.771581806344
7,<cdt.causality.graph.bnlearn.Inter_IAMB object at 0x00000140CB7E2A60>,0.31264734268188477,24.0,68.0,0.5041165865384616,0.7432203389830508,0.47826086956521735,0.90625,-1080.3461035261585,-4401.784265416893
