,Algorithm,Duration,SHD,SID,PR AUC,ROC AUC,F1,Accuracy,BDeu,BIC
0,<cdt.causality.graph.PC.PC object at 0x00000140B2728040>,1.8830552101135254,20.0,44.0,0.5390625,0.5,0.0,0.921875,-1989.527196708397,-2012.2184029801763
1,<cdt.causality.graph.GES.GES object at 0x00000140CB6432E0>,0.7615945339202881,20.0,28.0,0.6117187499999999,0.8203389830508475,0.5833333333333334,0.921875,-1727.3819095227832,-15436.649868054052
2,<cdt.causality.graph.CCDr.CCDr object at 0x00000140B271BD60>,1.2450048923492432,18.0,36.0,0.58515625,0.55,0.18181818181818182,0.9296875,-1736.9388772861455,-1777.3014172102796
3,<cdt.causality.graph.bnlearn.GS object at 0x00000140B271BD30>,0.32262706756591797,23.0,74.0,0.5378472222222221,0.7682203389830508,0.5106382978723405,0.91015625,-1168.5509675956935,-4834.689689908681
4,<cdt.causality.graph.bnlearn.MMPC object at 0x00000140B2713FA0>,0.3082773685455322,30.0,99.0,0.5982886904761905,0.8449152542372881,0.5161290322580645,0.8828125,-1217.7303945951996,-9216.223284813601
5,<cdt.causality.graph.bnlearn.IAMB object at 0x00000140C936C2B0>,0.31451845169067383,23.0,74.0,0.5378472222222221,0.7682203389830508,0.5106382978723405,0.91015625,-1168.5509675956935,-4834.689689908681
6,<cdt.causality.graph.bnlearn.Fast_IAMB object at 0x00000140C936C2E0>,0.32184433937072754,23.0,74.0,0.5378472222222221,0.7682203389830508,0.5106382978723405,0.91015625,-1168.5509675956935,-4834.689689908681
7,<cdt.causality.graph.bnlearn.Inter_IAMB object at 0x00000140CB7E2A60>,0.32201123237609863,23.0,74.0,0.5378472222222221,0.7682203389830508,0.5106382978723405,0.91015625,-1168.5509675956935,-4834.689689908681
