,Algorithm,Duration,SHD,SID,PR AUC,ROC AUC,F1,Accuracy,BDeu,BIC
0,<cdt.causality.graph.PC.PC object at 0x00000140B2728040>,1.8960745334625244,20.0,44.0,0.5390625,0.5,0.0,0.921875,-1997.269135838055,-2020.4587928947856
1,<cdt.causality.graph.GES.GES object at 0x00000140CB6432E0>,0.7579989433288574,19.0,32.0,0.5986718750000001,0.7995762711864407,0.5777777777777778,0.92578125,-1474.4955751625935,-13839.657029293947
2,<cdt.causality.graph.CCDr.CCDr object at 0x00000140B271BD60>,1.2761244773864746,18.0,36.0,0.58515625,0.55,0.18181818181818182,0.9296875,-1746.5093980121453,-1787.4978216528677
3,<cdt.causality.graph.bnlearn.GS object at 0x00000140B271BD30>,0.37900257110595703,25.0,69.0,0.522521551724138,0.7639830508474577,0.4897959183673469,0.90234375,-1233.6324413118025,-4495.02287241374
4,<cdt.causality.graph.bnlearn.MMPC object at 0x00000140B2713FA0>,0.31099700927734375,34.0,105.0,0.6596454326923077,0.9050847457627118,0.5277777777777778,0.8671875,-1330.710880892652,-31157.03992034805
5,<cdt.causality.graph.bnlearn.IAMB object at 0x00000140C936C2B0>,0.3259730339050293,25.0,69.0,0.522521551724138,0.7639830508474577,0.4897959183673469,0.90234375,-1233.6324413118025,-4495.02287241374
6,<cdt.causality.graph.bnlearn.Fast_IAMB object at 0x00000140C936C2E0>,0.32637500762939453,25.0,69.0,0.522521551724138,0.7639830508474577,0.4897959183673469,0.90234375,-1233.6324413118025,-4495.02287241374
7,<cdt.causality.graph.bnlearn.Inter_IAMB object at 0x00000140CB7E2A60>,0.32555150985717773,25.0,69.0,0.522521551724138,0.7639830508474577,0.4897959183673469,0.90234375,-1233.6324413118025,-4495.02287241374
