,Algorithm,Duration,SHD,SID,PR AUC,ROC AUC,F1,Accuracy,BDeu,BIC
0,<cdt.causality.graph.PC.PC object at 0x0000020DFE928040>,1.872122049331665,20.0,44.0,0.5390625,0.5,0.0,0.921875,-1986.688085993382,-2008.3515514402043
1,<cdt.causality.graph.GES.GES object at 0x0000020E01842310>,0.7640459537506104,24.0,45.0,0.5041165865384616,0.7432203389830508,0.47826086956521735,0.90625,-1309.6402961145423,-5713.149197317192
2,<cdt.causality.graph.CCDr.CCDr object at 0x0000020DFE91BD60>,1.2675187587738037,18.0,36.0,0.58515625,0.55,0.18181818181818182,0.9296875,-1735.09474680357,-1774.496498681211
3,<cdt.causality.graph.bnlearn.GS object at 0x0000020DFE91BD30>,0.3260965347290039,27.0,79.0,0.535641571969697,0.7826271186440678,0.490566037735849,0.89453125,-1208.8596935940614,-5624.551618634569
4,<cdt.causality.graph.bnlearn.MMPC object at 0x0000020DFE913FA0>,0.3098335266113281,30.0,104.0,0.5982886904761905,0.8449152542372881,0.5161290322580645,0.8828125,-1153.5996144559845,-11389.446226339027
5,<cdt.causality.graph.bnlearn.IAMB object at 0x0000020DFF57C2E0>,0.3269977569580078,27.0,79.0,0.535641571969697,0.7826271186440678,0.490566037735849,0.89453125,-1208.8596935940614,-5624.551618634569
6,<cdt.causality.graph.bnlearn.Fast_IAMB object at 0x0000020DFF57C310>,0.325986385345459,24.0,81.0,0.58046875,0.811864406779661,0.5384615384615384,0.90625,-1171.591111969322,-5126.130221121064
7,<cdt.causality.graph.bnlearn.Inter_IAMB object at 0x0000020E019F2A90>,0.3229658603668213,27.0,79.0,0.535641571969697,0.7826271186440678,0.490566037735849,0.89453125,-1208.8596935940614,-5624.551618634569
