,Algorithm,Duration,SHD,SID,PR AUC,ROC AUC,F1,Accuracy,BDeu,BIC
0,<cdt.causality.graph.PC.PC object at 0x00000140B2728040>,1.8657608032226562,20.0,45.0,0.312109375,0.5228813559322034,0.09090909090909091,0.921875,-1724.0703770986183,-1765.0126416218673
1,<cdt.causality.graph.GES.GES object at 0x00000140CB6432E0>,0.7629959583282471,29.0,40.0,0.41315104166666666,0.686864406779661,0.3829787234042553,0.88671875,-1551.0492998105556,-22973.73661286228
2,<cdt.causality.graph.CCDr.CCDr object at 0x00000140B271BD60>,1.2754747867584229,18.0,36.0,0.58515625,0.55,0.18181818181818182,0.9296875,-1723.420637102015,-1764.3183083490535
3,<cdt.causality.graph.bnlearn.GS object at 0x00000140B271BD30>,0.3297586441040039,20.0,62.0,0.6117187499999999,0.8203389830508475,0.5833333333333334,0.921875,-1211.215996272258,-5041.20092587245
4,<cdt.causality.graph.bnlearn.MMPC object at 0x00000140B2713FA0>,0.30602121353149414,32.0,104.0,0.6414062500000001,0.8864406779661016,0.5294117647058825,0.875,-1323.5094928014587,-26319.341968198285
5,<cdt.causality.graph.bnlearn.IAMB object at 0x00000140C936C2B0>,0.32881903648376465,20.0,62.0,0.6117187499999999,0.8203389830508475,0.5833333333333334,0.921875,-1211.215996272258,-5041.20092587245
6,<cdt.causality.graph.bnlearn.Fast_IAMB object at 0x00000140C936C2E0>,0.32469677925109863,20.0,62.0,0.6117187499999999,0.8203389830508475,0.5833333333333334,0.921875,-1211.215996272258,-5041.20092587245
7,<cdt.causality.graph.bnlearn.Inter_IAMB object at 0x00000140CB7E2A60>,0.3300004005432129,20.0,62.0,0.6117187499999999,0.8203389830508475,0.5833333333333334,0.921875,-1211.215996272258,-5041.20092587245
