,Algorithm,Duration,SHD,SID,PR AUC,ROC AUC,F1,Accuracy,BDeu,BIC
0,<cdt.causality.graph.PC.PC object at 0x0000020DFE928040>,1.93519926071167,20.0,44.0,0.5390625,0.5,0.0,0.921875,-2022.4244455601893,-2046.31484142218
1,<cdt.causality.graph.GES.GES object at 0x0000020E01842310>,0.7719979286193848,20.0,14.0,0.634765625,0.8432203389830507,0.6,0.921875,-2003.7296758702555,-29376.894408932323
2,<cdt.causality.graph.CCDr.CCDr object at 0x0000020DFE91BD60>,1.256117582321167,18.0,36.0,0.58515625,0.55,0.18181818181818182,0.9296875,-1773.5125890499041,-1815.3442028194609
3,<cdt.causality.graph.bnlearn.GS object at 0x0000020DFE91BD30>,0.32079577445983887,17.0,51.0,0.6212805706521738,0.8038135593220339,0.6046511627906976,0.93359375,-1219.9443800126091,-3812.3130070266207
4,<cdt.causality.graph.bnlearn.MMPC object at 0x0000020DFE913FA0>,0.3039979934692383,30.0,103.0,0.6495584239130435,0.8906779661016948,0.5454545454545454,0.8828125,-1278.3225868506884,-17123.314052017282
5,<cdt.causality.graph.bnlearn.IAMB object at 0x0000020DFF57C2E0>,0.31908297538757324,17.0,51.0,0.6212805706521738,0.8038135593220339,0.6046511627906976,0.93359375,-1219.9443800126091,-3812.3130070266207
6,<cdt.causality.graph.bnlearn.Fast_IAMB object at 0x0000020DFF57C310>,0.32067155838012695,17.0,51.0,0.6212805706521738,0.8038135593220339,0.6046511627906976,0.93359375,-1219.9443800126091,-3812.3130070266207
7,<cdt.causality.graph.bnlearn.Inter_IAMB object at 0x0000020E019F2A90>,0.3229348659515381,17.0,51.0,0.6212805706521738,0.8038135593220339,0.6046511627906976,0.93359375,-1219.9443800126091,-3812.3130070266207
