,Algorithm,Duration,SHD,SID,PR AUC,ROC AUC,F1,Accuracy,BDeu,BIC
0,<cdt.causality.graph.PC.PC object at 0x00000140B2728040>,1.8783996105194092,20.0,44.0,0.5390625,0.5,0.0,0.921875,-1967.9067191174477,-1989.2037996004226
1,<cdt.causality.graph.GES.GES object at 0x00000140CB6432E0>,0.7567017078399658,19.0,33.0,0.5986718750000001,0.7995762711864407,0.5777777777777778,0.92578125,-1450.3427536760034,-5343.5606838892845
2,<cdt.causality.graph.CCDr.CCDr object at 0x00000140B271BD60>,1.2920186519622803,18.0,36.0,0.58515625,0.55,0.18181818181818182,0.9296875,-1715.2197594610884,-1754.1792754715757
3,<cdt.causality.graph.bnlearn.GS object at 0x00000140B271BD30>,0.31625866889953613,20.0,60.0,0.634765625,0.8432203389830507,0.6,0.921875,-1243.4317361036633,-7709.781176564959
4,<cdt.causality.graph.bnlearn.MMPC object at 0x00000140B2713FA0>,0.3154881000518799,30.0,99.0,0.572265625,0.8220338983050848,0.5,0.8828125,-1206.4329076093384,-9971.321269069256
5,<cdt.causality.graph.bnlearn.IAMB object at 0x00000140C936C2B0>,0.31499719619750977,20.0,60.0,0.634765625,0.8432203389830507,0.6,0.921875,-1243.4317361036633,-7709.781176564959
6,<cdt.causality.graph.bnlearn.Fast_IAMB object at 0x00000140C936C2E0>,0.3183612823486328,20.0,60.0,0.634765625,0.8432203389830507,0.6,0.921875,-1243.4317361036633,-7709.781176564959
7,<cdt.causality.graph.bnlearn.Inter_IAMB object at 0x00000140CB7E2A60>,0.3204050064086914,20.0,60.0,0.634765625,0.8432203389830507,0.6,0.921875,-1243.4317361036633,-7709.781176564959
