,Algorithm,Duration,SHD,SID,PR AUC,ROC AUC,F1,Accuracy,BDeu,BIC
0,<cdt.causality.graph.PC.PC object at 0x00000140B2728040>,1.8915822505950928,20.0,44.0,0.5390625,0.5,0.0,0.921875,-1940.1211927824681,-1959.9650131627498
1,<cdt.causality.graph.GES.GES object at 0x00000140CB6432E0>,0.7636353969573975,20.0,32.0,0.5656249999999999,0.7745762711864407,0.5454545454545454,0.921875,-1432.0465140326633,-5558.945377503419
2,<cdt.causality.graph.CCDr.CCDr object at 0x00000140B271BD60>,1.2355799674987793,18.0,36.0,0.58515625,0.55,0.18181818181818182,0.9296875,-1690.307787887012,-1728.0113038667778
3,<cdt.causality.graph.bnlearn.GS object at 0x00000140B271BD30>,0.32809901237487793,29.0,83.0,0.41315104166666666,0.686864406779661,0.3829787234042553,0.88671875,-1223.2378556433239,-5550.282249595782
4,<cdt.causality.graph.bnlearn.MMPC object at 0x00000140B2713FA0>,0.3080573081970215,32.0,98.0,0.53671875,0.7949152542372881,0.4666666666666667,0.875,-1231.5473652183455,-16636.4234795035
5,<cdt.causality.graph.bnlearn.IAMB object at 0x00000140C936C2B0>,0.3285398483276367,29.0,84.0,0.4419450431034483,0.7097457627118644,0.40816326530612246,0.88671875,-1226.8555541415858,-5569.592563767497
6,<cdt.causality.graph.bnlearn.Fast_IAMB object at 0x00000140C936C2E0>,0.31699037551879883,29.0,84.0,0.4419450431034483,0.7097457627118644,0.40816326530612246,0.88671875,-1226.8555541415858,-5569.592563767497
7,<cdt.causality.graph.bnlearn.Inter_IAMB object at 0x00000140CB7E2A60>,0.32405591011047363,29.0,84.0,0.4419450431034483,0.7097457627118644,0.40816326530612246,0.88671875,-1226.8555541415858,-5569.592563767497
