,Algorithm,Duration,SHD,SID,PR AUC,ROC AUC,F1,Accuracy,BDeu,BIC
0,<cdt.causality.graph.PC.PC object at 0x00000140B2728040>,1.8686566352844238,20.0,44.0,0.5390625,0.5,0.0,0.921875,-1989.3526231429482,-2012.294594273864
1,<cdt.causality.graph.GES.GES object at 0x00000140CB6432E0>,0.7679576873779297,25.0,24.0,0.5738399621212121,0.8097457627118644,0.5283018867924527,0.90234375,-1914.415865323943,-284557.191656691
2,<cdt.causality.graph.CCDr.CCDr object at 0x00000140B271BD60>,1.2640025615692139,18.0,36.0,0.58515625,0.55,0.18181818181818182,0.9296875,-1737.3423899286952,-1777.9985476202064
3,<cdt.causality.graph.bnlearn.GS object at 0x00000140B271BD30>,0.3346676826477051,18.0,53.0,0.6095052083333332,0.8016949152542372,0.5909090909090908,0.9296875,-1200.36293005454,-4068.944769345351
4,<cdt.causality.graph.bnlearn.MMPC object at 0x00000140B2713FA0>,0.30554628372192383,30.0,103.0,0.6495584239130435,0.8906779661016948,0.5454545454545454,0.8828125,-1312.9567794868417,-17562.122111716428
5,<cdt.causality.graph.bnlearn.IAMB object at 0x00000140C936C2B0>,0.35677528381347656,18.0,53.0,0.6095052083333332,0.8016949152542372,0.5909090909090908,0.9296875,-1200.36293005454,-4068.944769345351
6,<cdt.causality.graph.bnlearn.Fast_IAMB object at 0x00000140C936C2E0>,0.32980966567993164,18.0,60.0,0.6309495192307691,0.8245762711864407,0.608695652173913,0.9296875,-1215.6904217809858,-4186.792295375034
7,<cdt.causality.graph.bnlearn.Inter_IAMB object at 0x00000140CB7E2A60>,0.335007905960083,18.0,53.0,0.6095052083333332,0.8016949152542372,0.5909090909090908,0.9296875,-1200.36293005454,-4068.944769345351
