,Algorithm,Score,No. of calls,SHD,SID,PR AUC,ROC AUC,F1,Accuracy,BDeu,BIC
0,hc,bde,561.0,12.0,3.0,0.7337962962962963,0.9019607843137255,0.7142857142857143,0.9629629629629629,-12871.216408594242,-28597.850838972023
1,hc,bic,408.0,15.0,45.0,0.5638888888888889,0.7401960784313725,0.5454545454545454,0.9537037037037037,-14011.355501927608,-14400.282924460524
2,tabu,bde,852.0,12.0,3.0,0.7337962962962963,0.9019607843137255,0.7142857142857143,0.9629629629629629,-12871.216408594242,-28597.850838972023
3,tabu,bic,1028.0,17.0,49.0,0.5285947712418301,0.7369281045751633,0.5142857142857143,0.9475308641975309,-13776.607151904804,-14380.52219214093
