,Algorithm,Duration,SHD,SID,PR AUC,ROC AUC,F1,Accuracy,BDeu,BIC
0,<cdt.causality.graph.PC.PC object at 0x000001C14DF690D0>,2.028850793838501,18.0,36.0,0.5277777777777778,0.5,0.0,0.9444444444444444,-4649.2006928513465,-4680.295154436543
1,<cdt.causality.graph.GES.GES object at 0x000001C166EB6B50>,0.7610559463500977,16.0,14.0,0.6396604938271604,0.8431372549019608,0.619047619047619,0.9506172839506173,-2743.7922218626854,-6109.772544530514
2,<cdt.causality.graph.CCDr.CCDr object at 0x000001C14DF5BDF0>,1.322286605834961,15.0,27.0,0.6064814814814815,0.5833333333333334,0.2857142857142857,0.9537037037037037,-3861.7399769949798,-3924.0336007867095
