,Algorithm,Duration,SHD,SID,PR AUC,ROC AUC,F1,Accuracy,BDeu,BIC
0,<cdt.causality.graph.PC.PC object at 0x000001C14DF690D0>,2.0165722370147705,18.0,36.0,0.5277777777777778,0.5,0.0,0.9444444444444444,-4685.525113307152,-4716.67920626117
1,<cdt.causality.graph.GES.GES object at 0x000001C166EB6B50>,0.7650649547576904,18.0,14.0,0.6188271604938271,0.8398692810457516,0.5909090909090908,0.9444444444444444,-2894.7361248165553,-13843.13025679941
2,<cdt.causality.graph.CCDr.CCDr object at 0x000001C14DF5BDF0>,1.3406155109405518,15.0,27.0,0.6064814814814815,0.5833333333333334,0.2857142857142857,0.9537037037037037,-3898.1749077552886,-3960.54036183427
