,Algorithm,Duration,SHD,SID,PR AUC,ROC AUC,F1,Accuracy,BDeu,BIC
0,<cdt.causality.graph.PC.PC object at 0x000001C14DF690D0>,2.0307679176330566,18.0,36.0,0.5277777777777778,0.5,0.0,0.9444444444444444,-4648.771964389878,-4680.055432139939
1,<cdt.causality.graph.GES.GES object at 0x000001C166EB6B50>,0.7576401233673096,15.0,18.0,0.651435856146001,0.8447712418300655,0.6341463414634146,0.9537037037037037,-2497.696963365493,-6307.8615590104955
2,<cdt.causality.graph.CCDr.CCDr object at 0x000001C14DF5BDF0>,1.301487922668457,15.0,27.0,0.6064814814814815,0.5833333333333334,0.2857142857142857,0.9537037037037037,-3859.3425719146526,-3921.7590248117262
