,Algorithm,Duration,SHD,SID,PR AUC,ROC AUC,F1,Accuracy,BDeu,BIC
0,<cdt.causality.graph.PC.PC object at 0x000001C14DF690D0>,2.012669563293457,18.0,36.0,0.5277777777777778,0.5,0.0,0.9444444444444444,-4585.824461570012,-4616.155623382364
1,<cdt.causality.graph.GES.GES object at 0x000001C166EB6B50>,0.7599997520446777,10.0,13.0,0.8006885090218423,0.957516339869281,0.7727272727272727,0.9691358024691358,-2525.104942234655,-60050.470238018825
2,<cdt.causality.graph.CCDr.CCDr object at 0x000001C14DF5BDF0>,1.3592934608459473,15.0,27.0,0.6064814814814815,0.5833333333333334,0.2857142857142857,0.9537037037037037,-3800.5982907570856,-3862.200432380674
