,Algorithm,Duration,SHD,SID,PR AUC,ROC AUC,F1,Accuracy,BDeu,BIC
0,<cdt.causality.graph.PC.PC object at 0x000001C14DF690D0>,2.0233912467956543,18.0,36.0,0.5277777777777778,0.5,0.0,0.9444444444444444,-4707.936343388619,-4740.579371785527
1,<cdt.causality.graph.GES.GES object at 0x000001C166EB6B50>,0.7580001354217529,15.0,16.0,0.651435856146001,0.8447712418300655,0.6341463414634146,0.9537037037037037,-2476.548385164331,-8343.783013088956
2,<cdt.causality.graph.CCDr.CCDr object at 0x000001C14DF5BDF0>,1.3450932502746582,15.0,27.0,0.6064814814814815,0.5833333333333334,0.2857142857142857,0.9537037037037037,-3919.0088343741486,-3982.8008006986147
