,Algorithm,Duration,SHD,SID,PR AUC,ROC AUC,F1,Accuracy,BDeu,BIC
0,<cdt.causality.graph.PC.PC object at 0x000001C14DF690D0>,2.023923873901367,18.0,36.0,0.5277777777777778,0.5,0.0,0.9444444444444444,-4690.7591077278,-4722.410134346242
1,<cdt.causality.graph.GES.GES object at 0x000001C166EB6B50>,0.7559983730316162,15.0,16.0,0.651435856146001,0.8447712418300655,0.6341463414634146,0.9537037037037037,-2791.473139927322,-7618.029863565775
2,<cdt.causality.graph.CCDr.CCDr object at 0x000001C14DF5BDF0>,1.346207618713379,15.0,27.0,0.6064814814814815,0.5833333333333334,0.2857142857142857,0.9537037037037037,-3902.2264490900884,-3965.041237577656
