,Algorithm,Duration,SHD,SID,PR AUC,ROC AUC,F1,Accuracy,BDeu,BIC
0,<cdt.causality.graph.PC.PC object at 0x00000228C3C88100>,1.9957270622253418,18.0,36.0,0.5277777777777778,0.5,0.0,0.9444444444444444,-4667.167534293242,-4698.578303546494
1,<cdt.causality.graph.GES.GES object at 0x00000228DD3B0F70>,0.7850003242492676,22.0,24.0,0.5568783068783069,0.80718954248366,0.5217391304347826,0.9320987654320988,-2666.1647355927616,-9153.375056790022
2,<cdt.causality.graph.CCDr.CCDr object at 0x00000228C3C88040>,1.4484617710113525,15.0,27.0,0.6064814814814815,0.5833333333333334,0.2857142857142857,0.9537037037037037,-3881.4444752709774,-3944.1156052647993
