,Algorithm,Duration,SHD,SID,PR AUC,ROC AUC,F1,Accuracy,BDeu,BIC
0,<cdt.causality.graph.PC.PC object at 0x000001C14DF690D0>,2.0906403064727783,18.0,36.0,0.5277777777777778,0.5,0.0,0.9444444444444444,-4645.119424890508,-4676.184266830119
1,<cdt.causality.graph.GES.GES object at 0x000001C166EB6B50>,0.8306159973144531,22.0,20.0,0.5278964862298197,0.7810457516339869,0.5,0.9320987654320988,-2524.588566966207,-7904.363150597012
2,<cdt.causality.graph.CCDr.CCDr object at 0x000001C14DF5BDF0>,1.3321568965911865,15.0,27.0,0.6064814814814815,0.5833333333333334,0.2857142857142857,0.9537037037037037,-3858.78815441303,-3921.091285389718
