,Algorithm,Duration,SHD,SID,PR AUC,ROC AUC,F1,Accuracy,BDeu,BIC
0,<cdt.causality.graph.PC.PC object at 0x00000228C3C88100>,2.001016616821289,18.0,36.0,0.5277777777777778,0.5,0.0,0.9444444444444444,-4699.962935809139,-4732.219263081065
1,<cdt.causality.graph.GES.GES object at 0x00000228DD3B0F70>,0.7606246471405029,11.0,10.0,0.7675308641975309,0.9297385620915032,0.7441860465116279,0.9660493827160493,-2658.4500758087433,-20989.636894423616
2,<cdt.causality.graph.CCDr.CCDr object at 0x00000228C3C88040>,1.341017723083496,15.0,27.0,0.6064814814814815,0.5833333333333334,0.2857142857142857,0.9537037037037037,-3913.14334156537,-3976.621195834158
