,Algorithm,Duration,SHD,SID,PR AUC,ROC AUC,F1,Accuracy,BDeu,BIC
0,<cdt.causality.graph.PC.PC object at 0x000001C14DF690D0>,2.0065455436706543,18.0,36.0,0.5277777777777778,0.5,0.0,0.9444444444444444,-4604.148543532568,-4634.888210034605
1,<cdt.causality.graph.GES.GES object at 0x000001C166EB6B50>,0.7630288600921631,10.0,15.0,0.7622053872053871,0.9052287581699346,0.7499999999999999,0.9691358024691358,-2483.676657946309,-5295.039477327395
2,<cdt.causality.graph.CCDr.CCDr object at 0x000001C14DF5BDF0>,1.367105484008789,15.0,27.0,0.6064814814814815,0.5833333333333334,0.2857142857142857,0.9537037037037037,-3814.9254950130216,-3876.806644959277
