,Algorithm,Score,No. of calls,SHD,SID,PR AUC,ROC AUC,F1,Accuracy,BDeu,BIC
0,hc,bde,360.0,4.0,0.0,0.875,0.9918032786885246,0.8571428571428571,0.984375,-111169.88297469237,-115943.2542972859
1,hc,bic,300.0,0.0,0.0,1.0,1.0,1.0,1.0,-111186.53649871922,-112406.48359444705
2,tabu,bde,631.0,4.0,0.0,0.875,0.9918032786885246,0.8571428571428571,0.984375,-111169.88297469237,-115943.2542972859
3,tabu,bic,571.0,0.0,0.0,1.0,1.0,1.0,1.0,-111186.53649871922,-112406.48359444705
