,Algorithm,Duration,SHD,SID,PR AUC,ROC AUC,F1,Accuracy,BDeu,BIC
0,<cdt.causality.graph.PC.PC object at 0x0000014D3CC08040>,1.8405547142028809,6.0,18.0,0.5989583333333334,0.7988505747126435,0.5714285714285715,0.90625,-5618.837797245153,-5787.236459143596
1,<cdt.causality.graph.GES.GES object at 0x0000014D3C9D3F10>,0.7735819816589355,8.0,5.0,0.4609375,0.7068965517241379,0.42857142857142855,0.875,-12863.02190462636,-13585.57313139852
2,<cdt.causality.graph.CCDr.CCDr object at 0x0000014D3C9DBD30>,1.1893820762634277,4.0,6.0,0.6979166666666667,0.6666666666666666,0.5,0.9375,-16209.032817941463,-16256.978028453834
3,<cdt.causality.graph.bnlearn.GS object at 0x0000014D3C9DBD60>,0.3631141185760498,4.0,6.0,0.8,0.9655172413793103,0.7499999999999999,0.9375,-5734.523861083998,-7693.336367121197
4,<cdt.causality.graph.bnlearn.MMPC object at 0x0000014D557122E0>,0.38298773765563965,10.0,24.0,0.6875,0.9137931034482758,0.5454545454545454,0.84375,-3174.8581179177745,-5923.055132810213
5,<cdt.causality.graph.bnlearn.IAMB object at 0x0000014D5368C2E0>,0.3659965991973877,4.0,6.0,0.8,0.9655172413793103,0.7499999999999999,0.9375,-5734.523861083998,-7693.336367121197
6,<cdt.causality.graph.bnlearn.Fast_IAMB object at 0x0000014D5368C2B0>,0.3625218868255615,4.0,6.0,0.8,0.9655172413793103,0.7499999999999999,0.9375,-5734.523861083998,-7693.336367121197
7,<cdt.causality.graph.bnlearn.Inter_IAMB object at 0x0000014D55AE2A60>,0.36632418632507324,4.0,6.0,0.8,0.9655172413793103,0.7499999999999999,0.9375,-5734.523861083998,-7693.336367121197
