,Algorithm,Duration,SHD,SID,PR AUC,ROC AUC,F1,Accuracy,BDeu,BIC
0,<cdt.causality.graph.PC.PC object at 0x0000014D3CC08040>,1.852527379989624,6.0,18.0,0.5989583333333334,0.7988505747126435,0.5714285714285715,0.90625,-5531.077577361984,-5699.704495865335
1,<cdt.causality.graph.GES.GES object at 0x0000014D3C9D3F10>,0.7742288112640381,8.0,8.0,0.5489583333333333,0.7816091954022988,0.5,0.875,-11266.92069396601,-13441.344547534356
2,<cdt.causality.graph.CCDr.CCDr object at 0x0000014D3C9DBD30>,1.2146623134613037,4.0,6.0,0.6979166666666667,0.6666666666666666,0.5,0.9375,-16187.468747890756,-16235.313602036813
3,<cdt.causality.graph.bnlearn.GS object at 0x0000014D3C9DBD60>,0.4030301570892334,11.0,15.0,0.6764705882352942,0.9051724137931034,0.5217391304347826,0.828125,-4296.412954596094,-8853.198871872484
4,<cdt.causality.graph.bnlearn.MMPC object at 0x0000014D557122E0>,0.35599756240844727,14.0,24.0,0.65,0.8793103448275862,0.4615384615384615,0.78125,-2965.567957294901,-7916.895740667378
5,<cdt.causality.graph.bnlearn.IAMB object at 0x0000014D5368C2E0>,0.3645808696746826,11.0,15.0,0.6764705882352942,0.9051724137931034,0.5217391304347826,0.828125,-4296.412954596094,-8853.198871872484
6,<cdt.causality.graph.bnlearn.Fast_IAMB object at 0x0000014D5368C2B0>,0.36738061904907227,11.0,15.0,0.6764705882352942,0.9051724137931034,0.5217391304347826,0.828125,-4296.412954596094,-8853.198871872484
7,<cdt.causality.graph.bnlearn.Inter_IAMB object at 0x0000014D55AE2A60>,0.40700602531433105,11.0,15.0,0.6764705882352942,0.9051724137931034,0.5217391304347826,0.828125,-4296.412954596094,-8853.198871872484
