,Algorithm,Duration,SHD,SID,PR AUC,ROC AUC,F1,Accuracy,BDeu,BIC
0,<cdt.causality.graph.PC.PC object at 0x0000014D3CC08040>,1.840446949005127,6.0,18.0,0.5989583333333334,0.7988505747126435,0.5714285714285715,0.90625,-5562.925816054649,-5731.46894879068
1,<cdt.causality.graph.GES.GES object at 0x0000014D3C9D3F10>,0.7611057758331299,6.0,8.0,0.5989583333333334,0.7988505747126435,0.5714285714285715,0.90625,-5766.826329863802,-6235.854754407403
2,<cdt.causality.graph.CCDr.CCDr object at 0x0000014D3C9DBD30>,1.191251277923584,4.0,6.0,0.6979166666666667,0.6666666666666666,0.5,0.9375,-16192.587892501722,-16240.46652008583
3,<cdt.causality.graph.bnlearn.GS object at 0x0000014D3C9DBD60>,0.3705289363861084,4.0,6.0,0.8,0.9655172413793103,0.7499999999999999,0.9375,-5736.427733859042,-7695.228026639483
4,<cdt.causality.graph.bnlearn.MMPC object at 0x0000014D557122E0>,0.35970067977905273,10.0,24.0,0.6875,0.9137931034482758,0.5454545454545454,0.84375,-3158.7446305099757,-5907.013224476164
5,<cdt.causality.graph.bnlearn.IAMB object at 0x0000014D5368C2E0>,0.36583638191223145,4.0,6.0,0.8,0.9655172413793103,0.7499999999999999,0.9375,-5736.427733859042,-7695.228026639483
6,<cdt.causality.graph.bnlearn.Fast_IAMB object at 0x0000014D5368C2B0>,0.36448001861572266,4.0,6.0,0.8,0.9655172413793103,0.7499999999999999,0.9375,-5736.427733859042,-7695.228026639483
7,<cdt.causality.graph.bnlearn.Inter_IAMB object at 0x0000014D55AE2A60>,0.36902284622192383,4.0,6.0,0.8,0.9655172413793103,0.7499999999999999,0.9375,-5736.427733859042,-7695.228026639483
