,Algorithm,Duration,SHD,SID,PR AUC,ROC AUC,F1,Accuracy,BDeu,BIC
0,<cdt.causality.graph.PC.PC object at 0x0000014D3CC08040>,1.8370168209075928,6.0,18.0,0.5989583333333334,0.7988505747126435,0.5714285714285715,0.90625,-5575.73722135965,-5744.325168376244
1,<cdt.causality.graph.GES.GES object at 0x0000014D3C9D3F10>,0.7730348110198975,8.0,5.0,0.4609375,0.7068965517241379,0.42857142857142855,0.875,-12879.643381315072,-13602.149175189183
2,<cdt.causality.graph.CCDr.CCDr object at 0x0000014D3C9DBD30>,1.193113088607788,4.0,6.0,0.6979166666666667,0.6666666666666666,0.5,0.9375,-16178.388698315553,-16226.23797633732
3,<cdt.causality.graph.bnlearn.GS object at 0x0000014D3C9DBD60>,0.36891603469848633,4.0,6.0,0.8,0.9655172413793103,0.7499999999999999,0.9375,-5734.125864889446,-7692.918133232572
4,<cdt.causality.graph.bnlearn.MMPC object at 0x0000014D557122E0>,0.35514330863952637,10.0,24.0,0.6875,0.9137931034482758,0.5454545454545454,0.84375,-3170.2422066911076,-5918.559516462369
5,<cdt.causality.graph.bnlearn.IAMB object at 0x0000014D5368C2E0>,0.3624081611633301,4.0,6.0,0.8,0.9655172413793103,0.7499999999999999,0.9375,-5734.125864889446,-7692.918133232572
6,<cdt.causality.graph.bnlearn.Fast_IAMB object at 0x0000014D5368C2B0>,0.3659837245941162,4.0,6.0,0.8,0.9655172413793103,0.7499999999999999,0.9375,-5734.125864889446,-7692.918133232572
7,<cdt.causality.graph.bnlearn.Inter_IAMB object at 0x0000014D55AE2A60>,0.3889274597167969,4.0,6.0,0.8,0.9655172413793103,0.7499999999999999,0.9375,-5734.125864889446,-7692.918133232572
