,Algorithm,Duration,SHD,SID,PR AUC,ROC AUC,F1,Accuracy,BDeu,BIC
0,<cdt.causality.graph.PC.PC object at 0x0000014D3CC08040>,1.8402574062347412,6.0,18.0,0.5989583333333334,0.7988505747126435,0.5714285714285715,0.90625,-5657.067179679587,-5825.486405480636
1,<cdt.causality.graph.GES.GES object at 0x0000014D3C9D3F10>,0.7790052890777588,6.0,5.0,0.5989583333333334,0.7988505747126435,0.5714285714285715,0.90625,-10107.6983607423,-10722.418467213827
2,<cdt.causality.graph.CCDr.CCDr object at 0x0000014D3C9DBD30>,1.1829581260681152,4.0,6.0,0.6979166666666667,0.6666666666666666,0.5,0.9375,-16185.868942174995,-16233.776346574441
3,<cdt.causality.graph.bnlearn.GS object at 0x0000014D3C9DBD60>,0.36067962646484375,4.0,6.0,0.8,0.9655172413793103,0.7499999999999999,0.9375,-5735.7290245388995,-7694.528605407873
4,<cdt.causality.graph.bnlearn.MMPC object at 0x0000014D557122E0>,0.360429048538208,10.0,24.0,0.6875,0.9137931034482758,0.5454545454545454,0.84375,-3208.3247836852797,-5956.5899998025425
5,<cdt.causality.graph.bnlearn.IAMB object at 0x0000014D5368C2E0>,0.35856175422668457,4.0,6.0,0.8,0.9655172413793103,0.7499999999999999,0.9375,-5735.7290245388995,-7694.528605407873
6,<cdt.causality.graph.bnlearn.Fast_IAMB object at 0x0000014D5368C2B0>,0.375852108001709,4.0,6.0,0.8,0.9655172413793103,0.7499999999999999,0.9375,-5735.7290245388995,-7694.528605407873
7,<cdt.causality.graph.bnlearn.Inter_IAMB object at 0x0000014D55AE2A60>,0.3682587146759033,4.0,6.0,0.8,0.9655172413793103,0.7499999999999999,0.9375,-5735.7290245388995,-7694.528605407873
