,Algorithm,Duration,SHD,SID,PR AUC,ROC AUC,F1,Accuracy,BDeu,BIC
0,<cdt.causality.graph.PC.PC object at 0x0000023152418040>,1.8406760692596436,6.0,18.0,0.5989583333333334,0.7988505747126435,0.5714285714285715,0.90625,-5509.642254855249,-5678.16028630992
1,<cdt.causality.graph.GES.GES object at 0x0000023152403F10>,0.7651138305664062,6.0,6.0,0.5989583333333334,0.7988505747126435,0.5714285714285715,0.90625,-11296.89154836872,-11981.527716885534
2,<cdt.causality.graph.CCDr.CCDr object at 0x000002315240BD30>,1.195164442062378,4.0,6.0,0.6979166666666667,0.6666666666666666,0.5,0.9375,-16221.830118402619,-16269.763535448694
3,<cdt.causality.graph.bnlearn.GS object at 0x000002315240BD60>,0.3649613857269287,4.0,6.0,0.8,0.9655172413793103,0.7499999999999999,0.9375,-5734.850900609187,-7693.647046182818
4,<cdt.causality.graph.bnlearn.MMPC object at 0x000002316B142310>,0.35831117630004883,10.0,24.0,0.6875,0.9137931034482758,0.5454545454545454,0.84375,-3116.1363126012257,-5864.342784925112
5,<cdt.causality.graph.bnlearn.IAMB object at 0x000002316A08C310>,0.3596916198730469,4.0,6.0,0.8,0.9655172413793103,0.7499999999999999,0.9375,-5734.850900609187,-7693.647046182818
6,<cdt.causality.graph.bnlearn.Fast_IAMB object at 0x000002316A08C2E0>,0.36499810218811035,4.0,6.0,0.8,0.9655172413793103,0.7499999999999999,0.9375,-5734.850900609187,-7693.647046182818
7,<cdt.causality.graph.bnlearn.Inter_IAMB object at 0x000002316B522A90>,0.3639986515045166,4.0,6.0,0.8,0.9655172413793103,0.7499999999999999,0.9375,-5734.850900609187,-7693.647046182818
