,Algorithm,Duration,SHD,SID,PR AUC,ROC AUC,F1,Accuracy,BDeu,BIC
0,<cdt.causality.graph.PC.PC object at 0x0000014D3CC08040>,1.837653398513794,6.0,18.0,0.5989583333333334,0.7988505747126435,0.5714285714285715,0.90625,-5643.917672034444,-5812.461091639407
1,<cdt.causality.graph.GES.GES object at 0x0000014D3C9D3F10>,0.7688205242156982,6.0,2.0,0.5989583333333334,0.7988505747126435,0.5714285714285715,0.90625,-14447.621091891708,-15208.024076320018
2,<cdt.causality.graph.CCDr.CCDr object at 0x0000014D3C9DBD30>,1.1920139789581299,4.0,6.0,0.6979166666666667,0.6666666666666666,0.5,0.9375,-16142.32532749597,-16190.167742226937
3,<cdt.causality.graph.bnlearn.GS object at 0x0000014D3C9DBD60>,0.35989952087402344,4.0,6.0,0.8,0.9655172413793103,0.7499999999999999,0.9375,-5733.985609081141,-7692.783393351476
4,<cdt.causality.graph.bnlearn.MMPC object at 0x0000014D557122E0>,0.35576438903808594,10.0,24.0,0.6875,0.9137931034482758,0.5454545454545454,0.84375,-3221.6040124681795,-5969.999804275965
5,<cdt.causality.graph.bnlearn.IAMB object at 0x0000014D5368C2E0>,0.3619992733001709,4.0,6.0,0.8,0.9655172413793103,0.7499999999999999,0.9375,-5733.985609081141,-7692.783393351476
6,<cdt.causality.graph.bnlearn.Fast_IAMB object at 0x0000014D5368C2B0>,0.38972949981689453,4.0,6.0,0.8,0.9655172413793103,0.7499999999999999,0.9375,-5733.985609081141,-7692.783393351476
7,<cdt.causality.graph.bnlearn.Inter_IAMB object at 0x0000014D55AE2A60>,0.3670828342437744,4.0,6.0,0.8,0.9655172413793103,0.7499999999999999,0.9375,-5733.985609081141,-7692.783393351476
