,Algorithm,Duration,SHD,SID,PR AUC,ROC AUC,F1,Accuracy,BDeu,BIC
0,<cdt.causality.graph.PC.PC object at 0x0000014D3CC08040>,1.844912052154541,6.0,18.0,0.5989583333333334,0.7988505747126435,0.5714285714285715,0.90625,-5637.445647733461,-5806.121656377551
1,<cdt.causality.graph.GES.GES object at 0x0000014D3C9D3F10>,0.7656943798065186,6.0,2.0,0.5989583333333334,0.7988505747126435,0.5714285714285715,0.90625,-14465.160719411302,-15225.557540718542
2,<cdt.causality.graph.CCDr.CCDr object at 0x0000014D3C9DBD30>,1.1916306018829346,4.0,6.0,0.6979166666666667,0.6666666666666666,0.5,0.9375,-16097.150815646666,-16144.921087799574
3,<cdt.causality.graph.bnlearn.GS object at 0x0000014D3C9DBD60>,0.36398863792419434,4.0,6.0,0.8,0.9655172413793103,0.7499999999999999,0.9375,-5732.121779712027,-7690.922379969634
4,<cdt.causality.graph.bnlearn.MMPC object at 0x0000014D557122E0>,0.35512495040893555,10.0,24.0,0.6875,0.9137931034482758,0.5454545454545454,0.84375,-3238.638188302246,-5987.135810057933
5,<cdt.causality.graph.bnlearn.IAMB object at 0x0000014D5368C2E0>,0.3623788356781006,4.0,6.0,0.8,0.9655172413793103,0.7499999999999999,0.9375,-5732.121779712027,-7690.922379969634
6,<cdt.causality.graph.bnlearn.Fast_IAMB object at 0x0000014D5368C2B0>,0.4310007095336914,4.0,6.0,0.8,0.9655172413793103,0.7499999999999999,0.9375,-5732.121779712027,-7690.922379969634
7,<cdt.causality.graph.bnlearn.Inter_IAMB object at 0x0000014D55AE2A60>,0.36130523681640625,4.0,6.0,0.8,0.9655172413793103,0.7499999999999999,0.9375,-5732.121779712027,-7690.922379969634
