,Algorithm,Duration,SHD,SID,PR AUC,ROC AUC,F1,Accuracy,BDeu,BIC
0,<cdt.causality.graph.PC.PC object at 0x0000023152418040>,1.862816333770752,6.0,18.0,0.5989583333333334,0.7988505747126435,0.5714285714285715,0.90625,-5543.681648387816,-5711.975982336637
1,<cdt.causality.graph.GES.GES object at 0x0000023152403F10>,0.7701268196105957,6.0,8.0,0.5989583333333334,0.7988505747126435,0.5714285714285715,0.90625,-5766.3235737135865,-6235.357987914784
2,<cdt.causality.graph.CCDr.CCDr object at 0x000002315240BD30>,1.1907751560211182,4.0,6.0,0.6979166666666667,0.6666666666666666,0.5,0.9375,-16291.772640335592,-16339.809775445758
3,<cdt.causality.graph.bnlearn.GS object at 0x000002315240BD60>,0.3634626865386963,11.0,15.0,0.6764705882352942,0.9051724137931034,0.5217391304347826,0.828125,-4209.547707224291,-8766.50205680313
4,<cdt.causality.graph.bnlearn.MMPC object at 0x000002316B142310>,0.3540799617767334,14.0,24.0,0.65,0.8793103448275862,0.4615384615384615,0.78125,-2917.842528022108,-7869.544400977113
5,<cdt.causality.graph.bnlearn.IAMB object at 0x000002316A08C310>,0.361217737197876,11.0,15.0,0.6764705882352942,0.9051724137931034,0.5217391304347826,0.828125,-4209.547707224291,-8766.50205680313
6,<cdt.causality.graph.bnlearn.Fast_IAMB object at 0x000002316A08C2E0>,0.36267662048339844,11.0,15.0,0.6764705882352942,0.9051724137931034,0.5217391304347826,0.828125,-4209.547707224291,-8766.50205680313
7,<cdt.causality.graph.bnlearn.Inter_IAMB object at 0x000002316B522A90>,0.3630645275115967,11.0,15.0,0.6764705882352942,0.9051724137931034,0.5217391304347826,0.828125,-4209.547707224291,-8766.50205680313
