,Algorithm,Score,No. of calls,SHD,SID,PR AUC,ROC AUC,F1,Accuracy,BDeu,BIC
0,hc,bde,360.0,4.0,0.0,0.875,0.9918032786885246,0.8571428571428571,0.984375,-2420.8653887049113,-5112.377481946372
1,hc,bic,300.0,8.0,16.0,0.6744791666666666,0.8251366120218578,0.6666666666666666,0.96875,-2543.3822425222143,-2770.830212622446
2,tabu,bde,631.0,4.0,0.0,0.875,0.9918032786885246,0.8571428571428571,0.984375,-2420.8653887049113,-5112.377481946372
3,tabu,bic,584.0,8.0,16.0,0.6744791666666666,0.8251366120218578,0.6666666666666666,0.96875,-2543.3822425222143,-2770.830212622446
