,Algorithm,Duration,SHD,SID,PR AUC,ROC AUC,F1,Accuracy,BDeu,BIC
0,<cdt.causality.graph.PC.PC object at 0x000002B43EED8040>,2.0496506690979004,20.0,46.0,0.33515625000000004,0.5457627118644068,0.16666666666666669,0.921875,-6930.242538942288,-7001.992471290763
1,<cdt.causality.graph.GES.GES object at 0x000002B457E022E0>,0.7670750617980957,22.0,26.0,0.5708147321428572,0.7932203389830508,0.5416666666666667,0.9140625,-6603.833763458829,-333219.10602969996
2,<cdt.causality.graph.CCDr.CCDr object at 0x000002B43EECBD60>,1.302074670791626,18.0,36.0,0.58515625,0.55,0.18181818181818182,0.9296875,-8278.14723862745,-8324.975154606662
3,<cdt.causality.graph.bnlearn.GS object at 0x000002B43EECBD30>,0.3967883586883545,22.0,65.0,0.6431066176470588,0.861864406779661,0.5925925925925927,0.9140625,-4674.901277453933,-33298.654040626825
4,<cdt.causality.graph.bnlearn.MMPC object at 0x000002B43EEC3FA0>,0.3419976234436035,34.0,107.0,0.6851851851851851,0.9279661016949152,0.5405405405405406,0.8671875,-4214.019594869448,-68319.44026079269
5,<cdt.causality.graph.bnlearn.IAMB object at 0x000002B455B4C2B0>,0.38625454902648926,20.0,48.0,0.634765625,0.8432203389830507,0.6,0.921875,-4739.973861204034,-30451.598667125472
6,<cdt.causality.graph.bnlearn.Fast_IAMB object at 0x000002B455B4C2E0>,0.38634181022644043,22.0,65.0,0.6431066176470588,0.861864406779661,0.5925925925925927,0.9140625,-4674.901277453933,-33298.654040626825
7,<cdt.causality.graph.bnlearn.Inter_IAMB object at 0x000002B457FC2A60>,0.3994450569152832,20.0,48.0,0.634765625,0.8432203389830507,0.6,0.921875,-4739.973861204034,-30451.598667125472
