,Algorithm,Duration,SHD,SID,PR AUC,ROC AUC,F1,Accuracy,BDeu,BIC
0,<cdt.causality.graph.PC.PC object at 0x0000028D9C4C8040>,2.0440943241119385,20.0,46.0,0.33515625000000004,0.5457627118644068,0.16666666666666669,0.921875,-6915.766868808723,-6988.278099834361
1,<cdt.causality.graph.GES.GES object at 0x0000028DB51C2310>,0.773998498916626,17.0,24.0,0.6836745689655173,0.872457627118644,0.6530612244897959,0.93359375,-6345.550425827768,-102527.36451320404
2,<cdt.causality.graph.CCDr.CCDr object at 0x0000028D9C4BBD60>,1.3121483325958252,18.0,36.0,0.58515625,0.55,0.18181818181818182,0.9296875,-8269.849336282598,-8317.5224816556
3,<cdt.causality.graph.bnlearn.GS object at 0x0000028D9C4BBD30>,0.3861558437347412,18.0,41.0,0.6095052083333332,0.8016949152542372,0.5909090909090908,0.9296875,-5054.598171776459,-9215.726140653018
4,<cdt.causality.graph.bnlearn.MMPC object at 0x0000028D9C4B3FA0>,0.34476780891418457,34.0,106.0,0.6851851851851851,0.9279661016949152,0.5405405405405406,0.8671875,-4477.466780190185,-58617.34516164803
5,<cdt.causality.graph.bnlearn.IAMB object at 0x0000028DB310C2E0>,0.3727710247039795,18.0,41.0,0.6095052083333332,0.8016949152542372,0.5909090909090908,0.9296875,-5054.598171776459,-9215.726140653018
6,<cdt.causality.graph.bnlearn.Fast_IAMB object at 0x0000028DB310C310>,0.3731520175933838,20.0,41.0,0.5886718750000001,0.7974576271186441,0.5652173913043479,0.921875,-4963.947499673112,-15461.133891628539
7,<cdt.causality.graph.bnlearn.Inter_IAMB object at 0x0000028DB5582A90>,0.38484668731689453,18.0,41.0,0.6095052083333332,0.8016949152542372,0.5909090909090908,0.9296875,-5054.598171776459,-9215.726140653018
