,Algorithm,Duration,SHD,SID,PR AUC,ROC AUC,F1,Accuracy,BDeu,BIC
0,<cdt.causality.graph.PC.PC object at 0x000002B43EED8040>,2.061903953552246,20.0,46.0,0.33515625000000004,0.5457627118644068,0.16666666666666669,0.921875,-6926.112772071913,-6997.998998187405
1,<cdt.causality.graph.GES.GES object at 0x000002B457E022E0>,0.7683157920837402,21.0,24.0,0.6030980603448276,0.8182203389830508,0.5714285714285714,0.91796875,-6611.172725678121,-172683.0150014421
2,<cdt.causality.graph.CCDr.CCDr object at 0x000002B43EECBD60>,1.2640612125396729,18.0,36.0,0.58515625,0.55,0.18181818181818182,0.9296875,-8273.723819480647,-8320.682299208194
3,<cdt.causality.graph.bnlearn.GS object at 0x000002B43EECBD30>,0.39804625511169434,22.0,54.0,0.6431066176470588,0.861864406779661,0.5925925925925927,0.9140625,-4730.037504317581,-35781.68838468565
4,<cdt.causality.graph.bnlearn.MMPC object at 0x000002B43EEC3FA0>,0.33789682388305664,34.0,107.0,0.6596454326923077,0.9050847457627118,0.5277777777777778,0.8671875,-4189.013685898875,-55500.80465913794
5,<cdt.causality.graph.bnlearn.IAMB object at 0x000002B455B4C2B0>,0.382981538772583,20.0,37.0,0.634765625,0.8432203389830507,0.6,0.921875,-4796.576551457307,-33681.51455977344
6,<cdt.causality.graph.bnlearn.Fast_IAMB object at 0x000002B455B4C2E0>,0.40497303009033203,22.0,54.0,0.6431066176470588,0.861864406779661,0.5925925925925927,0.9140625,-4730.037504317581,-35781.68838468565
7,<cdt.causality.graph.bnlearn.Inter_IAMB object at 0x000002B457FC2A60>,0.4010334014892578,20.0,37.0,0.634765625,0.8432203389830507,0.6,0.921875,-4796.576551457307,-33681.51455977344
