,Algorithm,Duration,SHD,SID,PR AUC,ROC AUC,F1,Accuracy,BDeu,BIC
0,<cdt.causality.graph.PC.PC object at 0x000002B43EED8040>,2.0616397857666016,20.0,46.0,0.33515625000000004,0.5457627118644068,0.16666666666666669,0.921875,-6829.320918993423,-6899.98329195424
1,<cdt.causality.graph.GES.GES object at 0x000002B457E022E0>,0.7699999809265137,22.0,14.0,0.619140625,0.8389830508474576,0.5769230769230769,0.9140625,-7531.160333228276,-118945.30817103689
2,<cdt.causality.graph.CCDr.CCDr object at 0x000002B43EECBD60>,1.3011415004730225,18.0,36.0,0.58515625,0.55,0.18181818181818182,0.9296875,-8183.747368866451,-8229.576299533137
3,<cdt.causality.graph.bnlearn.GS object at 0x000002B43EECBD30>,0.3837890625,22.0,53.0,0.6431066176470588,0.861864406779661,0.5925925925925927,0.9140625,-4938.504633426397,-23489.405624676103
4,<cdt.causality.graph.bnlearn.MMPC object at 0x000002B43EEC3FA0>,0.33752965927124023,34.0,107.0,0.6851851851851851,0.9279661016949152,0.5405405405405406,0.8671875,-4255.319600742077,-68388.83109258732
5,<cdt.causality.graph.bnlearn.IAMB object at 0x000002B455B4C2B0>,0.377927303314209,20.0,46.0,0.6578125000000001,0.8661016949152542,0.6153846153846154,0.921875,-5021.805167481963,-23446.434520336818
6,<cdt.causality.graph.bnlearn.Fast_IAMB object at 0x000002B455B4C2E0>,0.37662839889526367,20.0,54.0,0.6578125000000001,0.8661016949152542,0.6153846153846154,0.921875,-4981.153866779328,-20252.296387763326
7,<cdt.causality.graph.bnlearn.Inter_IAMB object at 0x000002B457FC2A60>,0.3965909481048584,20.0,46.0,0.6578125000000001,0.8661016949152542,0.6153846153846154,0.921875,-5021.805167481963,-23446.434520336818
