,Algorithm,Duration,SHD,SID,PR AUC,ROC AUC,F1,Accuracy,BDeu,BIC
0,<cdt.causality.graph.PC.PC object at 0x000002B43EED8040>,2.0507466793060303,20.0,46.0,0.33515625000000004,0.5457627118644068,0.16666666666666669,0.921875,-6910.019763405875,-6982.864414435736
1,<cdt.causality.graph.GES.GES object at 0x000002B457E022E0>,0.7680163383483887,21.0,12.0,0.6030980603448276,0.8182203389830508,0.5714285714285714,0.91796875,-6894.405029842657,-58505.72474805947
2,<cdt.causality.graph.CCDr.CCDr object at 0x000002B43EECBD60>,1.3101387023925781,18.0,36.0,0.58515625,0.55,0.18181818181818182,0.9296875,-8259.680809575235,-8307.627006885177
3,<cdt.causality.graph.bnlearn.GS object at 0x000002B43EECBD30>,0.3867003917694092,16.0,18.0,0.6935267857142857,0.8745762711864408,0.6666666666666666,0.9375,-4917.571602491933,-45932.8498498407
4,<cdt.causality.graph.bnlearn.MMPC object at 0x000002B43EEC3FA0>,0.34369754791259766,36.0,108.0,0.6785714285714286,0.923728813559322,0.5263157894736842,0.859375,-4349.416513534819,-89619.58955562323
5,<cdt.causality.graph.bnlearn.IAMB object at 0x000002B455B4C2B0>,0.3845546245574951,16.0,18.0,0.6935267857142857,0.8745762711864408,0.6666666666666666,0.9375,-4917.571602491933,-45932.8498498407
6,<cdt.causality.graph.bnlearn.Fast_IAMB object at 0x000002B455B4C2E0>,0.3754997253417969,16.0,18.0,0.6935267857142857,0.8745762711864408,0.6666666666666666,0.9375,-4917.571602491933,-45932.8498498407
7,<cdt.causality.graph.bnlearn.Inter_IAMB object at 0x000002B457FC2A60>,0.3820016384124756,16.0,18.0,0.6935267857142857,0.8745762711864408,0.6666666666666666,0.9375,-4917.571602491933,-45932.8498498407
