,Algorithm,Duration,SHD,SID,PR AUC,ROC AUC,F1,Accuracy,BDeu,BIC
0,<cdt.causality.graph.PC.PC object at 0x000002B43EED8040>,2.051621198654175,20.0,46.0,0.33515625000000004,0.5457627118644068,0.16666666666666669,0.921875,-6883.038576890658,-6954.276257769754
1,<cdt.causality.graph.GES.GES object at 0x000002B457E022E0>,0.766655683517456,16.0,18.0,0.6533854166666667,0.8288135593220338,0.6363636363636365,0.9375,-5569.179544608614,-34117.421179203266
2,<cdt.causality.graph.CCDr.CCDr object at 0x000002B43EECBD60>,1.3246383666992188,18.0,36.0,0.58515625,0.55,0.18181818181818182,0.9296875,-8236.944199489755,-8283.341549635112
3,<cdt.causality.graph.bnlearn.GS object at 0x000002B43EECBD30>,0.39128541946411133,15.0,20.0,0.7041087962962963,0.8766949152542374,0.6808510638297872,0.94140625,-4929.207030850903,-31325.403092172837
4,<cdt.causality.graph.bnlearn.MMPC object at 0x000002B43EEC3FA0>,0.34299659729003906,32.0,106.0,0.6923076923076923,0.9322033898305085,0.5555555555555556,0.875,-4254.323160650916,-52459.57642471511
5,<cdt.causality.graph.bnlearn.IAMB object at 0x000002B455B4C2B0>,0.38588881492614746,15.0,20.0,0.7041087962962963,0.8766949152542374,0.6808510638297872,0.94140625,-4929.207030850903,-31325.403092172837
6,<cdt.causality.graph.bnlearn.Fast_IAMB object at 0x000002B455B4C2E0>,0.3848898410797119,14.0,21.0,0.7155048076923077,0.8788135593220339,0.6956521739130435,0.9453125,-5056.24830530927,-18715.377154717386
7,<cdt.causality.graph.bnlearn.Inter_IAMB object at 0x000002B457FC2A60>,0.38760972023010254,15.0,20.0,0.7041087962962963,0.8766949152542374,0.6808510638297872,0.94140625,-4929.207030850903,-31325.403092172837
