,Algorithm,Duration,SHD,SID,PR AUC,ROC AUC,F1,Accuracy,BDeu,BIC
0,<cdt.causality.graph.PC.PC object at 0x000002B43EED8040>,2.0571064949035645,20.0,46.0,0.33515625000000004,0.5457627118644068,0.16666666666666669,0.921875,-6913.861797903057,-6986.300776490136
1,<cdt.causality.graph.GES.GES object at 0x000002B457E022E0>,0.7700371742248535,24.0,15.0,0.5553385416666667,0.7889830508474576,0.5199999999999999,0.90625,-7651.581859199035,-128696.80637240146
2,<cdt.causality.graph.CCDr.CCDr object at 0x000002B43EECBD60>,1.308227300643921,18.0,36.0,0.58515625,0.55,0.18181818181818182,0.9296875,-8264.940417909009,-8312.498267464285
3,<cdt.causality.graph.bnlearn.GS object at 0x000002B43EECBD30>,0.3960762023925781,16.0,27.0,0.6935267857142857,0.8745762711864408,0.6666666666666666,0.9375,-5065.2969774954,-33302.99515639978
4,<cdt.causality.graph.bnlearn.MMPC object at 0x000002B43EEC3FA0>,0.3347756862640381,36.0,108.0,0.6528790509259259,0.9008474576271185,0.5135135135135135,0.859375,-4287.385102039447,-76758.931554845
5,<cdt.causality.graph.bnlearn.IAMB object at 0x000002B455B4C2B0>,0.39299845695495605,16.0,24.0,0.7141927083333333,0.8974576271186441,0.68,0.9375,-4973.949067195081,-48280.580869513324
6,<cdt.causality.graph.bnlearn.Fast_IAMB object at 0x000002B455B4C2E0>,0.38554954528808594,16.0,24.0,0.7141927083333333,0.8974576271186441,0.68,0.9375,-4973.949067195081,-48280.580869513324
7,<cdt.causality.graph.bnlearn.Inter_IAMB object at 0x000002B457FC2A60>,0.39432811737060547,16.0,24.0,0.7141927083333333,0.8974576271186441,0.68,0.9375,-4973.949067195081,-48280.580869513324
