,Algorithm,Duration,SHD,SID,PR AUC,ROC AUC,F1,Accuracy,BDeu,BIC
0,<cdt.causality.graph.PC.PC object at 0x000002B43EED8040>,2.0635673999786377,20.0,46.0,0.33515625000000004,0.5457627118644068,0.16666666666666669,0.921875,-6892.511004918796,-6964.359030500631
1,<cdt.causality.graph.GES.GES object at 0x000002B457E022E0>,0.8213651180267334,26.0,15.0,0.541796875,0.7847457627118644,0.5000000000000001,0.8984375,-7636.954964897919,-115780.05042774157
2,<cdt.causality.graph.CCDr.CCDr object at 0x000002B43EECBD60>,1.3425467014312744,18.0,36.0,0.58515625,0.55,0.18181818181818182,0.9296875,-8244.503149011169,-8291.484971889491
3,<cdt.causality.graph.bnlearn.GS object at 0x000002B43EECBD30>,0.4022655487060547,15.0,16.0,0.7442288306451613,0.9224576271186441,0.7058823529411764,0.94140625,-5064.085303640705,-50642.124685202136
4,<cdt.causality.graph.bnlearn.MMPC object at 0x000002B43EEC3FA0>,0.45382261276245117,38.0,108.0,0.6724137931034483,0.9194915254237288,0.5128205128205129,0.8515625,-4646.6906877441625,-128682.49913233607
5,<cdt.causality.graph.bnlearn.IAMB object at 0x000002B455B4C2B0>,0.3889620304107666,15.0,16.0,0.7442288306451613,0.9224576271186441,0.7058823529411764,0.94140625,-5064.085303640705,-50642.124685202136
6,<cdt.causality.graph.bnlearn.Fast_IAMB object at 0x000002B455B4C2E0>,0.3901817798614502,15.0,16.0,0.7442288306451613,0.9224576271186441,0.7058823529411764,0.94140625,-5064.085303640705,-50642.124685202136
7,<cdt.causality.graph.bnlearn.Inter_IAMB object at 0x000002B457FC2A60>,0.3896448612213135,15.0,16.0,0.7442288306451613,0.9224576271186441,0.7058823529411764,0.94140625,-5064.085303640705,-50642.124685202136
