,Algorithm,Duration,SHD,SID,PR AUC,ROC AUC,F1,Accuracy,BDeu,BIC
0,<cdt.causality.graph.PC.PC object at 0x0000028D9C4C8040>,2.074740409851074,20.0,46.0,0.33515625000000004,0.5457627118644068,0.16666666666666669,0.921875,-6942.870727305412,-7015.009026826184
1,<cdt.causality.graph.GES.GES object at 0x0000028DB51C2310>,0.7679977416992188,21.0,18.0,0.555625,0.7724576271186442,0.5333333333333332,0.91796875,-6714.919254271292,-32131.563304600913
2,<cdt.causality.graph.CCDr.CCDr object at 0x0000028D9C4BBD60>,1.311997652053833,18.0,36.0,0.58515625,0.55,0.18181818181818182,0.9296875,-8296.232790896622,-8343.523028806974
3,<cdt.causality.graph.bnlearn.GS object at 0x0000028D9C4BBD30>,0.39850568771362305,18.0,20.0,0.6744791666666666,0.8703389830508474,0.64,0.9296875,-4983.544952335189,-20005.89179367939
4,<cdt.causality.graph.bnlearn.MMPC object at 0x0000028D9C4B3FA0>,0.3379988670349121,34.0,107.0,0.6596454326923077,0.9050847457627118,0.5277777777777778,0.8671875,-4178.952749366965,-55485.451343600376
5,<cdt.causality.graph.bnlearn.IAMB object at 0x0000028DB310C2E0>,0.37700676918029785,14.0,20.0,0.7155048076923077,0.8788135593220339,0.6956521739130435,0.9453125,-4924.180437488276,-19646.97237269611
6,<cdt.causality.graph.bnlearn.Fast_IAMB object at 0x0000028DB310C310>,0.3738257884979248,14.0,20.0,0.7155048076923077,0.8788135593220339,0.6956521739130435,0.9453125,-4924.180437488276,-19646.97237269611
7,<cdt.causality.graph.bnlearn.Inter_IAMB object at 0x0000028DB5582A90>,0.41530752182006836,14.0,20.0,0.7155048076923077,0.8788135593220339,0.6956521739130435,0.9453125,-4924.180437488276,-19646.97237269611
