,Algorithm,Duration,SHD,SID,PR AUC,ROC AUC,F1,Accuracy,BDeu,BIC
0,<cdt.causality.graph.PC.PC object at 0x000002B43EED8040>,2.142946243286133,20.0,46.0,0.33515625000000004,0.5457627118644068,0.16666666666666669,0.921875,-6923.292298970399,-6995.504166500268
1,<cdt.causality.graph.GES.GES object at 0x000002B457E022E0>,0.7745449542999268,21.0,16.0,0.5317085597826087,0.7495762711864408,0.5116279069767442,0.91796875,-6162.169475410884,-21123.279976755854
2,<cdt.causality.graph.CCDr.CCDr object at 0x000002B43EECBD60>,1.2816760540008545,18.0,36.0,0.58515625,0.55,0.18181818181818182,0.9296875,-8273.905072234666,-8321.232681434092
3,<cdt.causality.graph.bnlearn.GS object at 0x000002B43EECBD30>,0.3969998359680176,16.0,20.0,0.6732271634615384,0.8516949152542372,0.6521739130434783,0.9375,-4871.541039044918,-14947.506449053346
4,<cdt.causality.graph.bnlearn.MMPC object at 0x000002B43EEC3FA0>,0.33790063858032227,36.0,107.0,0.6528790509259259,0.9008474576271185,0.5135135135135135,0.859375,-4346.48717565224,-61653.971940549134
5,<cdt.causality.graph.bnlearn.IAMB object at 0x000002B455B4C2B0>,0.3886244297027588,16.0,20.0,0.6732271634615384,0.8516949152542372,0.6521739130434783,0.9375,-4871.541039044918,-14947.506449053346
6,<cdt.causality.graph.bnlearn.Fast_IAMB object at 0x000002B455B4C2E0>,0.3958709239959717,16.0,20.0,0.6732271634615384,0.8516949152542372,0.6521739130434783,0.9375,-4871.541039044918,-14947.506449053346
7,<cdt.causality.graph.bnlearn.Inter_IAMB object at 0x000002B457FC2A60>,0.42716479301452637,16.0,20.0,0.6732271634615384,0.8516949152542372,0.6521739130434783,0.9375,-4871.541039044918,-14947.506449053346
