,Algorithm,Score,No. of calls,SHD,SID,PR AUC,ROC AUC,F1,Accuracy,BDeu,BIC
0,hc,bde,360.0,4.0,0.0,0.875,0.9918032786885246,0.8571428571428571,0.984375,-554801.0211170965,-560430.9336289329
1,hc,bic,300.0,0.0,0.0,1.0,1.0,1.0,1.0,-554821.539755583,-556276.1387677196
2,tabu,bde,631.0,4.0,0.0,0.875,0.9918032786885246,0.8571428571428571,0.984375,-554801.0211170965,-560430.9336289329
3,tabu,bic,571.0,0.0,0.0,1.0,1.0,1.0,1.0,-554821.539755583,-556276.1387677196
