,Algorithm,Duration,SHD,SID,PR AUC,ROC AUC,F1,Accuracy,BDeu,BIC
0,<cdt.causality.graph.PC.PC object at 0x0000024DF6168040>,2.022606134414673,12.0,24.0,0.4322916666666667,0.6584699453551912,0.4,0.953125,-5377.355479536028,-5509.389287593097
1,<cdt.causality.graph.GES.GES object at 0x0000024D8F0C2310>,0.776017427444458,15.0,10.0,0.5073146446078431,0.7711748633879781,0.4827586206896552,0.94140625,-6448.75307484985,-7567.426441699603
2,<cdt.causality.graph.CCDr.CCDr object at 0x0000024DF615BD60>,1.3016622066497803,8.0,12.0,0.6822916666666667,0.6666666666666666,0.5,0.96875,-8082.007207765485,-8164.318064710245
3,<cdt.causality.graph.bnlearn.GS object at 0x0000024DF615BD30>,0.3451666831970215,8.0,12.0,0.8,0.9836065573770492,0.7499999999999999,0.96875,-3098.075919784355,-6286.5324258541
4,<cdt.causality.graph.bnlearn.MMPC object at 0x0000024DF6153FA0>,0.33707237243652344,20.0,48.0,0.6875,0.959016393442623,0.5454545454545454,0.921875,-1951.0604635031461,-6416.802720742652
5,<cdt.causality.graph.bnlearn.IAMB object at 0x0000024DFEE0C2E0>,0.345947265625,8.0,12.0,0.8,0.9836065573770492,0.7499999999999999,0.96875,-3098.075919784355,-6286.5324258541
6,<cdt.causality.graph.bnlearn.Fast_IAMB object at 0x0000024DFEE0C310>,0.34564805030822754,8.0,12.0,0.8,0.9836065573770492,0.7499999999999999,0.96875,-3098.075919784355,-6286.5324258541
7,<cdt.causality.graph.bnlearn.Inter_IAMB object at 0x0000024D8F262A90>,0.34493494033813477,8.0,12.0,0.8,0.9836065573770492,0.7499999999999999,0.96875,-3098.075919784355,-6286.5324258541
