,Algorithm,Duration,SHD,SID,PR AUC,ROC AUC,F1,Accuracy,BDeu,BIC
0,<cdt.causality.graph.PC.PC object at 0x0000020A23438040>,2.262193202972412,12.0,24.0,0.4322916666666667,0.6584699453551912,0.4,0.953125,-5485.95896235762,-5618.67020701437
1,<cdt.causality.graph.GES.GES object at 0x0000020A3C1632E0>,0.8260011672973633,18.0,13.0,0.3782552083333333,0.6857923497267759,0.35714285714285715,0.9296875,-6703.370270054894,-7868.145903479175
2,<cdt.causality.graph.CCDr.CCDr object at 0x0000020A2342BD60>,1.371225357055664,8.0,12.0,0.6822916666666667,0.6666666666666666,0.5,0.96875,-8192.431285927183,-8275.442301839003
3,<cdt.causality.graph.bnlearn.GS object at 0x0000020A2342BD30>,0.3490009307861328,8.0,12.0,0.8,0.9836065573770492,0.7499999999999999,0.96875,-3091.7742277479124,-6280.1815966005315
4,<cdt.causality.graph.bnlearn.MMPC object at 0x0000020A23423FA0>,0.39016079902648926,24.0,48.0,0.6666666666666666,0.9508196721311475,0.5,0.90625,-1996.5470208760973,-8144.341761796762
5,<cdt.causality.graph.bnlearn.IAMB object at 0x0000020A3A0CC2B0>,0.3491940498352051,8.0,12.0,0.8,0.9836065573770492,0.7499999999999999,0.96875,-3091.7742277479124,-6280.1815966005315
6,<cdt.causality.graph.bnlearn.Fast_IAMB object at 0x0000020A3A0CC2E0>,0.3623192310333252,8.0,12.0,0.8,0.9836065573770492,0.7499999999999999,0.96875,-3091.7742277479124,-6280.1815966005315
7,<cdt.causality.graph.bnlearn.Inter_IAMB object at 0x0000020A3C522A60>,0.3421339988708496,8.0,12.0,0.8,0.9836065573770492,0.7499999999999999,0.96875,-3091.7742277479124,-6280.1815966005315
