,Algorithm,Duration,SHD,SID,PR AUC,ROC AUC,F1,Accuracy,BDeu,BIC
0,<cdt.causality.graph.PC.PC object at 0x0000020A23438040>,2.0220820903778076,12.0,24.0,0.4322916666666667,0.6584699453551912,0.4,0.953125,-5457.375148751708,-5589.840743910546
1,<cdt.causality.graph.GES.GES object at 0x0000020A3C1632E0>,0.7618882656097412,15.0,11.0,0.551672149122807,0.8107923497267758,0.5161290322580646,0.94140625,-5321.13360150099,-6252.587424604973
2,<cdt.causality.graph.CCDr.CCDr object at 0x0000020A2342BD60>,1.3912086486816406,8.0,12.0,0.6822916666666667,0.6666666666666666,0.5,0.96875,-8159.079744862437,-8241.780330796348
3,<cdt.causality.graph.bnlearn.GS object at 0x0000020A2342BD30>,0.45799756050109863,19.0,21.0,0.6935483870967742,0.9610655737704917,0.5581395348837209,0.92578125,-2952.877509785407,-19463.744203557344
4,<cdt.causality.graph.bnlearn.MMPC object at 0x0000020A23423FA0>,0.4109973907470703,28.0,48.0,0.65,0.9426229508196721,0.4615384615384615,0.890625,-2105.340586138581,-20416.802190712944
5,<cdt.causality.graph.bnlearn.IAMB object at 0x0000020A3A0CC2B0>,0.35303497314453125,19.0,21.0,0.6935483870967742,0.9610655737704917,0.5581395348837209,0.92578125,-2952.877509785407,-19463.744203557344
6,<cdt.causality.graph.bnlearn.Fast_IAMB object at 0x0000020A3A0CC2E0>,0.3572854995727539,20.0,21.0,0.6875,0.959016393442623,0.5454545454545454,0.921875,-2977.5418339724442,-19496.39731153015
7,<cdt.causality.graph.bnlearn.Inter_IAMB object at 0x0000020A3C522A60>,0.4470021724700928,19.0,21.0,0.6935483870967742,0.9610655737704917,0.5581395348837209,0.92578125,-2952.877509785407,-19463.744203557344
