,Algorithm,Duration,SHD,SID,PR AUC,ROC AUC,F1,Accuracy,BDeu,BIC
0,<cdt.causality.graph.PC.PC object at 0x0000020A23438040>,2.001418352127075,12.0,24.0,0.4322916666666667,0.6584699453551912,0.4,0.953125,-5510.970669264698,-5643.58533895502
1,<cdt.causality.graph.GES.GES object at 0x0000020A3C1632E0>,0.7750072479248047,16.0,17.0,0.62890625,0.8879781420765028,0.5555555555555556,0.9375,-4990.432720414208,-8702.729235532737
2,<cdt.causality.graph.CCDr.CCDr object at 0x0000020A2342BD60>,1.2860543727874756,8.0,12.0,0.6822916666666667,0.6666666666666666,0.5,0.96875,-8218.663328614528,-8301.59561286606
3,<cdt.causality.graph.bnlearn.GS object at 0x0000020A2342BD30>,0.34106922149658203,15.0,21.0,0.7222222222222222,0.9692622950819672,0.6153846153846153,0.94140625,-2777.1945398210623,-8077.595396904704
4,<cdt.causality.graph.bnlearn.MMPC object at 0x0000020A23423FA0>,0.33279848098754883,24.0,48.0,0.6666666666666666,0.9508196721311475,0.5,0.90625,-1815.6231470700384,-8072.780677409258
5,<cdt.causality.graph.bnlearn.IAMB object at 0x0000020A3A0CC2B0>,0.3399972915649414,15.0,21.0,0.7222222222222222,0.9692622950819672,0.6153846153846153,0.94140625,-2777.1945398210623,-8077.595396904704
6,<cdt.causality.graph.bnlearn.Fast_IAMB object at 0x0000020A3A0CC2E0>,0.34733033180236816,15.0,21.0,0.7222222222222222,0.9692622950819672,0.6153846153846153,0.94140625,-2777.1945398210623,-8077.595396904704
7,<cdt.causality.graph.bnlearn.Inter_IAMB object at 0x0000020A3C522A60>,0.34073448181152344,15.0,21.0,0.7222222222222222,0.9692622950819672,0.6153846153846153,0.94140625,-2777.1945398210623,-8077.595396904704
