,Algorithm,Duration,SHD,SID,PR AUC,ROC AUC,F1,Accuracy,BDeu,BIC
0,<cdt.causality.graph.PC.PC object at 0x0000020A23438040>,1.9913034439086914,12.0,24.0,0.4322916666666667,0.6584699453551912,0.4,0.953125,-5478.1038510026865,-5610.75801182859
1,<cdt.causality.graph.GES.GES object at 0x0000020A3C1632E0>,0.7672567367553711,20.0,17.0,0.41171875,0.7213114754098362,0.37499999999999994,0.921875,-5926.153426906279,-11023.035101166184
2,<cdt.causality.graph.CCDr.CCDr object at 0x0000020A2342BD60>,1.3160452842712402,8.0,12.0,0.6822916666666667,0.6666666666666666,0.5,0.96875,-8180.971843126843,-8263.87640310405
3,<cdt.causality.graph.bnlearn.GS object at 0x0000020A2342BD30>,0.34345030784606934,8.0,12.0,0.8,0.9836065573770492,0.7499999999999999,0.96875,-3093.3312841330558,-6281.808388820867
4,<cdt.causality.graph.bnlearn.MMPC object at 0x0000020A23423FA0>,0.3286004066467285,20.0,48.0,0.6875,0.959016393442623,0.5454545454545454,0.921875,-1855.0639249343028,-6319.707652017237
5,<cdt.causality.graph.bnlearn.IAMB object at 0x0000020A3A0CC2B0>,0.3433647155761719,8.0,12.0,0.8,0.9836065573770492,0.7499999999999999,0.96875,-3093.3312841330558,-6281.808388820867
6,<cdt.causality.graph.bnlearn.Fast_IAMB object at 0x0000020A3A0CC2E0>,0.3405439853668213,8.0,12.0,0.8,0.9836065573770492,0.7499999999999999,0.96875,-3093.3312841330558,-6281.808388820867
7,<cdt.causality.graph.bnlearn.Inter_IAMB object at 0x0000020A3C522A60>,0.35408735275268555,8.0,12.0,0.8,0.9836065573770492,0.7499999999999999,0.96875,-3093.3312841330558,-6281.808388820867
