,Algorithm,Duration,SHD,SID,PR AUC,ROC AUC,F1,Accuracy,BDeu,BIC
0,<cdt.causality.graph.PC.PC object at 0x0000020A23438040>,2.0244860649108887,12.0,24.0,0.4322916666666667,0.6584699453551912,0.4,0.953125,-5567.1130348085435,-5700.261064650554
1,<cdt.causality.graph.GES.GES object at 0x0000020A3C1632E0>,0.7690591812133789,13.0,12.0,0.5764399509803922,0.8148907103825136,0.5517241379310345,0.94921875,-4992.681753559543,-6478.539529996258
2,<cdt.causality.graph.CCDr.CCDr object at 0x0000020A2342BD60>,1.342069387435913,8.0,12.0,0.6822916666666667,0.6666666666666666,0.5,0.96875,-8272.635122414911,-8356.071652033601
3,<cdt.causality.graph.bnlearn.GS object at 0x0000020A2342BD30>,0.35352134704589844,8.0,12.0,0.8,0.9836065573770492,0.7499999999999999,0.96875,-3095.4754281501655,-6283.891446989523
4,<cdt.causality.graph.bnlearn.MMPC object at 0x0000020A23423FA0>,0.35199904441833496,32.0,48.0,0.6363636363636364,0.9344262295081966,0.42857142857142855,0.875,-2285.7954805966465,-36054.380906431965
5,<cdt.causality.graph.bnlearn.IAMB object at 0x0000020A3A0CC2B0>,0.3719980716705322,8.0,12.0,0.8,0.9836065573770492,0.7499999999999999,0.96875,-3095.4754281501655,-6283.891446989523
6,<cdt.causality.graph.bnlearn.Fast_IAMB object at 0x0000020A3A0CC2E0>,0.36074018478393555,8.0,12.0,0.8,0.9836065573770492,0.7499999999999999,0.96875,-3095.4754281501655,-6283.891446989523
7,<cdt.causality.graph.bnlearn.Inter_IAMB object at 0x0000020A3C522A60>,0.36031484603881836,8.0,12.0,0.8,0.9836065573770492,0.7499999999999999,0.96875,-3095.4754281501655,-6283.891446989523
