,Algorithm,Duration,SHD,SID,PR AUC,ROC AUC,F1,Accuracy,BDeu,BIC
0,<cdt.causality.graph.PC.PC object at 0x0000020A23438040>,2.008258819580078,12.0,24.0,0.4322916666666667,0.6584699453551912,0.4,0.953125,-5470.609189754316,-5603.348532821981
1,<cdt.causality.graph.GES.GES object at 0x0000020A3C1632E0>,0.7750024795532227,10.0,8.0,0.662109375,0.8606557377049181,0.6428571428571429,0.9609375,-5991.973330885786,-7070.814378844895
2,<cdt.causality.graph.CCDr.CCDr object at 0x0000020A2342BD60>,1.3060309886932373,8.0,12.0,0.6822916666666667,0.6666666666666666,0.5,0.96875,-8173.471264930162,-8256.461707495357
3,<cdt.causality.graph.bnlearn.GS object at 0x0000020A2342BD30>,0.3412511348724365,8.0,12.0,0.8,0.9836065573770492,0.7499999999999999,0.96875,-3093.079569512346,-6281.527547975374
4,<cdt.causality.graph.bnlearn.MMPC object at 0x0000020A23423FA0>,0.3269660472869873,20.0,48.0,0.6875,0.959016393442623,0.5454545454545454,0.921875,-1914.6413447524767,-6379.042108121256
5,<cdt.causality.graph.bnlearn.IAMB object at 0x0000020A3A0CC2B0>,0.3399980068206787,8.0,12.0,0.8,0.9836065573770492,0.7499999999999999,0.96875,-3093.079569512346,-6281.527547975374
6,<cdt.causality.graph.bnlearn.Fast_IAMB object at 0x0000020A3A0CC2E0>,0.3441591262817383,8.0,12.0,0.8,0.9836065573770492,0.7499999999999999,0.96875,-3093.079569512346,-6281.527547975374
7,<cdt.causality.graph.bnlearn.Inter_IAMB object at 0x0000020A3C522A60>,0.34258365631103516,8.0,12.0,0.8,0.9836065573770492,0.7499999999999999,0.96875,-3093.079569512346,-6281.527547975374
