,Algorithm,Duration,SHD,SID,PR AUC,ROC AUC,F1,Accuracy,BDeu,BIC
0,<cdt.causality.graph.PC.PC object at 0x0000020A23438040>,2.1481988430023193,12.0,24.0,0.4322916666666667,0.6584699453551912,0.4,0.953125,-5552.51851677615,-5685.615567059301
1,<cdt.causality.graph.GES.GES object at 0x0000020A3C1632E0>,0.7916092872619629,14.0,12.0,0.5201822916666667,0.7732240437158471,0.5,0.9453125,-5602.227564334812,-6649.583566512968
2,<cdt.causality.graph.CCDr.CCDr object at 0x0000020A2342BD60>,1.3821303844451904,8.0,12.0,0.6822916666666667,0.6666666666666666,0.5,0.96875,-8257.408894877588,-8340.784152918204
3,<cdt.causality.graph.bnlearn.GS object at 0x0000020A2342BD30>,0.4620020389556885,8.0,12.0,0.8,0.9836065573770492,0.7499999999999999,0.96875,-3094.896837871138,-6283.315205900423
4,<cdt.causality.graph.bnlearn.MMPC object at 0x0000020A23423FA0>,0.3422813415527344,20.0,48.0,0.6875,0.959016393442623,0.5454545454545454,0.921875,-1833.2345465434355,-6296.82474763696
5,<cdt.causality.graph.bnlearn.IAMB object at 0x0000020A3A0CC2B0>,0.346041202545166,8.0,12.0,0.8,0.9836065573770492,0.7499999999999999,0.96875,-3094.896837871138,-6283.315205900423
6,<cdt.causality.graph.bnlearn.Fast_IAMB object at 0x0000020A3A0CC2E0>,0.3494608402252197,8.0,12.0,0.8,0.9836065573770492,0.7499999999999999,0.96875,-3094.896837871138,-6283.315205900423
7,<cdt.causality.graph.bnlearn.Inter_IAMB object at 0x0000020A3C522A60>,0.34705615043640137,8.0,12.0,0.8,0.9836065573770492,0.7499999999999999,0.96875,-3094.896837871138,-6283.315205900423
