,Algorithm,Duration,SHD,SID,PR AUC,ROC AUC,F1,Accuracy,BDeu,BIC
0,<cdt.causality.graph.PC.PC object at 0x0000020A23438040>,1.9936025142669678,12.0,24.0,0.4322916666666667,0.6584699453551912,0.4,0.953125,-5509.752656619451,-5642.53594476601
1,<cdt.causality.graph.GES.GES object at 0x0000020A3C1632E0>,0.7810380458831787,12.0,9.0,0.5911458333333334,0.8169398907103824,0.5714285714285715,0.953125,-5996.950417838886,-7075.86524991217
2,<cdt.causality.graph.CCDr.CCDr object at 0x0000020A2342BD60>,1.2948272228240967,8.0,12.0,0.6822916666666667,0.6666666666666666,0.5,0.96875,-8217.367204758015,-8300.46590775604
3,<cdt.causality.graph.bnlearn.GS object at 0x0000020A2342BD30>,0.36662960052490234,8.0,12.0,0.8,0.9836065573770492,0.7499999999999999,0.96875,-3098.354187738647,-6286.771795046599
4,<cdt.causality.graph.bnlearn.MMPC object at 0x0000020A23423FA0>,0.3291049003601074,20.0,48.0,0.6875,0.959016393442623,0.5454545454545454,0.921875,-1862.5693508440208,-6326.784921259102
5,<cdt.causality.graph.bnlearn.IAMB object at 0x0000020A3A0CC2B0>,0.33902668952941895,8.0,12.0,0.8,0.9836065573770492,0.7499999999999999,0.96875,-3098.354187738647,-6286.771795046599
6,<cdt.causality.graph.bnlearn.Fast_IAMB object at 0x0000020A3A0CC2E0>,0.34396791458129883,8.0,12.0,0.8,0.9836065573770492,0.7499999999999999,0.96875,-3098.354187738647,-6286.771795046599
7,<cdt.causality.graph.bnlearn.Inter_IAMB object at 0x0000020A3C522A60>,0.3370702266693115,8.0,12.0,0.8,0.9836065573770492,0.7499999999999999,0.96875,-3098.354187738647,-6286.771795046599
