,Algorithm,Duration,SHD,SID,PR AUC,ROC AUC,F1,Accuracy,BDeu,BIC
0,<cdt.causality.graph.PC.PC object at 0x0000024DF6168040>,2.030035972595215,12.0,24.0,0.4322916666666667,0.6584699453551912,0.4,0.953125,-5529.571262119437,-5662.56709259939
1,<cdt.causality.graph.GES.GES object at 0x0000024D8F0C2310>,0.7740099430084229,14.0,11.0,0.5201822916666667,0.7732240437158471,0.5,0.9453125,-5901.440683460771,-6909.371687758819
2,<cdt.causality.graph.CCDr.CCDr object at 0x0000024DF615BD60>,1.3238837718963623,8.0,12.0,0.6822916666666667,0.6666666666666666,0.5,0.96875,-8233.689611789992,-8316.953911663804
3,<cdt.causality.graph.bnlearn.GS object at 0x0000024DF615BD30>,0.367694616317749,8.0,12.0,0.8,0.9836065573770492,0.7499999999999999,0.96875,-3097.971862554733,-6286.422424607105
4,<cdt.causality.graph.bnlearn.MMPC object at 0x0000024DF6153FA0>,0.33814215660095215,20.0,48.0,0.6875,0.959016393442623,0.5454545454545454,0.921875,-1875.6825477810748,-6339.484286295221
5,<cdt.causality.graph.bnlearn.IAMB object at 0x0000024DFEE0C2E0>,0.3970940113067627,8.0,12.0,0.8,0.9836065573770492,0.7499999999999999,0.96875,-3097.971862554733,-6286.422424607105
6,<cdt.causality.graph.bnlearn.Fast_IAMB object at 0x0000024DFEE0C310>,0.34880900382995605,8.0,12.0,0.8,0.9836065573770492,0.7499999999999999,0.96875,-3097.971862554733,-6286.422424607105
7,<cdt.causality.graph.bnlearn.Inter_IAMB object at 0x0000024D8F262A90>,0.4219973087310791,8.0,12.0,0.8,0.9836065573770492,0.7499999999999999,0.96875,-3097.971862554733,-6286.422424607105
