,Algorithm,Duration,SHD,SID,PR AUC,ROC AUC,F1,Accuracy,BDeu,BIC
0,<cdt.causality.graph.PC.PC object at 0x000001D231008040>,2.143359661102295,20.0,44.0,0.5390625,0.5,0.0,0.921875,-3877.1938912183264,-3899.2654659113023
1,<cdt.causality.graph.GES.GES object at 0x000001D249B232E0>,0.8456902503967285,17.0,24.0,0.6417187499999999,0.8266949152542373,0.6222222222222222,0.93359375,-2233.0446215306474,-9664.581397464055
2,<cdt.causality.graph.CCDr.CCDr object at 0x000001D230DEBD60>,1.3420109748840332,18.0,36.0,0.58515625,0.55,0.18181818181818182,0.9296875,-3353.5188502468177,-3396.4342712872285
3,<cdt.causality.graph.bnlearn.GS object at 0x000001D230DEBD30>,0.44481515884399414,30.0,81.0,0.40719866071428573,0.6847457627118644,0.375,0.8828125,-2190.2164279860053,-9124.961095606208
4,<cdt.causality.graph.bnlearn.MMPC object at 0x000001D230DE3FA0>,0.31304121017456055,30.0,103.0,0.6495584239130435,0.8906779661016948,0.5454545454545454,0.8828125,-1956.6207338828667,-21005.784601246676
5,<cdt.causality.graph.bnlearn.IAMB object at 0x000001D247A8C2B0>,0.3514275550842285,30.0,82.0,0.43619791666666663,0.7076271186440677,0.4,0.8828125,-2206.740992415428,-9320.234567967284
6,<cdt.causality.graph.bnlearn.Fast_IAMB object at 0x000001D247A8C2E0>,0.3967440128326416,30.0,82.0,0.43619791666666663,0.7076271186440677,0.4,0.8828125,-2206.740992415428,-9320.234567967284
7,<cdt.causality.graph.bnlearn.Inter_IAMB object at 0x000001D249EE1A60>,0.36499524116516113,30.0,82.0,0.43619791666666663,0.7076271186440677,0.4,0.8828125,-2206.740992415428,-9320.234567967284
