,Algorithm,Duration,SHD,SID,PR AUC,ROC AUC,F1,Accuracy,BDeu,BIC
0,<cdt.causality.graph.PC.PC object at 0x000001D231008040>,2.3233883380889893,20.0,44.0,0.5390625,0.5,0.0,0.921875,-3918.130083126786,-3940.9244874237957
1,<cdt.causality.graph.GES.GES object at 0x000001D249B232E0>,0.7803089618682861,17.0,12.0,0.6625434027777778,0.8495762711864406,0.6382978723404256,0.93359375,-3042.07057299316,-77013.93426808678
2,<cdt.causality.graph.CCDr.CCDr object at 0x000001D230DEBD60>,1.329711675643921,18.0,36.0,0.58515625,0.55,0.18181818181818182,0.9296875,-3392.829145991512,-3436.4135656733033
3,<cdt.causality.graph.bnlearn.GS object at 0x000001D230DEBD30>,0.365398645401001,13.0,22.0,0.7108525815217391,0.858050847457627,0.6976744186046512,0.94921875,-2260.3899830539917,-7911.922493283815
4,<cdt.causality.graph.bnlearn.MMPC object at 0x000001D230DE3FA0>,0.33101558685302734,32.0,106.0,0.6923076923076923,0.9322033898305085,0.5555555555555556,0.875,-2201.039294765658,-43401.580389784045
5,<cdt.causality.graph.bnlearn.IAMB object at 0x000001D247A8C2B0>,0.3544960021972656,13.0,22.0,0.7108525815217391,0.858050847457627,0.6976744186046512,0.94921875,-2260.3899830539917,-7911.922493283815
6,<cdt.causality.graph.bnlearn.Fast_IAMB object at 0x000001D247A8C2E0>,0.3677816390991211,13.0,22.0,0.7108525815217391,0.858050847457627,0.6976744186046512,0.94921875,-2260.3899830539917,-7911.922493283815
7,<cdt.causality.graph.bnlearn.Inter_IAMB object at 0x000001D249EE1A60>,0.3829991817474365,13.0,22.0,0.7108525815217391,0.858050847457627,0.6976744186046512,0.94921875,-2260.3899830539917,-7911.922493283815
