,Algorithm,Duration,SHD,SID,PR AUC,ROC AUC,F1,Accuracy,BDeu,BIC
0,<cdt.causality.graph.PC.PC object at 0x0000026ABED28040>,1.9592158794403076,20.0,44.0,0.5390625,0.5,0.0,0.921875,-3901.637311145071,-3923.3864068497805
1,<cdt.causality.graph.GES.GES object at 0x0000026AD7C42310>,0.7660577297210693,18.0,32.0,0.6309495192307691,0.8245762711864407,0.608695652173913,0.9296875,-2617.5991861928383,-10871.053148124072
2,<cdt.causality.graph.CCDr.CCDr object at 0x0000026ABED1BD60>,1.262524127960205,18.0,36.0,0.58515625,0.55,0.18181818181818182,0.9296875,-3383.330593148876,-3426.1227262268444
3,<cdt.causality.graph.bnlearn.GS object at 0x0000026ABED1BD30>,0.33718395233154297,19.0,58.0,0.5986718750000001,0.7995762711864407,0.5777777777777778,0.92578125,-2079.8099061719345,-10012.898556601931
4,<cdt.causality.graph.bnlearn.MMPC object at 0x0000026ABED13FA0>,0.3151388168334961,30.0,100.0,0.5982886904761905,0.8449152542372881,0.5161290322580645,0.8828125,-1922.2761669264837,-13217.463699605405
5,<cdt.causality.graph.bnlearn.IAMB object at 0x0000026AD597C2E0>,0.3320798873901367,19.0,58.0,0.5986718750000001,0.7995762711864407,0.5777777777777778,0.92578125,-2079.8099061719345,-10012.898556601931
6,<cdt.causality.graph.bnlearn.Fast_IAMB object at 0x0000026AD597C310>,0.33084964752197266,19.0,58.0,0.5986718750000001,0.7995762711864407,0.5777777777777778,0.92578125,-2079.8099061719345,-10012.898556601931
7,<cdt.causality.graph.bnlearn.Inter_IAMB object at 0x0000026AD7DF2A90>,0.33491063117980957,19.0,58.0,0.5986718750000001,0.7995762711864407,0.5777777777777778,0.92578125,-2079.8099061719345,-10012.898556601931
