,Algorithm,Duration,SHD,SID,PR AUC,ROC AUC,F1,Accuracy,BDeu,BIC
0,<cdt.causality.graph.PC.PC object at 0x000001D231008040>,1.9968762397766113,20.0,44.0,0.5390625,0.5,0.0,0.921875,-3968.6808740462966,-3992.6705488338957
1,<cdt.causality.graph.GES.GES object at 0x000001D249B232E0>,0.7569854259490967,19.0,21.0,0.5986718750000001,0.7995762711864407,0.5777777777777778,0.92578125,-2662.674186226459,-18308.43170457332
2,<cdt.causality.graph.CCDr.CCDr object at 0x000001D230DEBD60>,1.2743525505065918,18.0,36.0,0.58515625,0.55,0.18181818181818182,0.9296875,-3444.9541724050296,-3489.7887411098573
3,<cdt.causality.graph.bnlearn.GS object at 0x000001D230DEBD30>,0.3468465805053711,19.0,50.0,0.6658770161290323,0.8682203389830508,0.6274509803921569,0.92578125,-2214.928402618739,-10658.492066874443
4,<cdt.causality.graph.bnlearn.MMPC object at 0x000001D230DE3FA0>,0.3170590400695801,32.0,106.0,0.6923076923076923,0.9322033898305085,0.5555555555555556,0.875,-2141.5958877409857,-43359.565349108154
5,<cdt.causality.graph.bnlearn.IAMB object at 0x000001D247A8C2B0>,0.33867669105529785,19.0,50.0,0.6658770161290323,0.8682203389830508,0.6274509803921569,0.92578125,-2214.928402618739,-10658.492066874443
6,<cdt.causality.graph.bnlearn.Fast_IAMB object at 0x000001D247A8C2E0>,0.34439635276794434,15.0,44.0,0.723962823275862,0.8995762711864407,0.6938775510204082,0.94140625,-2245.145591002054,-11577.491646841869
7,<cdt.causality.graph.bnlearn.Inter_IAMB object at 0x000001D249EE1A60>,0.34186530113220215,19.0,50.0,0.6658770161290323,0.8682203389830508,0.6274509803921569,0.92578125,-2214.928402618739,-10658.492066874443
