,Algorithm,Duration,SHD,SID,PR AUC,ROC AUC,F1,Accuracy,BDeu,BIC
0,<cdt.causality.graph.PC.PC object at 0x000001D231008040>,2.1882452964782715,20.0,44.0,0.5390625,0.5,0.0,0.921875,-3888.030086080135,-3908.9179515094074
1,<cdt.causality.graph.GES.GES object at 0x000001D249B232E0>,0.7950747013092041,21.0,28.0,0.555625,0.7724576271186442,0.5333333333333332,0.91796875,-2538.7985352303435,-10500.961766219452
2,<cdt.causality.graph.CCDr.CCDr object at 0x000001D230DEBD60>,1.3047878742218018,18.0,36.0,0.58515625,0.55,0.18181818181818182,0.9296875,-3362.1685946009025,-3403.8262886625525
3,<cdt.causality.graph.bnlearn.GS object at 0x000001D230DEBD30>,0.34529614448547363,26.0,76.0,0.4618389423076923,0.7161016949152541,0.4347826086956522,0.8984375,-2031.1247670518105,-5895.735474804561
4,<cdt.causality.graph.bnlearn.MMPC object at 0x000001D230DE3FA0>,0.3241100311279297,32.0,104.0,0.6414062500000001,0.8864406779661016,0.5294117647058825,0.875,-2024.9856111793274,-30568.187183819828
5,<cdt.causality.graph.bnlearn.IAMB object at 0x000001D247A8C2B0>,0.34799885749816895,26.0,76.0,0.4618389423076923,0.7161016949152541,0.4347826086956522,0.8984375,-2031.1247670518105,-5895.735474804561
6,<cdt.causality.graph.bnlearn.Fast_IAMB object at 0x000001D247A8C2E0>,0.3642716407775879,26.0,76.0,0.4618389423076923,0.7161016949152541,0.4347826086956522,0.8984375,-2031.1247670518105,-5895.735474804561
7,<cdt.causality.graph.bnlearn.Inter_IAMB object at 0x000001D249EE1A60>,0.3390767574310303,26.0,76.0,0.4618389423076923,0.7161016949152541,0.4347826086956522,0.8984375,-2031.1247670518105,-5895.735474804561
