,Algorithm,Duration,SHD,SID,PR AUC,ROC AUC,F1,Accuracy,BDeu,BIC
0,<cdt.causality.graph.PC.PC object at 0x000001D231008040>,1.970017433166504,20.0,44.0,0.5390625,0.5,0.0,0.921875,-3868.4316306430846,-3890.596107564573
1,<cdt.causality.graph.GES.GES object at 0x000001D249B232E0>,0.7620518207550049,26.0,28.0,0.4618389423076923,0.7161016949152541,0.4347826086956522,0.8984375,-2826.2574002437395,-11505.59841875306
2,<cdt.causality.graph.CCDr.CCDr object at 0x000001D230DEBD60>,1.25105619430542,18.0,36.0,0.58515625,0.55,0.18181818181818182,0.9296875,-3344.3498791346556,-3387.348973180132
3,<cdt.causality.graph.bnlearn.GS object at 0x000001D230DEBD30>,0.3433692455291748,18.0,55.0,0.6744791666666666,0.8703389830508474,0.64,0.9296875,-2257.6087401632285,-16448.746214840834
4,<cdt.causality.graph.bnlearn.MMPC object at 0x000001D230DE3FA0>,0.31320619583129883,32.0,106.0,0.6923076923076923,0.9322033898305085,0.5555555555555556,0.875,-2212.516740918439,-43448.68941762126
5,<cdt.causality.graph.bnlearn.IAMB object at 0x000001D247A8C2B0>,0.3331465721130371,18.0,55.0,0.6744791666666666,0.8703389830508474,0.64,0.9296875,-2257.6087401632285,-16448.746214840834
6,<cdt.causality.graph.bnlearn.Fast_IAMB object at 0x000001D247A8C2E0>,0.345538854598999,18.0,55.0,0.6744791666666666,0.8703389830508474,0.64,0.9296875,-2257.6087401632285,-16448.746214840834
7,<cdt.causality.graph.bnlearn.Inter_IAMB object at 0x000001D249EE1A60>,0.35181736946105957,18.0,55.0,0.6744791666666666,0.8703389830508474,0.64,0.9296875,-2257.6087401632285,-16448.746214840834
