,Algorithm,Duration,SHD,SID,PR AUC,ROC AUC,F1,Accuracy,BDeu,BIC
0,<cdt.causality.graph.PC.PC object at 0x000001D231008040>,2.0152428150177,20.0,44.0,0.5390625,0.5,0.0,0.921875,-3914.0857557908744,-3938.04860286579
1,<cdt.causality.graph.GES.GES object at 0x000001D249B232E0>,0.8006062507629395,22.0,30.0,0.619140625,0.8389830508474576,0.5769230769230769,0.9140625,-3107.4901045715997,-168388.74262084626
2,<cdt.causality.graph.CCDr.CCDr object at 0x000001D230DEBD60>,1.2775547504425049,18.0,36.0,0.58515625,0.55,0.18181818181818182,0.9296875,-3387.9442406573467,-3432.667528859111
3,<cdt.causality.graph.bnlearn.GS object at 0x000001D230DEBD30>,0.36777496337890625,25.0,50.0,0.49628182870370374,0.7411016949152542,0.46808510638297873,0.90234375,-2295.1996420589194,-8431.513954777607
4,<cdt.causality.graph.bnlearn.MMPC object at 0x000001D230DE3FA0>,0.31560492515563965,32.0,104.0,0.666953125,0.9093220338983051,0.5428571428571428,0.875,-2192.0485987322145,-23019.42920355987
5,<cdt.causality.graph.bnlearn.IAMB object at 0x000001D247A8C2B0>,0.34304308891296387,25.0,50.0,0.49628182870370374,0.7411016949152542,0.46808510638297873,0.90234375,-2295.1996420589194,-8431.513954777607
6,<cdt.causality.graph.bnlearn.Fast_IAMB object at 0x000001D247A8C2E0>,0.3552212715148926,20.0,41.0,0.6117187499999999,0.8203389830508475,0.5833333333333334,0.921875,-2307.6981578553646,-6898.767052807886
7,<cdt.causality.graph.bnlearn.Inter_IAMB object at 0x000001D249EE1A60>,0.3840005397796631,25.0,50.0,0.49628182870370374,0.7411016949152542,0.46808510638297873,0.90234375,-2295.1996420589194,-8431.513954777607
