,Algorithm,Duration,SHD,SID,PR AUC,ROC AUC,F1,Accuracy,BDeu,BIC
0,<cdt.causality.graph.PC.PC object at 0x000001D231008040>,2.2110729217529297,20.0,44.0,0.5390625,0.5,0.0,0.921875,-3888.9818404890634,-3911.0768090502993
1,<cdt.causality.graph.GES.GES object at 0x000001D249B232E0>,0.8467302322387695,26.0,31.0,0.515625,0.761864406779661,0.48,0.8984375,-3349.111251794179,-61939.663322933426
2,<cdt.causality.graph.CCDr.CCDr object at 0x000001D230DEBD60>,1.3120028972625732,18.0,36.0,0.58515625,0.55,0.18181818181818182,0.9296875,-3363.5865801360637,-3406.4683111872096
3,<cdt.causality.graph.bnlearn.GS object at 0x000001D230DEBD30>,0.4890303611755371,21.0,34.0,0.6267011088709677,0.8411016949152542,0.5882352941176471,0.91796875,-2354.646097716325,-13086.265332210696
4,<cdt.causality.graph.bnlearn.MMPC object at 0x000001D230DE3FA0>,0.328352689743042,30.0,104.0,0.6748697916666666,0.9135593220338983,0.5588235294117647,0.8828125,-2093.9242710642575,-31034.935189373435
5,<cdt.causality.graph.bnlearn.IAMB object at 0x000001D247A8C2B0>,0.35399913787841797,19.0,25.0,0.6209780092592593,0.822457627118644,0.5957446808510639,0.92578125,-2302.022307567043,-11013.052145581134
6,<cdt.causality.graph.bnlearn.Fast_IAMB object at 0x000001D247A8C2E0>,0.36699867248535156,21.0,34.0,0.6267011088709677,0.8411016949152542,0.5882352941176471,0.91796875,-2354.646097716325,-13086.265332210696
7,<cdt.causality.graph.bnlearn.Inter_IAMB object at 0x000001D249EE1A60>,0.37900543212890625,19.0,25.0,0.6209780092592593,0.822457627118644,0.5957446808510639,0.92578125,-2302.022307567043,-11013.052145581134
