,Algorithm,Duration,SHD,SID,PR AUC,ROC AUC,F1,Accuracy,BDeu,BIC
0,<cdt.causality.graph.PC.PC object at 0x0000026ABED28040>,1.9625024795532227,20.0,44.0,0.5390625,0.5,0.0,0.921875,-3810.013582569362,-3830.880766065879
1,<cdt.causality.graph.GES.GES object at 0x0000026AD7C42310>,0.7630677223205566,20.0,22.0,0.5886718750000001,0.7974576271186441,0.5652173913043479,0.921875,-2275.745035037846,-11409.48348792478
2,<cdt.causality.graph.CCDr.CCDr object at 0x0000026ABED1BD60>,1.2731318473815918,18.0,36.0,0.58515625,0.55,0.18181818181818182,0.9296875,-3289.106913536241,-3330.9246340359555
3,<cdt.causality.graph.bnlearn.GS object at 0x0000026ABED1BD30>,0.3461644649505615,20.0,62.0,0.6117187499999999,0.8203389830508475,0.5833333333333334,0.921875,-2122.9549185171168,-6074.983281085946
4,<cdt.causality.graph.bnlearn.MMPC object at 0x0000026ABED13FA0>,0.3150930404663086,32.0,105.0,0.666953125,0.9093220338983051,0.5428571428571428,0.875,-2088.5357146757597,-29998.492972585413
5,<cdt.causality.graph.bnlearn.IAMB object at 0x0000026AD597C2E0>,0.338268518447876,20.0,62.0,0.6117187499999999,0.8203389830508475,0.5833333333333334,0.921875,-2122.9549185171168,-6074.983281085946
6,<cdt.causality.graph.bnlearn.Fast_IAMB object at 0x0000026AD597C310>,0.34800100326538086,21.0,62.0,0.6030980603448276,0.8182203389830508,0.5714285714285714,0.91796875,-2129.149085625692,-6096.018506317917
7,<cdt.causality.graph.bnlearn.Inter_IAMB object at 0x0000026AD7DF2A90>,0.3872973918914795,20.0,62.0,0.6117187499999999,0.8203389830508475,0.5833333333333334,0.921875,-2122.9549185171168,-6074.983281085946
