,Algorithm,Duration,SHD,SID,PR AUC,ROC AUC,F1,Accuracy,BDeu,BIC
0,<cdt.causality.graph.PC.PC object at 0x000001D231008040>,1.9916625022888184,20.0,44.0,0.5390625,0.5,0.0,0.921875,-3881.108210473196,-3902.865405324591
1,<cdt.causality.graph.GES.GES object at 0x000001D249B232E0>,0.7780873775482178,20.0,35.0,0.542578125,0.7516949152542373,0.5238095238095238,0.921875,-2675.884394125227,-6919.2811407757235
2,<cdt.causality.graph.CCDr.CCDr object at 0x000001D230DEBD60>,1.3590645790100098,18.0,36.0,0.58515625,0.55,0.18181818181818182,0.9296875,-3354.7940136841153,-3397.304316469665
3,<cdt.causality.graph.bnlearn.GS object at 0x000001D230DEBD30>,0.34892821311950684,18.0,50.0,0.6095052083333332,0.8016949152542372,0.5909090909090908,0.9296875,-2104.1777644800695,-5623.396123649911
4,<cdt.causality.graph.bnlearn.MMPC object at 0x000001D230DE3FA0>,0.4429776668548584,30.0,104.0,0.6748697916666666,0.9135593220338983,0.5588235294117647,0.8828125,-2078.947643534007,-30612.835810528413
5,<cdt.causality.graph.bnlearn.IAMB object at 0x000001D247A8C2B0>,0.5019974708557129,18.0,50.0,0.6095052083333332,0.8016949152542372,0.5909090909090908,0.9296875,-2104.1777644800695,-5623.396123649911
6,<cdt.causality.graph.bnlearn.Fast_IAMB object at 0x000001D247A8C2E0>,0.37903404235839844,18.0,50.0,0.6095052083333332,0.8016949152542372,0.5909090909090908,0.9296875,-2104.1777644800695,-5623.396123649911
7,<cdt.causality.graph.bnlearn.Inter_IAMB object at 0x000001D249EE1A60>,0.3839995861053467,18.0,50.0,0.6095052083333332,0.8016949152542372,0.5909090909090908,0.9296875,-2104.1777644800695,-5623.396123649911
