,Algorithm,Duration,SHD,SID,PR AUC,ROC AUC,F1,Accuracy,BDeu,BIC
0,<cdt.causality.graph.PC.PC object at 0x00000213833B8040>,2.160348653793335,6.0,18.0,0.5989583333333334,0.7988505747126435,0.5714285714285715,0.90625,-26901.435326083032,-27103.78145957111
1,<cdt.causality.graph.GES.GES object at 0x00000213833A3F10>,0.8120071887969971,4.0,6.0,0.7369791666666667,0.8908045977011495,0.7142857142857143,0.9375,-41842.483310875745,-42549.224887314886
2,<cdt.causality.graph.CCDr.CCDr object at 0x00000213833ABD30>,1.4345288276672363,4.0,6.0,0.6979166666666667,0.6666666666666666,0.5,0.9375,-80504.41684217271,-80559.55818403112
3,<cdt.causality.graph.bnlearn.GS object at 0x00000213833ABD60>,0.6400604248046875,4.0,6.0,0.8,0.9655172413793103,0.7499999999999999,0.9375,-27948.82098553615,-30330.89018733639
4,<cdt.causality.graph.bnlearn.MMPC object at 0x000002139C2D3310>,0.6151189804077148,10.0,24.0,0.6875,0.9137931034482758,0.5454545454545454,0.84375,-14960.470347625,-18308.22955660756
5,<cdt.causality.graph.bnlearn.IAMB object at 0x000002139B04C310>,0.6359977722167969,4.0,6.0,0.8,0.9655172413793103,0.7499999999999999,0.9375,-27948.82098553615,-30330.89018733639
6,<cdt.causality.graph.bnlearn.Fast_IAMB object at 0x000002139B04C2E0>,0.6600008010864258,4.0,6.0,0.8,0.9655172413793103,0.7499999999999999,0.9375,-27948.82098553615,-30330.89018733639
7,<cdt.causality.graph.bnlearn.Inter_IAMB object at 0x000002139C492A90>,0.6326708793640137,4.0,6.0,0.8,0.9655172413793103,0.7499999999999999,0.9375,-27948.82098553615,-30330.89018733639
