,Algorithm,Duration,SHD,SID,PR AUC,ROC AUC,F1,Accuracy,BDeu,BIC
0,<cdt.causality.graph.PC.PC object at 0x0000015BE3018040>,2.169936180114746,6.0,18.0,0.5989583333333334,0.7988505747126435,0.5714285714285715,0.90625,-26825.9077601303,-27028.222044859976
1,<cdt.causality.graph.GES.GES object at 0x0000015BE3003F10>,0.8135290145874023,8.0,9.0,0.5489583333333333,0.7816091954022988,0.5,0.875,-41799.64901256625,-44314.86463042945
2,<cdt.causality.graph.CCDr.CCDr object at 0x0000015BE300BD30>,1.480785608291626,4.0,6.0,0.6979166666666667,0.6666666666666666,0.5,0.9375,-80580.2708421843,-80635.43776710608
3,<cdt.causality.graph.bnlearn.GS object at 0x0000015BE300BD60>,0.6510493755340576,4.0,6.0,0.8,0.9655172413793103,0.7499999999999999,0.9375,-27945.903122993994,-30327.972261168612
4,<cdt.causality.graph.bnlearn.MMPC object at 0x0000015BFBD422E0>,0.6229827404022217,10.0,24.0,0.6875,0.9137931034482758,0.5454545454545454,0.84375,-14881.796300308015,-18229.51725416823
5,<cdt.causality.graph.bnlearn.IAMB object at 0x0000015BF9C8C2E0>,0.6543829441070557,4.0,6.0,0.8,0.9655172413793103,0.7499999999999999,0.9375,-27945.903122993994,-30327.972261168612
6,<cdt.causality.graph.bnlearn.Fast_IAMB object at 0x0000015BF9C8C2B0>,0.6500043869018555,4.0,6.0,0.8,0.9655172413793103,0.7499999999999999,0.9375,-27945.903122993994,-30327.972261168612
7,<cdt.causality.graph.bnlearn.Inter_IAMB object at 0x0000015BFC122A60>,0.6314189434051514,4.0,6.0,0.8,0.9655172413793103,0.7499999999999999,0.9375,-27945.903122993994,-30327.972261168612
