,Algorithm,Duration,SHD,SID,PR AUC,ROC AUC,F1,Accuracy,BDeu,BIC
0,<cdt.causality.graph.PC.PC object at 0x0000015BE3018040>,2.169710874557495,6.0,18.0,0.5989583333333334,0.7988505747126435,0.5714285714285715,0.90625,-26977.321336935107,-27179.707720041253
1,<cdt.causality.graph.GES.GES object at 0x0000015BE3003F10>,0.8161745071411133,6.0,5.0,0.5989583333333334,0.7988505747126435,0.5714285714285715,0.90625,-49751.33901979167,-50503.59197336821
2,<cdt.causality.graph.CCDr.CCDr object at 0x0000015BE300BD30>,1.491182565689087,4.0,6.0,0.6979166666666667,0.6666666666666666,0.5,0.9375,-80405.21166809299,-80460.3248740693
3,<cdt.causality.graph.bnlearn.GS object at 0x0000015BE300BD60>,0.6377654075622559,4.0,6.0,0.8,0.9655172413793103,0.7499999999999999,0.9375,-27947.028038113705,-30329.09875407421
4,<cdt.causality.graph.bnlearn.MMPC object at 0x0000015BFBD422E0>,0.6234109401702881,10.0,24.0,0.6875,0.9137931034482758,0.5454545454545454,0.84375,-15045.21627203653,-18393.03592766336
5,<cdt.causality.graph.bnlearn.IAMB object at 0x0000015BF9C8C2E0>,0.6323850154876709,4.0,6.0,0.8,0.9655172413793103,0.7499999999999999,0.9375,-27947.028038113705,-30329.09875407421
6,<cdt.causality.graph.bnlearn.Fast_IAMB object at 0x0000015BF9C8C2B0>,0.6261370182037354,4.0,6.0,0.8,0.9655172413793103,0.7499999999999999,0.9375,-27947.028038113705,-30329.09875407421
7,<cdt.causality.graph.bnlearn.Inter_IAMB object at 0x0000015BFC122A60>,0.6480333805084229,4.0,6.0,0.8,0.9655172413793103,0.7499999999999999,0.9375,-27947.028038113705,-30329.09875407421
