,Algorithm,Duration,SHD,SID,PR AUC,ROC AUC,F1,Accuracy,BDeu,BIC
0,<cdt.causality.graph.PC.PC object at 0x0000015BE3018040>,2.188364267349243,6.0,18.0,0.5989583333333334,0.7988505747126435,0.5714285714285715,0.90625,-26918.2513038374,-27120.583736827037
1,<cdt.causality.graph.GES.GES object at 0x0000015BE3003F10>,0.8281764984130859,4.0,6.0,0.7369791666666667,0.8908045977011495,0.7142857142857143,0.9375,-41843.04537993469,-42549.79208418824
2,<cdt.causality.graph.CCDr.CCDr object at 0x0000015BE300BD30>,1.4582319259643555,4.0,6.0,0.6979166666666667,0.6666666666666666,0.5,0.9375,-80500.94261034408,-80556.09190174389
3,<cdt.causality.graph.bnlearn.GS object at 0x0000015BE300BD60>,0.6431035995483398,4.0,6.0,0.8,0.9655172413793103,0.7499999999999999,0.9375,-27948.87386012417,-30330.944186362183
4,<cdt.causality.graph.bnlearn.MMPC object at 0x0000015BFBD422E0>,0.6210472583770752,10.0,24.0,0.6875,0.9137931034482758,0.5454545454545454,0.84375,-14970.553971933448,-18318.312146429354
5,<cdt.causality.graph.bnlearn.IAMB object at 0x0000015BF9C8C2E0>,0.6320910453796387,4.0,6.0,0.8,0.9655172413793103,0.7499999999999999,0.9375,-27948.87386012417,-30330.944186362183
6,<cdt.causality.graph.bnlearn.Fast_IAMB object at 0x0000015BF9C8C2B0>,0.6291546821594238,4.0,6.0,0.8,0.9655172413793103,0.7499999999999999,0.9375,-27948.87386012417,-30330.944186362183
7,<cdt.causality.graph.bnlearn.Inter_IAMB object at 0x0000015BFC122A60>,0.6404123306274414,4.0,6.0,0.8,0.9655172413793103,0.7499999999999999,0.9375,-27948.87386012417,-30330.944186362183
