,Algorithm,Duration,SHD,SID,PR AUC,ROC AUC,F1,Accuracy,BDeu,BIC
0,<cdt.causality.graph.PC.PC object at 0x0000015BE3018040>,2.1872644424438477,6.0,18.0,0.5989583333333334,0.7988505747126435,0.5714285714285715,0.90625,-27016.443933302595,-27218.7524521257
1,<cdt.causality.graph.GES.GES object at 0x0000015BE3003F10>,0.8159942626953125,6.0,7.0,0.5989583333333334,0.7988505747126435,0.5714285714285715,0.90625,-41840.41714900876,-42547.15951303447
2,<cdt.causality.graph.CCDr.CCDr object at 0x0000015BE300BD30>,1.4534833431243896,4.0,6.0,0.6979166666666667,0.6666666666666666,0.5,0.9375,-80511.05371440307,-80566.20324834055
3,<cdt.causality.graph.bnlearn.GS object at 0x0000015BE300BD60>,0.6349976062774658,4.0,6.0,0.8,0.9655172413793103,0.7499999999999999,0.9375,-27947.063577623536,-30329.13362225843
4,<cdt.causality.graph.bnlearn.MMPC object at 0x0000015BFBD422E0>,0.6200435161590576,10.0,24.0,0.6875,0.9137931034482758,0.5454545454545454,0.84375,-15012.197727888903,-18359.938623781305
5,<cdt.causality.graph.bnlearn.IAMB object at 0x0000015BF9C8C2E0>,0.6292757987976074,4.0,6.0,0.8,0.9655172413793103,0.7499999999999999,0.9375,-27947.063577623536,-30329.13362225843
6,<cdt.causality.graph.bnlearn.Fast_IAMB object at 0x0000015BF9C8C2B0>,0.6323275566101074,4.0,6.0,0.8,0.9655172413793103,0.7499999999999999,0.9375,-27947.063577623536,-30329.13362225843
7,<cdt.causality.graph.bnlearn.Inter_IAMB object at 0x0000015BFC122A60>,0.6350488662719727,4.0,6.0,0.8,0.9655172413793103,0.7499999999999999,0.9375,-27947.063577623536,-30329.13362225843
