,Algorithm,Duration,SHD,SID,PR AUC,ROC AUC,F1,Accuracy,BDeu,BIC
0,<cdt.causality.graph.PC.PC object at 0x00000213833B8040>,2.184110403060913,6.0,18.0,0.5989583333333334,0.7988505747126435,0.5714285714285715,0.90625,-26735.733591502343,-26938.14535450348
1,<cdt.causality.graph.GES.GES object at 0x00000213833A3F10>,0.8223247528076172,6.0,7.0,0.5989583333333334,0.7988505747126435,0.5714285714285715,0.90625,-41840.30689498629,-42547.0505645878
2,<cdt.causality.graph.CCDr.CCDr object at 0x00000213833ABD30>,1.439767837524414,4.0,6.0,0.6979166666666667,0.6666666666666666,0.5,0.9375,-80435.40767132168,-80490.53431555674
3,<cdt.causality.graph.bnlearn.GS object at 0x00000213833ABD60>,0.6370384693145752,11.0,15.0,0.6764705882352942,0.9051724137931034,0.5217391304347826,0.828125,-20501.17775782902,-26045.552955465817
4,<cdt.causality.graph.bnlearn.MMPC object at 0x000002139C2D3310>,0.6260201930999756,14.0,24.0,0.65,0.8793103448275862,0.4615384615384615,0.78125,-13980.086655766474,-20007.306142413
5,<cdt.causality.graph.bnlearn.IAMB object at 0x000002139B04C310>,0.6366257667541504,11.0,15.0,0.6764705882352942,0.9051724137931034,0.5217391304347826,0.828125,-20501.17775782902,-26045.552955465817
6,<cdt.causality.graph.bnlearn.Fast_IAMB object at 0x000002139B04C2E0>,0.6335287094116211,11.0,15.0,0.6764705882352942,0.9051724137931034,0.5217391304347826,0.828125,-20501.17775782902,-26045.552955465817
7,<cdt.causality.graph.bnlearn.Inter_IAMB object at 0x000002139C492A90>,0.6319999694824219,11.0,15.0,0.6764705882352942,0.9051724137931034,0.5217391304347826,0.828125,-20501.17775782902,-26045.552955465817
