,Algorithm,Duration,SHD,SID,PR AUC,ROC AUC,F1,Accuracy,BDeu,BIC
0,<cdt.causality.graph.PC.PC object at 0x0000015BE3018040>,2.184363603591919,6.0,18.0,0.5989583333333334,0.7988505747126435,0.5714285714285715,0.90625,-26978.564746638243,-27180.814312341965
1,<cdt.causality.graph.GES.GES object at 0x0000015BE3003F10>,0.8201301097869873,4.0,6.0,0.7369791666666667,0.8908045977011495,0.7142857142857143,0.9375,-41841.22730933257,-42547.9708418399
2,<cdt.causality.graph.CCDr.CCDr object at 0x0000015BE300BD30>,1.441138744354248,4.0,6.0,0.6979166666666667,0.6666666666666666,0.5,0.9375,-80626.29158103689,-80681.48177708122
3,<cdt.causality.graph.bnlearn.GS object at 0x0000015BE300BD60>,0.6390416622161865,4.0,6.0,0.8,0.9655172413793103,0.7499999999999999,0.9375,-27947.55787654582,-30329.62738096534
4,<cdt.causality.graph.bnlearn.MMPC object at 0x0000015BFBD422E0>,0.6189689636230469,10.0,24.0,0.6875,0.9137931034482758,0.5454545454545454,0.84375,-14936.73411460458,-18284.413610424577
5,<cdt.causality.graph.bnlearn.IAMB object at 0x0000015BF9C8C2E0>,0.6280322074890137,4.0,6.0,0.8,0.9655172413793103,0.7499999999999999,0.9375,-27947.55787654582,-30329.62738096534
6,<cdt.causality.graph.bnlearn.Fast_IAMB object at 0x0000015BF9C8C2B0>,0.6325013637542725,4.0,6.0,0.8,0.9655172413793103,0.7499999999999999,0.9375,-27947.55787654582,-30329.62738096534
7,<cdt.causality.graph.bnlearn.Inter_IAMB object at 0x0000015BFC122A60>,0.6342053413391113,4.0,6.0,0.8,0.9655172413793103,0.7499999999999999,0.9375,-27947.55787654582,-30329.62738096534
