,Algorithm,Duration,SHD,SID,PR AUC,ROC AUC,F1,Accuracy,BDeu,BIC
0,<cdt.causality.graph.PC.PC object at 0x0000015BE3018040>,2.1709728240966797,6.0,18.0,0.5989583333333334,0.7988505747126435,0.5714285714285715,0.90625,-27005.661177345013,-27208.0503938256
1,<cdt.causality.graph.GES.GES object at 0x0000015BE3003F10>,0.8111212253570557,6.0,5.0,0.5989583333333334,0.7988505747126435,0.5714285714285715,0.90625,-49712.535430355834,-50464.801555333375
2,<cdt.causality.graph.CCDr.CCDr object at 0x0000015BE300BD30>,1.464318037033081,4.0,6.0,0.6979166666666667,0.6666666666666666,0.5,0.9375,-80355.32551904097,-80410.4341917867
3,<cdt.causality.graph.bnlearn.GS object at 0x0000015BE300BD60>,0.6507329940795898,11.0,15.0,0.6764705882352942,0.9051724137931034,0.5217391304347826,0.828125,-20560.95626164468,-26105.312402066367
4,<cdt.causality.graph.bnlearn.MMPC object at 0x0000015BFBD422E0>,0.6360108852386475,14.0,24.0,0.65,0.8793103448275862,0.4615384615384615,0.78125,-14090.606898737718,-20117.86847752479
5,<cdt.causality.graph.bnlearn.IAMB object at 0x0000015BF9C8C2E0>,0.6300013065338135,11.0,15.0,0.6764705882352942,0.9051724137931034,0.5217391304347826,0.828125,-20560.95626164468,-26105.312402066367
6,<cdt.causality.graph.bnlearn.Fast_IAMB object at 0x0000015BF9C8C2B0>,0.633030891418457,11.0,15.0,0.6764705882352942,0.9051724137931034,0.5217391304347826,0.828125,-20560.95626164468,-26105.312402066367
7,<cdt.causality.graph.bnlearn.Inter_IAMB object at 0x0000015BFC122A60>,0.6300158500671387,11.0,15.0,0.6764705882352942,0.9051724137931034,0.5217391304347826,0.828125,-20560.95626164468,-26105.312402066367
