,Algorithm,Duration,SHD,SID,PR AUC,ROC AUC,F1,Accuracy,BDeu,BIC
0,<cdt.causality.graph.PC.PC object at 0x0000015BE3018040>,2.1532669067382812,6.0,18.0,0.5989583333333334,0.7988505747126435,0.5714285714285715,0.90625,-27111.83125062473,-27314.23394467232
1,<cdt.causality.graph.GES.GES object at 0x0000015BE3003F10>,0.8160476684570312,6.0,7.0,0.5989583333333334,0.7988505747126435,0.5714285714285715,0.90625,-41839.56020225778,-42546.30511543194
2,<cdt.causality.graph.CCDr.CCDr object at 0x0000015BE300BD30>,1.4335660934448242,4.0,6.0,0.6979166666666667,0.6666666666666666,0.5,0.9375,-80273.34600599368,-80328.43936466085
3,<cdt.causality.graph.bnlearn.GS object at 0x0000015BE300BD60>,0.638801097869873,4.0,6.0,0.8,0.9655172413793103,0.7499999999999999,0.9375,-27947.091763486234,-30329.163305145747
4,<cdt.causality.graph.bnlearn.MMPC object at 0x0000015BFBD422E0>,0.6260673999786377,10.0,24.0,0.6875,0.9137931034482758,0.5454545454545454,0.84375,-15177.863433494262,-18525.75807428665
5,<cdt.causality.graph.bnlearn.IAMB object at 0x0000015BF9C8C2E0>,0.6310005187988281,4.0,6.0,0.8,0.9655172413793103,0.7499999999999999,0.9375,-27947.091763486234,-30329.163305145747
6,<cdt.causality.graph.bnlearn.Fast_IAMB object at 0x0000015BF9C8C2B0>,0.6323387622833252,4.0,6.0,0.8,0.9655172413793103,0.7499999999999999,0.9375,-27947.091763486234,-30329.163305145747
7,<cdt.causality.graph.bnlearn.Inter_IAMB object at 0x0000015BFC122A60>,0.6356627941131592,4.0,6.0,0.8,0.9655172413793103,0.7499999999999999,0.9375,-27947.091763486234,-30329.163305145747
