,Algorithm,Score,No. of calls,SHD,SID,PR AUC,ROC AUC,F1,Accuracy,BDeu,BIC
0,hc,bde,561.0,12.0,3.0,0.7337962962962963,0.9019607843137255,0.7142857142857143,0.9629629629629629,-624288.4663576978,-649086.4493145767
1,hc,bic,459.0,6.0,3.0,0.837962962962963,0.911764705882353,0.8333333333333334,0.9814814814814815,-624310.6431761424,-630389.8724391158
2,tabu,bde,852.0,12.0,3.0,0.7337962962962963,0.9019607843137255,0.7142857142857143,0.9629629629629629,-624288.4663576978,-649086.4493145767
3,tabu,bic,752.0,6.0,3.0,0.837962962962963,0.911764705882353,0.8333333333333334,0.9814814814814815,-624310.6431761424,-630389.8724391158
