,Algorithm,Score,No. of calls,SHD,SID,PR AUC,ROC AUC,F1,Accuracy,BDeu,BIC
0,hc,bde,2108.0,36.0,16.0,0.6250901442307691,0.8378048780487805,0.608695652173913,0.96484375,-222951.20564604993,-368411.6259328981
1,hc,bic,2139.0,37.0,73.0,0.5410081129807692,0.7533536585365853,0.5316455696202531,0.9638671875,-231303.3062998894,-236878.24894633278
2,tabu,bde,2667.0,36.0,16.0,0.6250901442307691,0.8378048780487805,0.608695652173913,0.96484375,-222951.20564604993,-368411.6259328981
3,tabu,bic,2726.0,37.0,73.0,0.5410081129807692,0.7533536585365853,0.5316455696202531,0.9638671875,-231303.3062998894,-236878.24894633278
