,Algorithm,Duration,SHD,SID,PR AUC,ROC AUC,F1,Accuracy,BDeu,BIC
0,<cdt.causality.graph.PC.PC object at 0x000001F428528040>,30.523021936416626,18.0,66.0,0.5138888888888888,0.7352941176470588,0.5,0.9444444444444444,-419627.720654187,-420195.18338845216
1,<cdt.causality.graph.GES.GES object at 0x000001F428513F10>,1.2805545330047607,8.0,14.0,0.8279320987654322,0.9607843137254902,0.8095238095238096,0.9753086419753086,-416703.67304722394,-438175.12010171195
2,<cdt.causality.graph.CCDr.CCDr object at 0x000001F42851BD30>,6.1421284675598145,15.0,27.0,0.6064814814814815,0.5833333333333334,0.2857142857142857,0.9537037037037037,-928635.6818586055,-928736.356530199
3,<cdt.causality.graph.bnlearn.GS object at 0x000001F42851BD60>,2.1711275577545166,12.0,12.0,0.8,0.9803921568627452,0.7499999999999999,0.9629629629629629,-416616.0595378272,-503613.1391658253
4,<cdt.causality.graph.bnlearn.MMPC object at 0x000001F4414822E0>,1.1629259586334229,36.0,90.0,0.6666666666666666,0.9411764705882353,0.5,0.8888888888888888,-262343.3754031298,-376412.68684664345
5,<cdt.causality.graph.bnlearn.IAMB object at 0x000001F43F19C2E0>,1.7209460735321045,12.0,12.0,0.8,0.9803921568627452,0.7499999999999999,0.9629629629629629,-416616.0595378272,-503613.1391658253
6,<cdt.causality.graph.bnlearn.Fast_IAMB object at 0x000001F43F19C2B0>,1.6129553318023682,12.0,12.0,0.8,0.9803921568627452,0.7499999999999999,0.9629629629629629,-416616.0595378272,-503613.1391658253
7,<cdt.causality.graph.bnlearn.Inter_IAMB object at 0x000001F441622A60>,1.8031880855560303,12.0,12.0,0.8,0.9803921568627452,0.7499999999999999,0.9629629629629629,-416616.0595378272,-503613.1391658253
