,Algorithm,Duration,SHD,SID,PR AUC,ROC AUC,F1,Accuracy,BDeu,BIC
0,<cdt.causality.graph.PC.PC object at 0x000001F428528040>,32.5172324180603,18.0,66.0,0.5138888888888888,0.7352941176470588,0.5,0.9444444444444444,-419569.70648545993,-420137.25484008784
1,<cdt.causality.graph.GES.GES object at 0x000001F428513F10>,1.319084644317627,16.0,20.0,0.664292497625831,0.8692810457516339,0.6363636363636364,0.9506172839506173,-485953.93322570657,-509711.0171749942
2,<cdt.causality.graph.CCDr.CCDr object at 0x000001F42851BD30>,6.753952980041504,15.0,27.0,0.6064814814814815,0.5833333333333334,0.2857142857142857,0.9537037037037037,-927687.6700999212,-927788.302151223
3,<cdt.causality.graph.bnlearn.GS object at 0x000001F42851BD60>,2.734326124191284,12.0,12.0,0.8,0.9803921568627452,0.7499999999999999,0.9629629629629629,-416615.8694239689,-503612.9494463289
4,<cdt.causality.graph.bnlearn.MMPC object at 0x000001F4414822E0>,1.255192518234253,36.0,90.0,0.6666666666666666,0.9411764705882353,0.5,0.8888888888888888,-262785.9362734105,-376855.352683701
5,<cdt.causality.graph.bnlearn.IAMB object at 0x000001F43F19C2E0>,1.9984643459320068,12.0,12.0,0.8,0.9803921568627452,0.7499999999999999,0.9629629629629629,-416615.8694239689,-503612.9494463289
6,<cdt.causality.graph.bnlearn.Fast_IAMB object at 0x000001F43F19C2B0>,1.8390703201293945,12.0,12.0,0.8,0.9803921568627452,0.7499999999999999,0.9629629629629629,-416615.8694239689,-503612.9494463289
7,<cdt.causality.graph.bnlearn.Inter_IAMB object at 0x000001F441622A60>,2.039062738418579,12.0,12.0,0.8,0.9803921568627452,0.7499999999999999,0.9629629629629629,-416615.8694239689,-503612.9494463289
