,Algorithm,Duration,SHD,SID,PR AUC,ROC AUC,F1,Accuracy,BDeu,BIC
0,<cdt.causality.graph.PC.PC object at 0x000001F428528040>,31.912015914916992,18.0,66.0,0.5138888888888888,0.7352941176470588,0.5,0.9444444444444444,-419488.85971909,-420056.2276717808
1,<cdt.causality.graph.GES.GES object at 0x000001F428513F10>,1.319753885269165,14.0,15.0,0.6867283950617284,0.8725490196078431,0.6666666666666666,0.9567901234567902,-525658.8300715779,-547341.9165684663
2,<cdt.causality.graph.CCDr.CCDr object at 0x000001F42851BD30>,6.139759063720703,15.0,27.0,0.6064814814814815,0.5833333333333334,0.2857142857142857,0.9537037037037037,-929423.4071349637,-929524.1399702814
3,<cdt.causality.graph.bnlearn.GS object at 0x000001F42851BD60>,2.237056255340576,12.0,12.0,0.8,0.9803921568627452,0.7499999999999999,0.9629629629629629,-416617.8529228367,-503614.93294926407
4,<cdt.causality.graph.bnlearn.MMPC object at 0x000001F4414822E0>,1.1770496368408203,36.0,90.0,0.6666666666666666,0.9411764705882353,0.5,0.8888888888888888,-261905.1477613849,-375974.3174519137
5,<cdt.causality.graph.bnlearn.IAMB object at 0x000001F43F19C2E0>,1.797083854675293,12.0,12.0,0.8,0.9803921568627452,0.7499999999999999,0.9629629629629629,-416617.8529228367,-503614.93294926407
6,<cdt.causality.graph.bnlearn.Fast_IAMB object at 0x000001F43F19C2B0>,1.6270840167999268,12.0,12.0,0.8,0.9803921568627452,0.7499999999999999,0.9629629629629629,-416617.8529228367,-503614.93294926407
7,<cdt.causality.graph.bnlearn.Inter_IAMB object at 0x000001F441622A60>,1.7853240966796875,12.0,12.0,0.8,0.9803921568627452,0.7499999999999999,0.9629629629629629,-416617.8529228367,-503614.93294926407
