,Algorithm,Duration,SHD,SID,PR AUC,ROC AUC,F1,Accuracy,BDeu,BIC
0,<cdt.causality.graph.PC.PC object at 0x000001F428528040>,30.812522888183594,18.0,66.0,0.5138888888888888,0.7352941176470588,0.5,0.9444444444444444,-419729.76569242304,-420297.2894296019
1,<cdt.causality.graph.GES.GES object at 0x000001F428513F10>,1.3819997310638428,16.0,18.0,0.664292497625831,0.8692810457516339,0.6363636363636364,0.9506172839506173,-594752.8353115976,-618721.5662035103
2,<cdt.causality.graph.CCDr.CCDr object at 0x000001F42851BD30>,6.3804709911346436,15.0,27.0,0.6064814814814815,0.5833333333333334,0.2857142857142857,0.9537037037037037,-928065.3420226201,-928165.9842301576
3,<cdt.causality.graph.bnlearn.GS object at 0x000001F42851BD60>,2.5691709518432617,12.0,12.0,0.8,0.9803921568627452,0.7499999999999999,0.9629629629629629,-416618.42509373004,-503615.505195572
4,<cdt.causality.graph.bnlearn.MMPC object at 0x000001F4414822E0>,1.2364723682403564,36.0,90.0,0.6666666666666666,0.9411764705882353,0.5,0.8888888888888888,-262740.56475961924,-376809.9721099864
5,<cdt.causality.graph.bnlearn.IAMB object at 0x000001F43F19C2E0>,1.8698124885559082,12.0,12.0,0.8,0.9803921568627452,0.7499999999999999,0.9629629629629629,-416618.42509373004,-503615.505195572
6,<cdt.causality.graph.bnlearn.Fast_IAMB object at 0x000001F43F19C2B0>,1.6617448329925537,12.0,12.0,0.8,0.9803921568627452,0.7499999999999999,0.9629629629629629,-416618.42509373004,-503615.505195572
7,<cdt.causality.graph.bnlearn.Inter_IAMB object at 0x000001F441622A60>,1.897125482559204,12.0,12.0,0.8,0.9803921568627452,0.7499999999999999,0.9629629629629629,-416618.42509373004,-503615.505195572
