,Algorithm,Duration,SHD,SID,PR AUC,ROC AUC,F1,Accuracy,BDeu,BIC
0,<cdt.causality.graph.PC.PC object at 0x000001F428528040>,31.862990617752075,18.0,66.0,0.5138888888888888,0.7352941176470588,0.5,0.9444444444444444,-419948.0145185094,-420515.5229213149
1,<cdt.causality.graph.GES.GES object at 0x000001F428513F10>,1.2921993732452393,12.0,11.0,0.7552231718898386,0.9281045751633986,0.7272727272727274,0.9629629629629629,-518817.5581554277,-546467.0974259953
2,<cdt.causality.graph.CCDr.CCDr object at 0x000001F42851BD30>,6.893667936325073,15.0,27.0,0.6064814814814815,0.5833333333333334,0.2857142857142857,0.9537037037037037,-927964.6391155501,-928065.2875321291
3,<cdt.causality.graph.bnlearn.GS object at 0x000001F42851BD60>,2.6870999336242676,16.0,12.0,0.7647058823529411,0.9738562091503268,0.6923076923076924,0.9506172839506173,-416690.8601751375,-504235.8209756192
4,<cdt.causality.graph.bnlearn.MMPC object at 0x000001F4414822E0>,1.352818250656128,40.0,90.0,0.6551724137931034,0.934640522875817,0.4736842105263158,0.8765432098765432,-263103.56241273216,-387892.6715082248
5,<cdt.causality.graph.bnlearn.IAMB object at 0x000001F43F19C2E0>,1.9561514854431152,16.0,12.0,0.7647058823529411,0.9738562091503268,0.6923076923076924,0.9506172839506173,-416690.8601751375,-504235.8209756192
6,<cdt.causality.graph.bnlearn.Fast_IAMB object at 0x000001F43F19C2B0>,1.8965959548950195,16.0,12.0,0.7647058823529411,0.9738562091503268,0.6923076923076924,0.9506172839506173,-416690.8601751375,-504235.8209756192
7,<cdt.causality.graph.bnlearn.Inter_IAMB object at 0x000001F441622A60>,2.0183234214782715,16.0,12.0,0.7647058823529411,0.9738562091503268,0.6923076923076924,0.9506172839506173,-416690.8601751375,-504235.8209756192
