,Algorithm,Duration,SHD,SID,PR AUC,ROC AUC,F1,Accuracy,BDeu,BIC
0,<cdt.causality.graph.PC.PC object at 0x000001F428528040>,31.431421279907227,18.0,66.0,0.5138888888888888,0.7352941176470588,0.5,0.9444444444444444,-420157.64407731406,-420725.21045697195
1,<cdt.causality.graph.GES.GES object at 0x000001F428513F10>,1.2754545211791992,8.0,14.0,0.8279320987654322,0.9607843137254902,0.8095238095238096,0.9753086419753086,-416705.74199804757,-438177.18967111467
2,<cdt.causality.graph.CCDr.CCDr object at 0x000001F42851BD30>,6.083116054534912,15.0,27.0,0.6064814814814815,0.5833333333333334,0.2857142857142857,0.9537037037037037,-927913.0362824419,-928013.6470666921
3,<cdt.causality.graph.bnlearn.GS object at 0x000001F42851BD60>,2.3384039402008057,13.0,12.0,0.7903225806451613,0.9787581699346406,0.7346938775510204,0.9598765432098766,-416662.73992436484,-503672.58039274724
4,<cdt.causality.graph.bnlearn.MMPC object at 0x000001F4414822E0>,1.2515995502471924,38.0,90.0,0.6607142857142857,0.9379084967320261,0.4864864864864865,0.8827160493827161,-263304.55173911795,-460402.5696428176
5,<cdt.causality.graph.bnlearn.IAMB object at 0x000001F43F19C2E0>,1.9215800762176514,13.0,12.0,0.7903225806451613,0.9787581699346406,0.7346938775510204,0.9598765432098766,-416662.73992436484,-503672.58039274724
6,<cdt.causality.graph.bnlearn.Fast_IAMB object at 0x000001F43F19C2B0>,1.6146626472473145,13.0,12.0,0.7903225806451613,0.9787581699346406,0.7346938775510204,0.9598765432098766,-416662.73992436484,-503672.58039274724
7,<cdt.causality.graph.bnlearn.Inter_IAMB object at 0x000001F441622A60>,1.9059433937072754,13.0,12.0,0.7903225806451613,0.9787581699346406,0.7346938775510204,0.9598765432098766,-416662.73992436484,-503672.58039274724
