,Algorithm,Duration,SHD,SID,PR AUC,ROC AUC,F1,Accuracy,BDeu,BIC
0,<cdt.causality.graph.PC.PC object at 0x000001F428528040>,29.872841596603394,18.0,66.0,0.5138888888888888,0.7352941176470588,0.5,0.9444444444444444,-418945.5703891736,-419513.21291224146
1,<cdt.causality.graph.GES.GES object at 0x000001F428513F10>,1.525550365447998,14.0,12.0,0.7097578347578347,0.8986928104575165,0.6818181818181818,0.9567901234567902,-518875.0736937938,-546524.5895736907
2,<cdt.causality.graph.CCDr.CCDr object at 0x000001F42851BD30>,6.0410966873168945,15.0,27.0,0.6064814814814815,0.5833333333333334,0.2857142857142857,0.9537037037037037,-927773.6300188112,-927874.2259957124
3,<cdt.causality.graph.bnlearn.GS object at 0x000001F42851BD60>,2.2420690059661865,19.0,24.0,0.7432432432432432,0.9689542483660131,0.6545454545454547,0.941358024691358,-379547.469779097,-470271.1435093532
4,<cdt.causality.graph.bnlearn.MMPC object at 0x000001F4414822E0>,1.2408697605133057,40.0,90.0,0.6551724137931034,0.934640522875817,0.4736842105263158,0.8765432098765432,-258938.57525095769,-388765.5967405767
5,<cdt.causality.graph.bnlearn.IAMB object at 0x000001F43F19C2E0>,1.7740530967712402,19.0,24.0,0.7432432432432432,0.9689542483660131,0.6545454545454547,0.941358024691358,-379547.469779097,-470271.1435093532
6,<cdt.causality.graph.bnlearn.Fast_IAMB object at 0x000001F43F19C2B0>,1.5825886726379395,19.0,24.0,0.7432432432432432,0.9689542483660131,0.6545454545454547,0.941358024691358,-379547.469779097,-470271.1435093532
7,<cdt.causality.graph.bnlearn.Inter_IAMB object at 0x000001F441622A60>,1.8342347145080566,19.0,24.0,0.7432432432432432,0.9689542483660131,0.6545454545454547,0.941358024691358,-379547.469779097,-470271.1435093532
