,Algorithm,Duration,SHD,SID,PR AUC,ROC AUC,F1,Accuracy,BDeu,BIC
0,<cdt.causality.graph.PC.PC object at 0x000001F95CF78040>,31.70273232460022,18.0,66.0,0.5138888888888888,0.7352941176470588,0.5,0.9444444444444444,-420078.85715746036,-420646.3363808835
1,<cdt.causality.graph.GES.GES object at 0x000001F95CF63F10>,1.49318528175354,14.0,11.0,0.6867283950617284,0.8725490196078431,0.6666666666666666,0.9567901234567902,-664107.0035647298,-686107.0805651871
2,<cdt.causality.graph.CCDr.CCDr object at 0x000001F95CF6BD30>,6.381133079528809,15.0,27.0,0.6064814814814815,0.5833333333333334,0.2857142857142857,0.9537037037037037,-928191.9303512939,-928292.5898989695
3,<cdt.causality.graph.bnlearn.GS object at 0x000001F95CF6BD60>,2.4043145179748535,12.0,12.0,0.8,0.9803921568627452,0.7499999999999999,0.9629629629629629,-416623.85926014325,-503620.9392955274
4,<cdt.causality.graph.bnlearn.MMPC object at 0x000001F975EC2310>,1.239999532699585,36.0,90.0,0.6666666666666666,0.9411764705882353,0.5,0.8888888888888888,-262835.5797647641,-376904.9023591357
5,<cdt.causality.graph.bnlearn.IAMB object at 0x000001F973C0C310>,1.8419997692108154,12.0,12.0,0.8,0.9803921568627452,0.7499999999999999,0.9629629629629629,-416623.85926014325,-503620.9392955274
6,<cdt.causality.graph.bnlearn.Fast_IAMB object at 0x000001F973C0C2E0>,1.650036334991455,12.0,12.0,0.8,0.9803921568627452,0.7499999999999999,0.9629629629629629,-416623.85926014325,-503620.9392955274
7,<cdt.causality.graph.bnlearn.Inter_IAMB object at 0x000001F976062A90>,1.8881511688232422,12.0,12.0,0.8,0.9803921568627452,0.7499999999999999,0.9629629629629629,-416623.85926014325,-503620.9392955274
