,Algorithm,Duration,SHD,SID,PR AUC,ROC AUC,F1,Accuracy,BDeu,BIC
0,<cdt.causality.graph.PC.PC object at 0x000001F428528040>,35.328827142715454,18.0,66.0,0.5138888888888888,0.7352941176470588,0.5,0.9444444444444444,-419536.64569726714,-420104.24187866074
1,<cdt.causality.graph.GES.GES object at 0x000001F428513F10>,1.4971134662628174,12.0,14.0,0.7337962962962963,0.9019607843137255,0.7142857142857143,0.9629629629629629,-555314.5249371417,-577102.9552839417
2,<cdt.causality.graph.CCDr.CCDr object at 0x000001F42851BD30>,6.47846531867981,15.0,27.0,0.6064814814814815,0.5833333333333334,0.2857142857142857,0.9537037037037037,-928014.1758133604,-928114.7835448179
3,<cdt.causality.graph.bnlearn.GS object at 0x000001F42851BD60>,2.258122444152832,12.0,12.0,0.8,0.9803921568627452,0.7499999999999999,0.9629629629629629,-416623.5638015445,-503620.64387597435
4,<cdt.causality.graph.bnlearn.MMPC object at 0x000001F4414822E0>,1.2180604934692383,36.0,90.0,0.6666666666666666,0.9411764705882353,0.5,0.8888888888888888,-262674.48887462233,-376743.9001124703
5,<cdt.causality.graph.bnlearn.IAMB object at 0x000001F43F19C2E0>,1.8208036422729492,12.0,12.0,0.8,0.9803921568627452,0.7499999999999999,0.9629629629629629,-416623.5638015445,-503620.64387597435
6,<cdt.causality.graph.bnlearn.Fast_IAMB object at 0x000001F43F19C2B0>,1.6213345527648926,12.0,12.0,0.8,0.9803921568627452,0.7499999999999999,0.9629629629629629,-416623.5638015445,-503620.64387597435
7,<cdt.causality.graph.bnlearn.Inter_IAMB object at 0x000001F441622A60>,1.9165589809417725,12.0,12.0,0.8,0.9803921568627452,0.7499999999999999,0.9629629629629629,-416623.5638015445,-503620.64387597435
