,Algorithm,Duration,SHD,SID,PR AUC,ROC AUC,F1,Accuracy,BDeu,BIC
0,<cdt.causality.graph.PC.PC object at 0x000001F95CF78040>,32.8581383228302,18.0,66.0,0.5138888888888888,0.7352941176470588,0.5,0.9444444444444444,-420105.88216132007,-420673.39027023624
1,<cdt.causality.graph.GES.GES object at 0x000001F95CF63F10>,1.297999620437622,14.0,18.0,0.7097578347578347,0.8986928104575165,0.6818181818181818,0.9567901234567902,-485959.96073481283,-509717.0456554648
2,<cdt.causality.graph.CCDr.CCDr object at 0x000001F95CF6BD30>,6.41282057762146,15.0,27.0,0.6064814814814815,0.5833333333333334,0.2857142857142857,0.9537037037037037,-928108.371982686,-928209.0189619461
3,<cdt.causality.graph.bnlearn.GS object at 0x000001F95CF6BD60>,2.352191209793091,12.0,12.0,0.8,0.9803921568627452,0.7499999999999999,0.9629629629629629,-416620.96419781767,-503618.04496518633
4,<cdt.causality.graph.bnlearn.MMPC object at 0x000001F975EC2310>,1.34230637550354,36.0,90.0,0.6666666666666666,0.9411764705882353,0.5,0.8888888888888888,-262892.5809102452,-376961.9717878737
5,<cdt.causality.graph.bnlearn.IAMB object at 0x000001F973C0C310>,1.869168758392334,12.0,12.0,0.8,0.9803921568627452,0.7499999999999999,0.9629629629629629,-416620.96419781767,-503618.04496518633
6,<cdt.causality.graph.bnlearn.Fast_IAMB object at 0x000001F973C0C2E0>,1.6884098052978516,12.0,12.0,0.8,0.9803921568627452,0.7499999999999999,0.9629629629629629,-416620.96419781767,-503618.04496518633
7,<cdt.causality.graph.bnlearn.Inter_IAMB object at 0x000001F976062A90>,1.9291155338287354,12.0,12.0,0.8,0.9803921568627452,0.7499999999999999,0.9629629629629629,-416620.96419781767,-503618.04496518633
