,Algorithm,Score,No. of calls,SHD,SID,PR AUC,ROC AUC,F1,Accuracy,BDeu,BIC
0,hc,bde,360.0,4.0,0.0,0.875,0.9918032786885246,0.8571428571428571,0.984375,-222078.03641631172,-227220.3000290361
1,hc,bic,300.0,0.0,0.0,1.0,1.0,1.0,1.0,-222096.35500583303,-223417.36080886223
2,tabu,bde,631.0,4.0,0.0,0.875,0.9918032786885246,0.8571428571428571,0.984375,-222078.03641631172,-227220.3000290361
3,tabu,bic,571.0,0.0,0.0,1.0,1.0,1.0,1.0,-222096.35500583303,-223417.36080886223
