,Algorithm,Score,No. of calls,SHD,SID,PR AUC,ROC AUC,F1,Accuracy,BDeu,BIC
0,hc,bde,360.0,4.0,0.0,0.875,0.9918032786885246,0.8571428571428571,0.984375,-22420.174131367432,-26337.012934832495
1,hc,bic,300.0,0.0,0.0,1.0,1.0,1.0,1.0,-22432.95150508143,-23418.26639036834
2,tabu,bde,631.0,4.0,0.0,0.875,0.9918032786885246,0.8571428571428571,0.984375,-22420.174131367432,-26337.012934832495
3,tabu,bic,571.0,0.0,0.0,1.0,1.0,1.0,1.0,-22432.95150508143,-23418.26639036834
