,Algorithm,Score,No. of calls,SHD,SID,PR AUC,ROC AUC,F1,Accuracy,BDeu,BIC
0,hc,bde,84.0,2.0,0.0,0.875,0.9827586206896552,0.8571428571428571,0.96875,-11207.127651441457,-13165.549593555903
1,hc,bic,70.0,0.0,0.0,1.0,1.0,1.0,1.0,-11213.515729337356,-11706.176321323821
2,tabu,bde,207.0,2.0,0.0,0.875,0.9827586206896552,0.8571428571428571,0.96875,-11207.127651441457,-13165.549593555903
3,tabu,bic,199.0,0.0,0.0,1.0,1.0,1.0,1.0,-11213.515729337356,-11706.176321323821
