,Algorithm,Duration,SHD,SID,PR AUC,ROC AUC,F1,Accuracy,BDeu,BIC
0,<cdt.causality.graph.PC.PC object at 0x0000025985368040>,2.0224008560180664,6.0,18.0,0.5989583333333334,0.7988505747126435,0.5714285714285715,0.90625,-13490.286479424016,-13678.132030974832
1,<cdt.causality.graph.GES.GES object at 0x0000025985353F10>,0.7894706726074219,8.0,7.0,0.4609375,0.7068965517241379,0.42857142857142855,0.875,-27951.062391573538,-28724.08111056802
2,<cdt.causality.graph.CCDr.CCDr object at 0x000002598535BD30>,1.332115888595581,4.0,6.0,0.6979166666666667,0.6666666666666666,0.5,0.9375,-40305.83978934456,-40357.845967344394
3,<cdt.causality.graph.bnlearn.GS object at 0x000002598535BD60>,0.4645538330078125,4.0,6.0,0.8,0.9655172413793103,0.7499999999999999,0.9375,-14070.572955592663,-16270.348965808655
4,<cdt.causality.graph.bnlearn.MMPC object at 0x000002599E0722E0>,0.45525097846984863,10.0,24.0,0.6875,0.9137931034482758,0.5454545454545454,0.84375,-7549.753102364664,-10639.34968530998
5,<cdt.causality.graph.bnlearn.IAMB object at 0x000002599BDBC2E0>,0.46601152420043945,4.0,6.0,0.8,0.9655172413793103,0.7499999999999999,0.9375,-14070.572955592663,-16270.348965808655
6,<cdt.causality.graph.bnlearn.Fast_IAMB object at 0x000002599BDBC2B0>,0.4656553268432617,4.0,6.0,0.8,0.9655172413793103,0.7499999999999999,0.9375,-14070.572955592663,-16270.348965808655
7,<cdt.causality.graph.bnlearn.Inter_IAMB object at 0x000002599E462A60>,0.46146559715270996,4.0,6.0,0.8,0.9655172413793103,0.7499999999999999,0.9375,-14070.572955592663,-16270.348965808655
