,Algorithm,Duration,SHD,SID,PR AUC,ROC AUC,F1,Accuracy,BDeu,BIC
0,<cdt.causality.graph.PC.PC object at 0x0000025985368040>,1.9842796325683594,6.0,18.0,0.5989583333333334,0.7988505747126435,0.5714285714285715,0.90625,-13497.87531920732,-13685.78468624036
1,<cdt.causality.graph.GES.GES object at 0x0000025985353F10>,0.7835788726806641,6.0,7.0,0.5989583333333334,0.7988505747126435,0.5714285714285715,0.90625,-21029.797371460416,-21680.58197199258
2,<cdt.causality.graph.CCDr.CCDr object at 0x000002598535BD30>,1.3066046237945557,4.0,6.0,0.6979166666666667,0.6666666666666666,0.5,0.9375,-40246.36040799313,-40298.33575766685
3,<cdt.causality.graph.bnlearn.GS object at 0x000002598535BD60>,0.4687917232513428,4.0,6.0,0.8,0.9655172413793103,0.7499999999999999,0.9375,-14071.643591953969,-16271.419962752536
4,<cdt.causality.graph.bnlearn.MMPC object at 0x000002599E0722E0>,0.4507265090942383,10.0,24.0,0.6875,0.9137931034482758,0.5454545454545454,0.84375,-7584.184526880619,-10673.843353579543
5,<cdt.causality.graph.bnlearn.IAMB object at 0x000002599BDBC2E0>,0.47104978561401367,4.0,6.0,0.8,0.9655172413793103,0.7499999999999999,0.9375,-14071.643591953969,-16271.419962752536
6,<cdt.causality.graph.bnlearn.Fast_IAMB object at 0x000002599BDBC2B0>,0.46691012382507324,4.0,6.0,0.8,0.9655172413793103,0.7499999999999999,0.9375,-14071.643591953969,-16271.419962752536
7,<cdt.causality.graph.bnlearn.Inter_IAMB object at 0x000002599E462A60>,0.516510009765625,4.0,6.0,0.8,0.9655172413793103,0.7499999999999999,0.9375,-14071.643591953969,-16271.419962752536
