,Algorithm,Duration,SHD,SID,PR AUC,ROC AUC,F1,Accuracy,BDeu,BIC
0,<cdt.causality.graph.PC.PC object at 0x0000025985368040>,1.9768335819244385,6.0,18.0,0.5989583333333334,0.7988505747126435,0.5714285714285715,0.90625,-13586.05025410936,-13773.837796115971
1,<cdt.causality.graph.GES.GES object at 0x0000025985353F10>,0.7930300235748291,4.0,7.0,0.7369791666666667,0.8908045977011495,0.7142857142857143,0.9375,-14105.44015791129,-14633.992209721613
2,<cdt.causality.graph.CCDr.CCDr object at 0x000002598535BD30>,1.2880024909973145,4.0,6.0,0.6979166666666667,0.6666666666666666,0.5,0.9375,-40323.891455215926,-40375.90267966315
3,<cdt.causality.graph.bnlearn.GS object at 0x000002598535BD60>,0.4715738296508789,4.0,6.0,0.8,0.9655172413793103,0.7499999999999999,0.9375,-14069.519487090209,-16269.29330247353
4,<cdt.causality.graph.bnlearn.MMPC object at 0x000002599E0722E0>,0.4544193744659424,10.0,24.0,0.6875,0.9137931034482758,0.5454545454545454,0.84375,-7587.958459665386,-10677.509003520061
5,<cdt.causality.graph.bnlearn.IAMB object at 0x000002599BDBC2E0>,0.4689974784851074,4.0,6.0,0.8,0.9655172413793103,0.7499999999999999,0.9375,-14069.519487090209,-16269.29330247353
6,<cdt.causality.graph.bnlearn.Fast_IAMB object at 0x000002599BDBC2B0>,0.4739997386932373,4.0,6.0,0.8,0.9655172413793103,0.7499999999999999,0.9375,-14069.519487090209,-16269.29330247353
7,<cdt.causality.graph.bnlearn.Inter_IAMB object at 0x000002599E462A60>,0.4684603214263916,4.0,6.0,0.8,0.9655172413793103,0.7499999999999999,0.9375,-14069.519487090209,-16269.29330247353
