,Algorithm,Duration,SHD,SID,PR AUC,ROC AUC,F1,Accuracy,BDeu,BIC
0,<cdt.causality.graph.PC.PC object at 0x0000025985368040>,1.9603443145751953,6.0,18.0,0.5989583333333334,0.7988505747126435,0.5714285714285715,0.90625,-13671.601021748484,-13859.247043987665
1,<cdt.causality.graph.GES.GES object at 0x0000025985353F10>,0.8360319137573242,4.0,4.0,0.7369791666666667,0.8908045977011495,0.7142857142857143,0.9375,-24966.63975964087,-25659.64826041466
2,<cdt.causality.graph.CCDr.CCDr object at 0x000002598535BD30>,1.2665355205535889,4.0,6.0,0.6979166666666667,0.6666666666666666,0.5,0.9375,-40393.73385470256,-40445.81676210945
3,<cdt.causality.graph.bnlearn.GS object at 0x000002598535BD60>,0.46863293647766113,4.0,6.0,0.8,0.9655172413793103,0.7499999999999999,0.9375,-14070.23151110129,-16270.004215023453
4,<cdt.causality.graph.bnlearn.MMPC object at 0x000002599E0722E0>,0.45726919174194336,10.0,24.0,0.6875,0.9137931034482758,0.5454545454545454,0.84375,-7596.889828045756,-10686.355018439559
5,<cdt.causality.graph.bnlearn.IAMB object at 0x000002599BDBC2E0>,0.49072790145874023,4.0,6.0,0.8,0.9655172413793103,0.7499999999999999,0.9375,-14070.23151110129,-16270.004215023453
6,<cdt.causality.graph.bnlearn.Fast_IAMB object at 0x000002599BDBC2B0>,0.46953701972961426,4.0,6.0,0.8,0.9655172413793103,0.7499999999999999,0.9375,-14070.23151110129,-16270.004215023453
7,<cdt.causality.graph.bnlearn.Inter_IAMB object at 0x000002599E462A60>,0.4840278625488281,4.0,6.0,0.8,0.9655172413793103,0.7499999999999999,0.9375,-14070.23151110129,-16270.004215023453
