,Algorithm,Duration,SHD,SID,PR AUC,ROC AUC,F1,Accuracy,BDeu,BIC
0,<cdt.causality.graph.PC.PC object at 0x00000200224C8040>,1.9950697422027588,6.0,18.0,0.5989583333333334,0.7988505747126435,0.5714285714285715,0.90625,-13589.672712258747,-13777.449969504545
1,<cdt.causality.graph.GES.GES object at 0x00000200224B3F10>,0.8024003505706787,6.0,7.0,0.5989583333333334,0.7988505747126435,0.5714285714285715,0.90625,-21029.342729819517,-21680.127593847385
2,<cdt.causality.graph.CCDr.CCDr object at 0x00000200224BBD30>,1.2705771923065186,4.0,6.0,0.6979166666666667,0.6666666666666666,0.5,0.9375,-40327.82564055187,-40379.84537466079
3,<cdt.causality.graph.bnlearn.GS object at 0x00000200224BBD60>,0.46787142753601074,4.0,6.0,0.8,0.9655172413793103,0.7499999999999999,0.9375,-14071.216251661459,-16270.99210532569
4,<cdt.causality.graph.bnlearn.MMPC object at 0x000002003B402310>,0.456895112991333,10.0,24.0,0.6875,0.9137931034482758,0.5454545454545454,0.84375,-7589.432298747897,-10678.98664974592
5,<cdt.causality.graph.bnlearn.IAMB object at 0x000002003911C310>,0.46796631813049316,4.0,6.0,0.8,0.9655172413793103,0.7499999999999999,0.9375,-14071.216251661459,-16270.99210532569
6,<cdt.causality.graph.bnlearn.Fast_IAMB object at 0x000002003911C2E0>,0.4657003879547119,4.0,6.0,0.8,0.9655172413793103,0.7499999999999999,0.9375,-14071.216251661459,-16270.99210532569
7,<cdt.causality.graph.bnlearn.Inter_IAMB object at 0x000002003B5A1A90>,0.4662802219390869,4.0,6.0,0.8,0.9655172413793103,0.7499999999999999,0.9375,-14071.216251661459,-16270.99210532569
