,Algorithm,Duration,SHD,SID,PR AUC,ROC AUC,F1,Accuracy,BDeu,BIC
0,<cdt.causality.graph.PC.PC object at 0x00000200224C8040>,1.9581358432769775,6.0,18.0,0.5989583333333334,0.7988505747126435,0.5714285714285715,0.90625,-13563.567124954468,-13751.408659535311
1,<cdt.causality.graph.GES.GES object at 0x00000200224B3F10>,0.7935159206390381,4.0,7.0,0.7369791666666667,0.8908045977011495,0.7142857142857143,0.9375,-14107.530291444655,-14636.083185799764
2,<cdt.causality.graph.CCDr.CCDr object at 0x00000200224BBD30>,1.2895255088806152,4.0,6.0,0.6979166666666667,0.6666666666666666,0.5,0.9375,-40267.00364649117,-40318.991753191505
3,<cdt.causality.graph.bnlearn.GS object at 0x00000200224BBD60>,0.46900033950805664,4.0,6.0,0.8,0.9655172413793103,0.7499999999999999,0.9375,-14071.60997782231,-16271.38427855168
4,<cdt.causality.graph.bnlearn.MMPC object at 0x000002003B402310>,0.4509999752044678,10.0,24.0,0.6875,0.9137931034482758,0.5454545454545454,0.84375,-7607.521803982107,-10697.147965236354
5,<cdt.causality.graph.bnlearn.IAMB object at 0x000002003911C310>,0.470048189163208,4.0,6.0,0.8,0.9655172413793103,0.7499999999999999,0.9375,-14071.60997782231,-16271.38427855168
6,<cdt.causality.graph.bnlearn.Fast_IAMB object at 0x000002003911C2E0>,0.46333789825439453,4.0,6.0,0.8,0.9655172413793103,0.7499999999999999,0.9375,-14071.60997782231,-16271.38427855168
7,<cdt.causality.graph.bnlearn.Inter_IAMB object at 0x000002003B5A1A90>,0.46947479248046875,4.0,6.0,0.8,0.9655172413793103,0.7499999999999999,0.9375,-14071.60997782231,-16271.38427855168
