,Algorithm,Duration,SHD,SID,PR AUC,ROC AUC,F1,Accuracy,BDeu,BIC
0,<cdt.causality.graph.PC.PC object at 0x0000025985368040>,1.9737744331359863,6.0,18.0,0.5989583333333334,0.7988505747126435,0.5714285714285715,0.90625,-13802.42020970141,-13990.110332517035
1,<cdt.causality.graph.GES.GES object at 0x0000025985353F10>,0.781757116317749,10.0,9.0,0.4234375,0.689655172413793,0.37499999999999994,0.84375,-27916.470358715764,-30360.70617053229
2,<cdt.causality.graph.CCDr.CCDr object at 0x000002598535BD30>,1.3002452850341797,4.0,6.0,0.6979166666666667,0.6666666666666666,0.5,0.9375,-40276.046402711945,-40328.0753827547
3,<cdt.causality.graph.bnlearn.GS object at 0x000002598535BD60>,0.5004870891571045,11.0,15.0,0.6764705882352942,0.9051724137931034,0.5217391304347826,0.828125,-10414.517610202736,-15533.537854623572
4,<cdt.causality.graph.bnlearn.MMPC object at 0x000002599E0722E0>,0.45800018310546875,14.0,24.0,0.65,0.8793103448275862,0.4615384615384615,0.78125,-7230.938220522176,-12794.861345167303
5,<cdt.causality.graph.bnlearn.IAMB object at 0x000002599BDBC2E0>,0.46741771697998047,11.0,15.0,0.6764705882352942,0.9051724137931034,0.5217391304347826,0.828125,-10414.517610202736,-15533.537854623572
6,<cdt.causality.graph.bnlearn.Fast_IAMB object at 0x000002599BDBC2B0>,0.4651021957397461,11.0,15.0,0.6764705882352942,0.9051724137931034,0.5217391304347826,0.828125,-10414.517610202736,-15533.537854623572
7,<cdt.causality.graph.bnlearn.Inter_IAMB object at 0x000002599E462A60>,0.4673275947570801,11.0,15.0,0.6764705882352942,0.9051724137931034,0.5217391304347826,0.828125,-10414.517610202736,-15533.537854623572
