,Algorithm,Duration,SHD,SID,PR AUC,ROC AUC,F1,Accuracy,BDeu,BIC
0,<cdt.causality.graph.PC.PC object at 0x0000025985368040>,1.9784886837005615,6.0,18.0,0.5989583333333334,0.7988505747126435,0.5714285714285715,0.90625,-13677.116111358882,-13864.929682493357
1,<cdt.causality.graph.GES.GES object at 0x0000025985353F10>,0.7880783081054688,4.0,6.0,0.7369791666666667,0.8908045977011495,0.7142857142857143,0.9375,-21027.353376560273,-21678.139069237215
2,<cdt.causality.graph.CCDr.CCDr object at 0x000002598535BD30>,1.2861168384552002,4.0,6.0,0.6979166666666667,0.6666666666666666,0.5,0.9375,-40245.56747038309,-40297.55282305404
3,<cdt.causality.graph.bnlearn.GS object at 0x000002598535BD60>,0.46880078315734863,4.0,6.0,0.8,0.9655172413793103,0.7499999999999999,0.9375,-14067.662281953857,-16267.434524652457
4,<cdt.causality.graph.bnlearn.MMPC object at 0x000002599E0722E0>,0.45510101318359375,10.0,24.0,0.6875,0.9137931034482758,0.5454545454545454,0.84375,-7671.00759385964,-10760.65592440624
5,<cdt.causality.graph.bnlearn.IAMB object at 0x000002599BDBC2E0>,0.4751930236816406,4.0,6.0,0.8,0.9655172413793103,0.7499999999999999,0.9375,-14067.662281953857,-16267.434524652457
6,<cdt.causality.graph.bnlearn.Fast_IAMB object at 0x000002599BDBC2B0>,0.46142101287841797,4.0,6.0,0.8,0.9655172413793103,0.7499999999999999,0.9375,-14067.662281953857,-16267.434524652457
7,<cdt.causality.graph.bnlearn.Inter_IAMB object at 0x000002599E462A60>,0.46665143966674805,4.0,6.0,0.8,0.9655172413793103,0.7499999999999999,0.9375,-14067.662281953857,-16267.434524652457
