,Algorithm,Duration,SHD,SID,PR AUC,ROC AUC,F1,Accuracy,BDeu,BIC
0,<cdt.causality.graph.PC.PC object at 0x0000025985368040>,1.962573528289795,6.0,18.0,0.5989583333333334,0.7988505747126435,0.5714285714285715,0.90625,-13746.29093984946,-13934.133170754943
1,<cdt.causality.graph.GES.GES object at 0x0000025985353F10>,0.791529655456543,8.0,8.0,0.4609375,0.7068965517241379,0.42857142857142855,0.875,-21024.240719724763,-21675.033878540733
2,<cdt.causality.graph.CCDr.CCDr object at 0x000002598535BD30>,1.2788593769073486,4.0,6.0,0.6979166666666667,0.6666666666666666,0.5,0.9375,-40150.46054814174,-40202.422900523925
3,<cdt.causality.graph.bnlearn.GS object at 0x000002598535BD60>,0.5122935771942139,4.0,6.0,0.8,0.9655172413793103,0.7499999999999999,0.9375,-14065.357475990015,-16265.134248247972
4,<cdt.causality.graph.bnlearn.MMPC object at 0x000002599E0722E0>,0.4545876979827881,10.0,24.0,0.6875,0.9137931034482758,0.5454545454545454,0.84375,-7749.046722801862,-10838.781874331691
5,<cdt.causality.graph.bnlearn.IAMB object at 0x000002599BDBC2E0>,0.4810943603515625,4.0,6.0,0.8,0.9655172413793103,0.7499999999999999,0.9375,-14065.357475990015,-16265.134248247972
6,<cdt.causality.graph.bnlearn.Fast_IAMB object at 0x000002599BDBC2B0>,0.4700002670288086,4.0,6.0,0.8,0.9655172413793103,0.7499999999999999,0.9375,-14065.357475990015,-16265.134248247972
7,<cdt.causality.graph.bnlearn.Inter_IAMB object at 0x000002599E462A60>,0.46343350410461426,4.0,6.0,0.8,0.9655172413793103,0.7499999999999999,0.9375,-14065.357475990015,-16265.134248247972
