,Algorithm,Duration,SHD,SID,PR AUC,ROC AUC,F1,Accuracy,BDeu,BIC
0,<cdt.causality.graph.PC.PC object at 0x0000025985368040>,1.958378553390503,6.0,18.0,0.5989583333333334,0.7988505747126435,0.5714285714285715,0.90625,-13751.150210432213,-13938.9333103319
1,<cdt.causality.graph.GES.GES object at 0x0000025985353F10>,0.7830874919891357,8.0,14.0,0.6328125,0.8563218390804599,0.5555555555555556,0.875,-17323.392136694976,-19152.48627974111
2,<cdt.causality.graph.CCDr.CCDr object at 0x000002598535BD30>,1.2799992561340332,4.0,6.0,0.6979166666666667,0.6666666666666666,0.5,0.9375,-40216.837581343796,-40268.82698989766
3,<cdt.causality.graph.bnlearn.GS object at 0x000002598535BD60>,0.4669990539550781,11.0,15.0,0.6764705882352942,0.9051724137931034,0.5217391304347826,0.828125,-10361.715637961106,-15480.781939556811
4,<cdt.causality.graph.bnlearn.MMPC object at 0x000002599E0722E0>,0.4509735107421875,14.0,24.0,0.65,0.8793103448275862,0.4615384615384615,0.78125,-7202.237293773352,-12766.29708739153
5,<cdt.causality.graph.bnlearn.IAMB object at 0x000002599BDBC2E0>,0.46802210807800293,11.0,15.0,0.6764705882352942,0.9051724137931034,0.5217391304347826,0.828125,-10361.715637961106,-15480.781939556811
6,<cdt.causality.graph.bnlearn.Fast_IAMB object at 0x000002599BDBC2B0>,0.46671581268310547,11.0,15.0,0.6764705882352942,0.9051724137931034,0.5217391304347826,0.828125,-10361.715637961106,-15480.781939556811
7,<cdt.causality.graph.bnlearn.Inter_IAMB object at 0x000002599E462A60>,0.46906065940856934,11.0,15.0,0.6764705882352942,0.9051724137931034,0.5217391304347826,0.828125,-10361.715637961106,-15480.781939556811
