,Algorithm,Duration,SHD,SID,PR AUC,ROC AUC,F1,Accuracy,BDeu,BIC
0,<cdt.causality.graph.PC.PC object at 0x0000025A95048040>,8.158183336257935,18.0,66.0,0.5138888888888888,0.7352941176470588,0.5,0.9444444444444444,-84101.6222536694,-84589.66245621255
1,<cdt.causality.graph.GES.GES object at 0x0000025AAE10FFD0>,0.9070022106170654,14.0,11.0,0.7097578347578347,0.8986928104575165,0.6818181818181818,0.9567901234567902,-118328.37936859645,-141931.69772107492
2,<cdt.causality.graph.CCDr.CCDr object at 0x0000025A95033F10>,2.2622742652893066,15.0,27.0,0.6064814814814815,0.5833333333333334,0.2857142857142857,0.9537037037037037,-186027.64102186717,-186117.3476547218
3,<cdt.causality.graph.bnlearn.GS object at 0x0000025A95039790>,1.191002368927002,21.0,24.0,0.7307692307692308,0.9656862745098039,0.631578947368421,0.9351851851851852,-76549.22158522902,-156864.9363239942
4,<cdt.causality.graph.bnlearn.MMPC object at 0x0000025AAE357310>,0.9350740909576416,42.0,90.0,0.65,0.9313725490196079,0.4615384615384615,0.8703703703703703,-52306.11325133251,-179302.91592200694
5,<cdt.causality.graph.bnlearn.IAMB object at 0x0000025A9503BD60>,1.316542625427246,21.0,24.0,0.7307692307692308,0.9656862745098039,0.631578947368421,0.9351851851851852,-76549.22158522902,-156864.9363239942
6,<cdt.causality.graph.bnlearn.Fast_IAMB object at 0x0000025A9503BD30>,1.0049993991851807,21.0,24.0,0.7307692307692308,0.9656862745098039,0.631578947368421,0.9351851851851852,-76549.22158522902,-156864.9363239942
7,<cdt.causality.graph.bnlearn.Inter_IAMB object at 0x0000025A9503BF40>,1.0541093349456787,21.0,24.0,0.7307692307692308,0.9656862745098039,0.631578947368421,0.9351851851851852,-76549.22158522902,-156864.9363239942
