,Algorithm,Duration,SHD,SID,PR AUC,ROC AUC,F1,Accuracy,BDeu,BIC
0,<cdt.causality.graph.PC.PC object at 0x0000025A95048040>,8.810904502868652,18.0,66.0,0.5138888888888888,0.7352941176470588,0.5,0.9444444444444444,-84483.65641947971,-84971.49240649311
1,<cdt.causality.graph.GES.GES object at 0x0000025AAE10FFD0>,0.8561763763427734,18.0,18.0,0.5925925925925926,0.8137254901960783,0.5714285714285715,0.9444444444444444,-111627.25997499363,-130121.83759288353
2,<cdt.causality.graph.CCDr.CCDr object at 0x0000025A95033F10>,2.432100534439087,15.0,27.0,0.6064814814814815,0.5833333333333334,0.2857142857142857,0.9537037037037037,-185858.05979574856,-185947.8467336499
3,<cdt.causality.graph.bnlearn.GS object at 0x0000025A95039790>,1.2561442852020264,23.0,24.0,0.7195121951219512,0.9624183006535948,0.6101694915254238,0.9290123456790124,-76458.60936019261,-154084.54945931624
4,<cdt.causality.graph.bnlearn.MMPC object at 0x0000025AAE357310>,0.9481947422027588,44.0,90.0,0.6451612903225806,0.9281045751633987,0.45000000000000007,0.8641975308641975,-52879.79969028411,-172383.98901397368
5,<cdt.causality.graph.bnlearn.IAMB object at 0x0000025A9503BD60>,1.1073718070983887,23.0,24.0,0.7195121951219512,0.9624183006535948,0.6101694915254238,0.9290123456790124,-76458.60936019261,-154084.54945931624
6,<cdt.causality.graph.bnlearn.Fast_IAMB object at 0x0000025A9503BD30>,1.056699514389038,23.0,24.0,0.7195121951219512,0.9624183006535948,0.6101694915254238,0.9290123456790124,-76458.60936019261,-154084.54945931624
7,<cdt.causality.graph.bnlearn.Inter_IAMB object at 0x0000025A9503BF40>,1.1351065635681152,23.0,24.0,0.7195121951219512,0.9624183006535948,0.6101694915254238,0.9290123456790124,-76458.60936019261,-154084.54945931624
