,Algorithm,Duration,SHD,SID,PR AUC,ROC AUC,F1,Accuracy,BDeu,BIC
0,<cdt.causality.graph.PC.PC object at 0x000001D14DE08040>,8.168435096740723,18.0,66.0,0.5138888888888888,0.7352941176470588,0.5,0.9444444444444444,-84134.67980107186,-84622.49941257296
1,<cdt.causality.graph.GES.GES object at 0x000001D14DBE3F10>,0.8149981498718262,16.0,8.0,0.6891534391534391,0.8954248366013072,0.6521739130434783,0.9506172839506173,-125019.56917787032,-153731.65049255764
2,<cdt.causality.graph.CCDr.CCDr object at 0x000001D14DBEBD30>,2.357104778289795,15.0,27.0,0.6064814814814815,0.5833333333333334,0.2857142857142857,0.9537037037037037,-186116.76424897186,-186206.59579707537
3,<cdt.causality.graph.bnlearn.GS object at 0x000001D14DBEBD60>,1.2046048641204834,12.0,12.0,0.8,0.9803921568627452,0.7499999999999999,0.9629629629629629,-83853.75252838328,-157856.39821885212
4,<cdt.causality.graph.bnlearn.MMPC object at 0x000001D166922310>,0.9079978466033936,36.0,90.0,0.6666666666666666,0.9411764705882353,0.5,0.8888888888888888,-52972.81207871086,-149980.0818400056
5,<cdt.causality.graph.bnlearn.IAMB object at 0x000001D16488C310>,1.0726470947265625,12.0,12.0,0.8,0.9803921568627452,0.7499999999999999,0.9629629629629629,-83853.75252838328,-157856.39821885212
6,<cdt.causality.graph.bnlearn.Fast_IAMB object at 0x000001D16488C2E0>,1.0270013809204102,12.0,12.0,0.8,0.9803921568627452,0.7499999999999999,0.9629629629629629,-83853.75252838328,-157856.39821885212
7,<cdt.causality.graph.bnlearn.Inter_IAMB object at 0x000001D166CE2A90>,1.061551570892334,12.0,12.0,0.8,0.9803921568627452,0.7499999999999999,0.9629629629629629,-83853.75252838328,-157856.39821885212
