,Algorithm,Duration,SHD,SID,PR AUC,ROC AUC,F1,Accuracy,BDeu,BIC
0,<cdt.causality.graph.PC.PC object at 0x0000025A95048040>,8.589471340179443,18.0,66.0,0.5138888888888888,0.7352941176470588,0.5,0.9444444444444444,-84591.74240960991,-85079.66301040557
1,<cdt.causality.graph.GES.GES object at 0x0000025AAE10FFD0>,0.8909780979156494,20.0,15.0,0.5733618233618234,0.8104575163398693,0.5454545454545455,0.9382716049382716,-118361.15998036272,-141964.44360544317
2,<cdt.causality.graph.CCDr.CCDr object at 0x0000025A95033F10>,2.3127405643463135,15.0,27.0,0.6064814814814815,0.5833333333333334,0.2857142857142857,0.9537037037037037,-185668.73609894165,-185758.46128854732
3,<cdt.causality.graph.bnlearn.GS object at 0x0000025A95039790>,1.2410147190093994,14.0,12.0,0.78125,0.977124183006536,0.72,0.9567901234567902,-83907.8379400882,-157918.67698557564
4,<cdt.causality.graph.bnlearn.MMPC object at 0x0000025AAE357310>,0.9610216617584229,38.0,90.0,0.6607142857142857,0.9379084967320261,0.4864864864864865,0.8827160493827161,-53229.13809666584,-151370.59403589967
5,<cdt.causality.graph.bnlearn.IAMB object at 0x0000025A9503BD60>,1.0851390361785889,14.0,12.0,0.78125,0.977124183006536,0.72,0.9567901234567902,-83907.8379400882,-157918.67698557564
6,<cdt.causality.graph.bnlearn.Fast_IAMB object at 0x0000025A9503BD30>,1.053333044052124,14.0,12.0,0.78125,0.977124183006536,0.72,0.9567901234567902,-83907.8379400882,-157918.67698557564
7,<cdt.causality.graph.bnlearn.Inter_IAMB object at 0x0000025A9503BF40>,1.3470361232757568,14.0,12.0,0.78125,0.977124183006536,0.72,0.9567901234567902,-83907.8379400882,-157918.67698557564
