,Algorithm,Duration,SHD,SID,PR AUC,ROC AUC,F1,Accuracy,BDeu,BIC
0,<cdt.causality.graph.PC.PC object at 0x0000025A95048040>,8.24429726600647,18.0,66.0,0.5138888888888888,0.7352941176470588,0.5,0.9444444444444444,-84511.98210740776,-85000.2451608253
1,<cdt.causality.graph.GES.GES object at 0x0000025AAE10FFD0>,0.9194879531860352,12.0,11.0,0.7337962962962963,0.9019607843137255,0.7142857142857143,0.9629629629629629,-119573.5137509907,-138113.58948908647
2,<cdt.causality.graph.CCDr.CCDr object at 0x0000025A95033F10>,2.257852792739868,15.0,27.0,0.6064814814814815,0.5833333333333334,0.2857142857142857,0.9537037037037037,-185627.17984184643,-185716.7297300954
3,<cdt.causality.graph.bnlearn.GS object at 0x0000025A95039790>,1.1632750034332275,12.0,12.0,0.8,0.9803921568627452,0.7499999999999999,0.9629629629629629,-83853.75067387069,-157856.39233952778
4,<cdt.causality.graph.bnlearn.MMPC object at 0x0000025AAE357310>,0.920581579208374,36.0,90.0,0.6666666666666666,0.9411764705882353,0.5,0.8888888888888888,-53364.81457650344,-150372.46394382935
5,<cdt.causality.graph.bnlearn.IAMB object at 0x0000025A9503BD60>,1.0720100402832031,12.0,12.0,0.8,0.9803921568627452,0.7499999999999999,0.9629629629629629,-83853.75067387069,-157856.39233952778
6,<cdt.causality.graph.bnlearn.Fast_IAMB object at 0x0000025A9503BD30>,1.0563945770263672,12.0,12.0,0.8,0.9803921568627452,0.7499999999999999,0.9629629629629629,-83853.75067387069,-157856.39233952778
7,<cdt.causality.graph.bnlearn.Inter_IAMB object at 0x0000025A9503BF40>,1.1603693962097168,12.0,12.0,0.8,0.9803921568627452,0.7499999999999999,0.9629629629629629,-83853.75067387069,-157856.39233952778
