,Algorithm,Duration,SHD,SID,PR AUC,ROC AUC,F1,Accuracy,BDeu,BIC
0,<cdt.causality.graph.PC.PC object at 0x0000025A95048040>,8.446563243865967,18.0,66.0,0.5138888888888888,0.7352941176470588,0.5,0.9444444444444444,-84337.3695449921,-84825.24248027793
1,<cdt.causality.graph.GES.GES object at 0x0000025AAE10FFD0>,0.911015510559082,10.0,9.0,0.8006885090218423,0.957516339869281,0.7727272727272727,0.9691358024691358,-104489.65208212988,-127959.80244071521
2,<cdt.causality.graph.CCDr.CCDr object at 0x0000025A95033F10>,2.257671594619751,15.0,27.0,0.6064814814814815,0.5833333333333334,0.2857142857142857,0.9537037037037037,-185886.45429220694,-185976.2289108652
3,<cdt.causality.graph.bnlearn.GS object at 0x0000025A95039790>,1.2151076793670654,12.0,12.0,0.8,0.9803921568627452,0.7499999999999999,0.9629629629629629,-83856.01320051364,-157858.65417966858
4,<cdt.causality.graph.bnlearn.MMPC object at 0x0000025AAE357310>,0.8990006446838379,36.0,90.0,0.6666666666666666,0.9411764705882353,0.5,0.8888888888888888,-53243.281924526826,-150250.67639008258
5,<cdt.causality.graph.bnlearn.IAMB object at 0x0000025A9503BD60>,1.0491111278533936,12.0,12.0,0.8,0.9803921568627452,0.7499999999999999,0.9629629629629629,-83856.01320051364,-157858.65417966858
6,<cdt.causality.graph.bnlearn.Fast_IAMB object at 0x0000025A9503BD30>,1.0339574813842773,12.0,12.0,0.8,0.9803921568627452,0.7499999999999999,0.9629629629629629,-83856.01320051364,-157858.65417966858
7,<cdt.causality.graph.bnlearn.Inter_IAMB object at 0x0000025A9503BF40>,1.0718965530395508,12.0,12.0,0.8,0.9803921568627452,0.7499999999999999,0.9629629629629629,-83856.01320051364,-157858.65417966858
