,Algorithm,Duration,SHD,SID,PR AUC,ROC AUC,F1,Accuracy,BDeu,BIC
0,<cdt.causality.graph.PC.PC object at 0x0000025A95048040>,8.139407873153687,18.0,66.0,0.5138888888888888,0.7352941176470588,0.5,0.9444444444444444,-84642.91003238417,-85130.92115223315
1,<cdt.causality.graph.GES.GES object at 0x0000025AAE10FFD0>,0.8150908946990967,8.0,12.0,0.8279320987654322,0.9607843137254902,0.8095238095238096,0.9753086419753086,-97776.22264883966,-116137.65512335995
2,<cdt.causality.graph.CCDr.CCDr object at 0x0000025A95033F10>,2.232781410217285,15.0,27.0,0.6064814814814815,0.5833333333333334,0.2857142857142857,0.9537037037037037,-185539.45207589655,-185629.1143856445
3,<cdt.causality.graph.bnlearn.GS object at 0x0000025A95039790>,1.1819987297058105,12.0,12.0,0.8,0.9803921568627452,0.7499999999999999,0.9629629629629629,-83852.37615500056,-157855.0163884029
4,<cdt.causality.graph.bnlearn.MMPC object at 0x0000025AAE357310>,0.9130728244781494,36.0,90.0,0.6666666666666666,0.9411764705882353,0.5,0.8888888888888888,-53518.19756471146,-150525.5755237508
5,<cdt.causality.graph.bnlearn.IAMB object at 0x0000025A9503BD60>,1.0780014991760254,12.0,12.0,0.8,0.9803921568627452,0.7499999999999999,0.9629629629629629,-83852.37615500056,-157855.0163884029
6,<cdt.causality.graph.bnlearn.Fast_IAMB object at 0x0000025A9503BD30>,1.0220518112182617,12.0,12.0,0.8,0.9803921568627452,0.7499999999999999,0.9629629629629629,-83852.37615500056,-157855.0163884029
7,<cdt.causality.graph.bnlearn.Inter_IAMB object at 0x0000025A9503BF40>,1.09613037109375,12.0,12.0,0.8,0.9803921568627452,0.7499999999999999,0.9629629629629629,-83852.37615500056,-157855.0163884029
