,Algorithm,Duration,SHD,SID,PR AUC,ROC AUC,F1,Accuracy,BDeu,BIC
0,<cdt.causality.graph.PC.PC object at 0x0000025A95048040>,8.926559686660767,18.0,66.0,0.5138888888888888,0.7352941176470588,0.5,0.9444444444444444,-84715.4839540404,-85203.43916371875
1,<cdt.causality.graph.GES.GES object at 0x0000025AAE10FFD0>,0.9924337863922119,14.0,15.0,0.6867283950617284,0.8725490196078431,0.6666666666666666,0.9567901234567902,-111636.00089471735,-130130.57898999256
2,<cdt.causality.graph.CCDr.CCDr object at 0x0000025A95033F10>,2.64119291305542,15.0,27.0,0.6064814814814815,0.5833333333333334,0.2857142857142857,0.9537037037037037,-185636.94804481528,-185726.64106279842
3,<cdt.causality.graph.bnlearn.GS object at 0x0000025A95039790>,1.2891817092895508,19.0,24.0,0.7432432432432432,0.9689542483660131,0.6545454545454547,0.941358024691358,-76424.49861751952,-153589.44386529585
4,<cdt.causality.graph.bnlearn.MMPC object at 0x0000025AAE357310>,0.9822919368743896,40.0,90.0,0.6551724137931034,0.934640522875817,0.4736842105263158,0.8765432098765432,-52789.77755224657,-163200.1386019528
5,<cdt.causality.graph.bnlearn.IAMB object at 0x0000025A9503BD60>,1.0933330059051514,19.0,24.0,0.7432432432432432,0.9689542483660131,0.6545454545454547,0.941358024691358,-76424.49861751952,-153589.44386529585
6,<cdt.causality.graph.bnlearn.Fast_IAMB object at 0x0000025A9503BD30>,1.0370876789093018,19.0,24.0,0.7432432432432432,0.9689542483660131,0.6545454545454547,0.941358024691358,-76424.49861751952,-153589.44386529585
7,<cdt.causality.graph.bnlearn.Inter_IAMB object at 0x0000025A9503BF40>,1.0514585971832275,19.0,24.0,0.7432432432432432,0.9689542483660131,0.6545454545454547,0.941358024691358,-76424.49861751952,-153589.44386529585
