,Algorithm,Duration,SHD,SID,PR AUC,ROC AUC,F1,Accuracy,BDeu,BIC
0,<cdt.causality.graph.PC.PC object at 0x0000025A95048040>,8.216921091079712,18.0,66.0,0.5138888888888888,0.7352941176470588,0.5,0.9444444444444444,-84407.96562963827,-84896.11137606134
1,<cdt.causality.graph.GES.GES object at 0x0000025AAE10FFD0>,0.916576623916626,18.0,19.0,0.6188271604938271,0.8398692810457516,0.5909090909090908,0.9444444444444444,-97817.65734138018,-116335.48121728741
2,<cdt.causality.graph.CCDr.CCDr object at 0x0000025A95033F10>,2.363084316253662,15.0,27.0,0.6064814814814815,0.5833333333333334,0.2857142857142857,0.9537037037037037,-185576.0003186229,-185665.62477417605
3,<cdt.causality.graph.bnlearn.GS object at 0x0000025A95039790>,1.2046589851379395,12.0,12.0,0.8,0.9803921568627452,0.7499999999999999,0.9629629629629629,-83853.44357703472,-157856.08464081556
4,<cdt.causality.graph.bnlearn.MMPC object at 0x0000025AAE357310>,0.9900379180908203,36.0,90.0,0.6666666666666666,0.9411764705882353,0.5,0.8888888888888888,-53390.79326813989,-150398.31389984005
5,<cdt.causality.graph.bnlearn.IAMB object at 0x0000025A9503BD60>,1.0512199401855469,12.0,12.0,0.8,0.9803921568627452,0.7499999999999999,0.9629629629629629,-83853.44357703472,-157856.08464081556
6,<cdt.causality.graph.bnlearn.Fast_IAMB object at 0x0000025A9503BD30>,1.0780577659606934,12.0,12.0,0.8,0.9803921568627452,0.7499999999999999,0.9629629629629629,-83853.44357703472,-157856.08464081556
7,<cdt.causality.graph.bnlearn.Inter_IAMB object at 0x0000025A9503BF40>,1.132643222808838,12.0,12.0,0.8,0.9803921568627452,0.7499999999999999,0.9629629629629629,-83853.44357703472,-157856.08464081556
