,Algorithm,Duration,SHD,SID,PR AUC,ROC AUC,F1,Accuracy,BDeu,BIC
0,<cdt.causality.graph.PC.PC object at 0x000001D14DE08040>,7.758619546890259,18.0,66.0,0.5138888888888888,0.7352941176470588,0.5,0.9444444444444444,-84217.7165676816,-84705.91594500137
1,<cdt.causality.graph.GES.GES object at 0x000001D14DBE3F10>,0.8851354122161865,10.0,14.0,0.7808641975308641,0.9313725490196079,0.761904761904762,0.9691358024691358,-83926.7294502674,-102155.01491818903
2,<cdt.causality.graph.CCDr.CCDr object at 0x000001D14DBEBD30>,2.1977598667144775,15.0,27.0,0.6064814814814815,0.5833333333333334,0.2857142857142857,0.9537037037037037,-185557.01390641686,-185646.61863546583
3,<cdt.causality.graph.bnlearn.GS object at 0x000001D14DBEBD60>,1.156073808670044,12.0,12.0,0.8,0.9803921568627452,0.7499999999999999,0.9629629629629629,-83856.51305262478,-157859.15348790097
4,<cdt.causality.graph.bnlearn.MMPC object at 0x000001D166922310>,0.9230923652648926,36.0,90.0,0.6666666666666666,0.9411764705882353,0.5,0.8888888888888888,-53313.37315259294,-150320.88365523296
5,<cdt.causality.graph.bnlearn.IAMB object at 0x000001D16488C310>,1.078962802886963,12.0,12.0,0.8,0.9803921568627452,0.7499999999999999,0.9629629629629629,-83856.51305262478,-157859.15348790097
6,<cdt.causality.graph.bnlearn.Fast_IAMB object at 0x000001D16488C2E0>,1.0336742401123047,12.0,12.0,0.8,0.9803921568627452,0.7499999999999999,0.9629629629629629,-83856.51305262478,-157859.15348790097
7,<cdt.causality.graph.bnlearn.Inter_IAMB object at 0x000001D166CE2A90>,1.0904018878936768,12.0,12.0,0.8,0.9803921568627452,0.7499999999999999,0.9629629629629629,-83856.51305262478,-157859.15348790097
