,Algorithm,Duration,SHD,SID,PR AUC,ROC AUC,F1,Accuracy,BDeu,BIC
0,<cdt.causality.graph.PC.PC object at 0x0000023D20E18040>,2.9323041439056396,12.0,36.0,0.5911458333333334,0.8169398907103824,0.5714285714285715,0.953125,-11298.073240217234,-11635.234075353812
1,<cdt.causality.graph.GES.GES object at 0x0000023D39B422E0>,0.7849986553192139,18.0,16.0,0.42838541666666663,0.7254098360655737,0.4,0.9296875,-22565.876338281978,-25424.90463968744
2,<cdt.causality.graph.CCDr.CCDr object at 0x0000023D20E0BD60>,1.400064468383789,8.0,12.0,0.6822916666666667,0.6666666666666666,0.5,0.96875,-32258.97965532433,-32354.617376774015
3,<cdt.causality.graph.bnlearn.GS object at 0x0000023D20E0BD30>,0.44972991943359375,8.0,12.0,0.8,0.9836065573770492,0.7499999999999999,0.96875,-11469.47515173996,-15387.053994499776
4,<cdt.causality.graph.bnlearn.MMPC object at 0x0000023D20E03FA0>,0.42656564712524414,20.0,48.0,0.6875,0.959016393442623,0.5454545454545454,0.921875,-6464.87825739202,-11961.715086188116
5,<cdt.causality.graph.bnlearn.IAMB object at 0x0000023D37A8C2B0>,0.455045223236084,8.0,12.0,0.8,0.9836065573770492,0.7499999999999999,0.96875,-11469.47515173996,-15387.053994499776
6,<cdt.causality.graph.bnlearn.Fast_IAMB object at 0x0000023D37A8C2E0>,0.4391820430755615,8.0,12.0,0.8,0.9836065573770492,0.7499999999999999,0.96875,-11469.47515173996,-15387.053994499776
7,<cdt.causality.graph.bnlearn.Inter_IAMB object at 0x0000023D39F22A60>,0.45106983184814453,8.0,12.0,0.8,0.9836065573770492,0.7499999999999999,0.96875,-11469.47515173996,-15387.053994499776
