,Algorithm,Duration,SHD,SID,PR AUC,ROC AUC,F1,Accuracy,BDeu,BIC
0,<cdt.causality.graph.PC.PC object at 0x0000023D20E18040>,2.465068817138672,12.0,36.0,0.5911458333333334,0.8169398907103824,0.5714285714285715,0.953125,-11237.741137300583,-11574.754039799669
1,<cdt.causality.graph.GES.GES object at 0x0000023D39B422E0>,0.7829961776733398,12.0,11.0,0.5911458333333334,0.8169398907103824,0.5714285714285715,0.953125,-21374.165166548806,-22673.542820903174
2,<cdt.causality.graph.CCDr.CCDr object at 0x0000023D20E0BD60>,1.4180457592010498,8.0,12.0,0.6822916666666667,0.6666666666666666,0.5,0.96875,-32348.651718213197,-32444.40443564147
3,<cdt.causality.graph.bnlearn.GS object at 0x0000023D20E0BD30>,0.4609982967376709,8.0,12.0,0.8,0.9836065573770492,0.7499999999999999,0.96875,-11471.619033682276,-15389.215406365716
4,<cdt.causality.graph.bnlearn.MMPC object at 0x0000023D20E03FA0>,0.43407416343688965,20.0,48.0,0.6875,0.959016393442623,0.5454545454545454,0.921875,-6390.3554228486155,-11886.978144794968
5,<cdt.causality.graph.bnlearn.IAMB object at 0x0000023D37A8C2B0>,0.4499979019165039,8.0,12.0,0.8,0.9836065573770492,0.7499999999999999,0.96875,-11471.619033682276,-15389.215406365716
6,<cdt.causality.graph.bnlearn.Fast_IAMB object at 0x0000023D37A8C2E0>,0.4410121440887451,8.0,12.0,0.8,0.9836065573770492,0.7499999999999999,0.96875,-11471.619033682276,-15389.215406365716
7,<cdt.causality.graph.bnlearn.Inter_IAMB object at 0x0000023D39F22A60>,0.45470643043518066,8.0,12.0,0.8,0.9836065573770492,0.7499999999999999,0.96875,-11471.619033682276,-15389.215406365716
