,Algorithm,Duration,SHD,SID,PR AUC,ROC AUC,F1,Accuracy,BDeu,BIC
0,<cdt.causality.graph.PC.PC object at 0x0000023D20E18040>,2.5200424194335938,12.0,36.0,0.5911458333333334,0.8169398907103824,0.5714285714285715,0.953125,-11052.191707776432,-11389.331347397154
1,<cdt.causality.graph.GES.GES object at 0x0000023D39B422E0>,0.7849984169006348,8.0,13.0,0.7330729166666667,0.9043715846994536,0.7142857142857143,0.96875,-14294.794065218453,-15340.643587531045
2,<cdt.causality.graph.CCDr.CCDr object at 0x0000023D20E0BD60>,1.403090238571167,8.0,12.0,0.6822916666666667,0.6666666666666666,0.5,0.96875,-32421.63964851419,-32517.416474455084
3,<cdt.causality.graph.bnlearn.GS object at 0x0000023D20E0BD30>,0.45400309562683105,8.0,12.0,0.8,0.9836065573770492,0.7499999999999999,0.96875,-11468.093373451138,-15385.684454529712
4,<cdt.causality.graph.bnlearn.MMPC object at 0x0000023D20E03FA0>,0.45205116271972656,24.0,48.0,0.6666666666666666,0.9508196721311475,0.5,0.90625,-6389.705310814728,-13971.28981634979
5,<cdt.causality.graph.bnlearn.IAMB object at 0x0000023D37A8C2B0>,0.4452395439147949,8.0,12.0,0.8,0.9836065573770492,0.7499999999999999,0.96875,-11468.093373451138,-15385.684454529712
6,<cdt.causality.graph.bnlearn.Fast_IAMB object at 0x0000023D37A8C2E0>,0.44176459312438965,8.0,12.0,0.8,0.9836065573770492,0.7499999999999999,0.96875,-11468.093373451138,-15385.684454529712
7,<cdt.causality.graph.bnlearn.Inter_IAMB object at 0x0000023D39F22A60>,0.4590015411376953,8.0,12.0,0.8,0.9836065573770492,0.7499999999999999,0.96875,-11468.093373451138,-15385.684454529712
