,Algorithm,Duration,SHD,SID,PR AUC,ROC AUC,F1,Accuracy,BDeu,BIC
0,<cdt.causality.graph.PC.PC object at 0x0000023D20E18040>,2.474320411682129,12.0,36.0,0.5911458333333334,0.8169398907103824,0.5714285714285715,0.953125,-11108.59809080231,-11445.78167034682
1,<cdt.causality.graph.GES.GES object at 0x0000023D39B422E0>,0.7839999198913574,12.0,11.0,0.5911458333333334,0.8169398907103824,0.5714285714285715,0.953125,-21421.40145282167,-22720.7346808355
2,<cdt.causality.graph.CCDr.CCDr object at 0x0000023D20E0BD60>,1.4120151996612549,8.0,12.0,0.6822916666666667,0.6666666666666666,0.5,0.96875,-32369.19990175155,-32464.91064304212
3,<cdt.causality.graph.bnlearn.GS object at 0x0000023D20E0BD30>,0.49501729011535645,8.0,12.0,0.8,0.9836065573770492,0.7499999999999999,0.96875,-11467.870572329546,-15385.451998249653
4,<cdt.causality.graph.bnlearn.MMPC object at 0x0000023D20E03FA0>,0.4299967288970947,20.0,48.0,0.6875,0.959016393442623,0.5454545454545454,0.921875,-6313.427311007643,-11810.028524310237
5,<cdt.causality.graph.bnlearn.IAMB object at 0x0000023D37A8C2B0>,0.45296335220336914,8.0,12.0,0.8,0.9836065573770492,0.7499999999999999,0.96875,-11467.870572329546,-15385.451998249653
6,<cdt.causality.graph.bnlearn.Fast_IAMB object at 0x0000023D37A8C2E0>,0.45029234886169434,8.0,12.0,0.8,0.9836065573770492,0.7499999999999999,0.96875,-11467.870572329546,-15385.451998249653
7,<cdt.causality.graph.bnlearn.Inter_IAMB object at 0x0000023D39F22A60>,0.45542001724243164,8.0,12.0,0.8,0.9836065573770492,0.7499999999999999,0.96875,-11467.870572329546,-15385.451998249653
