,Algorithm,Duration,SHD,SID,PR AUC,ROC AUC,F1,Accuracy,BDeu,BIC
0,<cdt.causality.graph.PC.PC object at 0x0000023D20E18040>,2.49735164642334,12.0,36.0,0.5911458333333334,0.8169398907103824,0.5714285714285715,0.953125,-11129.840338909677,-11466.8932289432
1,<cdt.causality.graph.GES.GES object at 0x0000023D39B422E0>,0.7852773666381836,14.0,12.0,0.5201822916666667,0.7732240437158471,0.5,0.9453125,-21409.244981752505,-22708.569933510928
2,<cdt.causality.graph.CCDr.CCDr object at 0x0000023D20E0BD60>,1.4130234718322754,8.0,12.0,0.6822916666666667,0.6666666666666666,0.5,0.96875,-32403.797687500064,-32499.57435602274
3,<cdt.causality.graph.bnlearn.GS object at 0x0000023D20E0BD30>,0.4512360095977783,8.0,12.0,0.8,0.9836065573770492,0.7499999999999999,0.96875,-11467.45816369113,-15385.0342156216
4,<cdt.causality.graph.bnlearn.MMPC object at 0x0000023D20E03FA0>,0.44100165367126465,20.0,48.0,0.6875,0.959016393442623,0.5454545454545454,0.921875,-6306.691048018957,-11803.183218569693
5,<cdt.causality.graph.bnlearn.IAMB object at 0x0000023D37A8C2B0>,0.46928954124450684,8.0,12.0,0.8,0.9836065573770492,0.7499999999999999,0.96875,-11467.45816369113,-15385.0342156216
6,<cdt.causality.graph.bnlearn.Fast_IAMB object at 0x0000023D37A8C2E0>,0.45051074028015137,8.0,12.0,0.8,0.9836065573770492,0.7499999999999999,0.96875,-11467.45816369113,-15385.0342156216
7,<cdt.causality.graph.bnlearn.Inter_IAMB object at 0x0000023D39F22A60>,0.45386576652526855,8.0,12.0,0.8,0.9836065573770492,0.7499999999999999,0.96875,-11467.45816369113,-15385.0342156216
