,Algorithm,Duration,SHD,SID,PR AUC,ROC AUC,F1,Accuracy,BDeu,BIC
0,<cdt.causality.graph.PC.PC object at 0x0000023D20E18040>,2.5089409351348877,12.0,36.0,0.5911458333333334,0.8169398907103824,0.5714285714285715,0.953125,-11032.434540878241,-11369.754166213712
1,<cdt.causality.graph.GES.GES object at 0x0000023D39B422E0>,0.7973442077636719,9.0,11.0,0.7146905637254903,0.9023224043715848,0.6896551724137931,0.96484375,-16080.117447848652,-17882.18113931486
2,<cdt.causality.graph.CCDr.CCDr object at 0x0000023D20E0BD60>,1.412100076675415,8.0,12.0,0.6822916666666667,0.6666666666666666,0.5,0.96875,-32337.24575555137,-32432.940500423763
3,<cdt.causality.graph.bnlearn.GS object at 0x0000023D20E0BD30>,0.4590013027191162,8.0,12.0,0.8,0.9836065573770492,0.7499999999999999,0.96875,-11465.778182091586,-15383.35162065689
4,<cdt.causality.graph.bnlearn.MMPC object at 0x0000023D20E03FA0>,0.4500892162322998,20.0,48.0,0.6875,0.959016393442623,0.5454545454545454,0.921875,-6289.63625226446,-11786.374269586517
5,<cdt.causality.graph.bnlearn.IAMB object at 0x0000023D37A8C2B0>,0.45032167434692383,8.0,12.0,0.8,0.9836065573770492,0.7499999999999999,0.96875,-11465.778182091586,-15383.35162065689
6,<cdt.causality.graph.bnlearn.Fast_IAMB object at 0x0000023D37A8C2E0>,0.4445831775665283,8.0,12.0,0.8,0.9836065573770492,0.7499999999999999,0.96875,-11465.778182091586,-15383.35162065689
7,<cdt.causality.graph.bnlearn.Inter_IAMB object at 0x0000023D39F22A60>,0.4577164649963379,8.0,12.0,0.8,0.9836065573770492,0.7499999999999999,0.96875,-11465.778182091586,-15383.35162065689
