,Algorithm,Duration,SHD,SID,PR AUC,ROC AUC,F1,Accuracy,BDeu,BIC
0,<cdt.causality.graph.PC.PC object at 0x0000023D20E18040>,2.4511125087738037,12.0,36.0,0.5911458333333334,0.8169398907103824,0.5714285714285715,0.953125,-10916.088322517944,-11253.294946232065
1,<cdt.causality.graph.GES.GES object at 0x0000023D39B422E0>,0.7810225486755371,10.0,9.0,0.662109375,0.8606557377049181,0.6428571428571429,0.9609375,-20226.86817360635,-21456.328549671496
2,<cdt.causality.graph.CCDr.CCDr object at 0x0000023D20E0BD60>,1.410935401916504,8.0,12.0,0.6822916666666667,0.6666666666666666,0.5,0.96875,-32441.589172506505,-32537.413114050767
3,<cdt.causality.graph.bnlearn.GS object at 0x0000023D20E0BD30>,0.4573938846588135,8.0,12.0,0.8,0.9836065573770492,0.7499999999999999,0.96875,-11469.257112652984,-15386.877248813804
4,<cdt.causality.graph.bnlearn.MMPC object at 0x0000023D20E03FA0>,0.43000030517578125,20.0,48.0,0.6875,0.959016393442623,0.5454545454545454,0.921875,-6178.326538790467,-11674.725019875206
5,<cdt.causality.graph.bnlearn.IAMB object at 0x0000023D37A8C2B0>,0.4455907344818115,8.0,12.0,0.8,0.9836065573770492,0.7499999999999999,0.96875,-11469.257112652984,-15386.877248813804
6,<cdt.causality.graph.bnlearn.Fast_IAMB object at 0x0000023D37A8C2E0>,0.47300028800964355,8.0,12.0,0.8,0.9836065573770492,0.7499999999999999,0.96875,-11469.257112652984,-15386.877248813804
7,<cdt.causality.graph.bnlearn.Inter_IAMB object at 0x0000023D39F22A60>,0.47803306579589844,8.0,12.0,0.8,0.9836065573770492,0.7499999999999999,0.96875,-11469.257112652984,-15386.877248813804
