,Algorithm,Duration,SHD,SID,PR AUC,ROC AUC,F1,Accuracy,BDeu,BIC
0,<cdt.causality.graph.PC.PC object at 0x0000023D20E18040>,2.495419979095459,12.0,36.0,0.5911458333333334,0.8169398907103824,0.5714285714285715,0.953125,-11030.954046547726,-11368.146685627127
1,<cdt.causality.graph.GES.GES object at 0x0000023D39B422E0>,0.809438943862915,12.0,8.0,0.630859375,0.8565573770491803,0.6,0.953125,-23049.437495357506,-24394.84550221667
2,<cdt.causality.graph.CCDr.CCDr object at 0x0000023D20E0BD60>,1.4161977767944336,8.0,12.0,0.6822916666666667,0.6666666666666666,0.5,0.96875,-32403.591918661772,-32499.36039394659
3,<cdt.causality.graph.bnlearn.GS object at 0x0000023D20E0BD30>,0.46500062942504883,16.0,12.0,0.7142857142857143,0.9672131147540984,0.6,0.9375,-11692.657408780979,-17082.400735369454
4,<cdt.causality.graph.bnlearn.MMPC object at 0x0000023D20E03FA0>,0.43519139289855957,28.0,48.0,0.65,0.9426229508196721,0.4615384615384615,0.890625,-6772.323007981581,-20294.606122038662
5,<cdt.causality.graph.bnlearn.IAMB object at 0x0000023D37A8C2B0>,0.4569697380065918,16.0,12.0,0.7142857142857143,0.9672131147540984,0.6,0.9375,-11692.657408780979,-17082.400735369454
6,<cdt.causality.graph.bnlearn.Fast_IAMB object at 0x0000023D37A8C2E0>,0.4497358798980713,16.0,12.0,0.7142857142857143,0.9672131147540984,0.6,0.9375,-11692.657408780979,-17082.400735369454
7,<cdt.causality.graph.bnlearn.Inter_IAMB object at 0x0000023D39F22A60>,0.4522526264190674,16.0,12.0,0.7142857142857143,0.9672131147540984,0.6,0.9375,-11692.657408780979,-17082.400735369454
