,Algorithm,Duration,SHD,SID,PR AUC,ROC AUC,F1,Accuracy,BDeu,BIC
0,<cdt.causality.graph.PC.PC object at 0x0000028CABEC8040>,2.898460626602173,12.0,36.0,0.5911458333333334,0.8169398907103824,0.5714285714285715,0.953125,-11136.358921378049,-11473.230841554407
1,<cdt.causality.graph.GES.GES object at 0x0000028CC4E02310>,0.7975313663482666,16.0,13.0,0.44921875,0.7295081967213114,0.42857142857142855,0.9375,-21394.812164519008,-22694.169312460777
2,<cdt.causality.graph.CCDr.CCDr object at 0x0000028CABEBBD60>,1.4938411712646484,8.0,12.0,0.6822916666666667,0.6666666666666666,0.5,0.96875,-32441.53473857273,-32537.409497252294
3,<cdt.causality.graph.bnlearn.GS object at 0x0000028CABEBBD30>,0.45583581924438477,8.0,12.0,0.8,0.9836065573770492,0.7499999999999999,0.96875,-11463.563238324667,-15381.13305595271
4,<cdt.causality.graph.bnlearn.MMPC object at 0x0000028CABEB3FA0>,0.43307042121887207,20.0,48.0,0.6875,0.959016393442623,0.5454545454545454,0.921875,-6287.328217613713,-11783.671670033793
5,<cdt.causality.graph.bnlearn.IAMB object at 0x0000028CC2B2C2E0>,0.44440507888793945,8.0,12.0,0.8,0.9836065573770492,0.7499999999999999,0.96875,-11463.563238324667,-15381.13305595271
6,<cdt.causality.graph.bnlearn.Fast_IAMB object at 0x0000028CC2B2C310>,0.4410393238067627,8.0,12.0,0.8,0.9836065573770492,0.7499999999999999,0.96875,-11463.563238324667,-15381.13305595271
7,<cdt.causality.graph.bnlearn.Inter_IAMB object at 0x0000028CC4FA2A90>,0.4434676170349121,8.0,12.0,0.8,0.9836065573770492,0.7499999999999999,0.96875,-11463.563238324667,-15381.13305595271
